global/q_lv_init,aortic_root/C,global/E_lv_A,global/E_lv_B,feature_0,feature_1,feature_2,feature_3,feature_4,feature_5,feature_6
0.0002076171875,2.5404296874999995e-08,371093750.0,15451171.875,8.010326030079473e-05,0.0004970743301280126,8.851737964684762e-05,9707.005489389847,11274.456093599953,8384.25627515711,81.68373111712019
0.0012130859375,2.5404296874999995e-08,371093750.0,15451171.875,0.0001208780337762088,0.0006496939234558602,0.00012851705329886592,14701.419849064912,16948.584311762814,12760.808108331616,46.488999284178
0.0002076171875,6.263671874999999e-09,371093750.0,15451171.875,7.55838061525258e-05,0.0004050333725701664,8.473855441869452e-05,9168.915214525932,14871.211800097315,5786.01081672189,135.7596346625003
0.0002076171875,2.5404296874999995e-08,246093750.0,15451171.875,7.844154186058696e-05,0.00045378698766875816,8.651315241946957e-05,9515.541487461143,11074.116689246446,8241.651920054754,91.52122948645633
0.0002076171875,2.5404296874999995e-08,371093750.0,18513671.875,7.83186632174598e-05,0.00048746718052641283,8.681593718566654e-05,9508.367510674312,11040.142217190569,8212.297781398614,92.13860842812628
0.0002076171875,6.263671874999999e-09,246093750.0,18513671.875,7.119915985409664e-05,0.0003512052234716964,8.008644345833606e-05,8669.660830031506,14039.082199342347,5515.352964423789,165.36234297927166
0.0012130859375,2.5404296874999995e-08,246093750.0,18513671.875,0.0001155923861972052,0.0005822905844060711,0.0001226219504214707,14105.36643433803,16275.182679285324,12270.621117244833,23.74005706790905
0.0012130859375,6.263671874999999e-09,371093750.0,18513671.875,0.00011719674326857587,0.0005554271345058959,0.00012522326878126755,14282.109895679432,22543.769674381958,9124.930058412927,116.10748337949528
0.0012130859375,6.263671874999999e-09,246093750.0,15451171.875,0.00011657404279165486,0.0005167354695959541,0.00012403644103934063,14200.552929589372,22411.271112032253,9105.810233130534,110.73296840518313
0.0012130859375,6.263671874999999e-09,246093750.0,18513671.875,0.00011341598525470136,0.0005000619735433306,0.00012098810640361521,13846.979881861507,21810.992700432187,8894.374500541666,95.60992785239934
0.0008576171875,4.9904296875e-08,171093750.0,39951171.875,8.740754780077712e-05,0.000436636370502438,9.515012078668935e-05,10845.184742127336,11730.2965128132,10088.187485477893,47.55556255959957
0.0005630859375,4.9904296875e-08,171093750.0,39951171.875,7.867899956176135e-05,0.000407654539054929,8.669132792479386e-05,9739.858118897151,10548.061604238444,9054.83688984255,90.86664565524265
0.0008576171875,3.0763671875e-08,171093750.0,39951171.875,8.553208996698843e-05,0.00042793115730936344,9.355042882868622e-05,10596.50806988487,11957.418884785584,9444.76184339521,49.47241098119643
0.0008576171875,4.9904296875e-08,446093750.0,39951171.875,9.337286840869305e-05,0.0005416593268822406,0.00010145879964869724,11520.319145892103,12444.805459134332,10689.794033556738,31.185915531903504
0.0008576171875,4.9904296875e-08,171093750.0,43013671.875,8.583988577023411e-05,0.0004283920691083688,9.36958475636173e-05,10672.50289778461,11537.294054921704,9928.297708838225,53.42559453760005
0.0008576171875,3.0763671875e-08,446093750.0,43013671.875,9.035809646027011e-05,0.0005312100126171912,9.906478226946444e-05,11148.39546839743,12549.840289727723,9896.42922733458,31.488168556081785
0.0005630859375,4.9904296875e-08,446093750.0,43013671.875,8.266548192041529e-05,0.000498697624381781,9.114389454823515e-05,10194.499092706968,11028.250262032698,9453.311142460989,67.66103165695652
0.0005630859375,3.0763671875e-08,171093750.0,43013671.875,7.458937212934058e-05,0.0003862654561733393,8.317552267837148e-05,9244.738496494474,10451.702755766426,8235.709181469501,114.42495390196069
0.0005630859375,3.0763671875e-08,446093750.0,39951171.875,8.1881400955466e-05,0.0005012221380977391,9.072550774820315e-05,10071.180696478657,11360.99449046953,8929.657428991992,67.96793273332267
0.0005630859375,3.0763671875e-08,446093750.0,43013671.875,8.040363826106537e-05,0.0004934233450308552,8.936561640048664e-05,9905.887500744095,11174.86609817791,8780.49035022706,75.4925192857037
0.0011826171875,1.3154296875e-08,471093750.0,3201171.875,0.0001406602234821447,0.0007462155703614714,0.00014888059814555603,16853.807591968864,21839.277663753423,12996.450355633553,164.70366637143138
0.00023808593750000002,1.3154296875e-08,471093750.0,3201171.875,9.283830984373535e-05,0.0005616572131064623,0.00010201400750682305,11102.26245383374,14538.63858176016,8498.351115224174,29.253913215515432
0.0011826171875,4.3013671875e-08,471093750.0,3201171.875,0.00013681904073245592,0.0007502150974889591,0.00014422417840511667,16404.502006831193,17937.16212380006,15034.773676190536,168.5816241429643
0.0011826171875,1.3154296875e-08,146093750.0,3201171.875,0.00013061124187103352,0.0005829010060029101,0.00013667430653403843,15711.011517237446,20386.61441630455,12203.689066114282,76.46388807018185
0.0011826171875,1.3154296875e-08,471093750.0,30763671.875,0.00010849640918175006,0.0005922682268331275,0.00011722809109901877,13301.842589267844,17140.042574901916,10284.41291011403,8.41980043968976
0.0011826171875,4.3013671875e-08,146093750.0,30763671.875,0.00010097094795869866,0.00048023171375918545,0.00010852872455094308,12480.56946912837,13642.92571132102,11487.205599636949,18.543792057196548
0.00023808593750000002,1.3154296875e-08,146093750.0,30763671.875,6.423377353541661e-05,0.000326100691071216,7.314684377287512e-05,7907.163506554818,10386.087459891074,6131.657942703267,208.49570230461205
0.00023808593750000002,4.3013671875e-08,471093750.0,30763671.875,7.692815729531269e-05,0.0004939792860526191,8.537104925781069e-05,9396.563228350675,10303.626658121031,8593.804818956754,102.56442888148905
0.00023808593750000002,4.3013671875e-08,146093750.0,3201171.875,9.124408955979733e-05,0.00046694428517523543,9.819903593045773e-05,10940.234347097585,12026.42834886349,10033.871440781935,39.66534226975093
0.00023808593750000002,4.3013671875e-08,146093750.0,30763671.875,7.094200011982044e-05,0.00038204145216580817,7.927187635638653e-05,8715.835643736198,9593.925893989006,7998.926689288386,147.62338140047143
0.0005326171875,3.7654296875e-08,271093750.0,27701171.875,8.562098522052392e-05,0.000481388433201435,9.377565212025866e-05,10479.550896955378,11612.1855416658,9505.894465603396,53.2499257207869
0.0008880859375,3.7654296875e-08,271093750.0,27701171.875,9.797443300258619e-05,0.0005244366900555301,0.00010568951168642016,12014.245935556268,13282.154416290203,10909.800342428996,18.565089436563486
0.0005326171875,1.8513671874999997e-08,271093750.0,27701171.875,8.288161179832722e-05,0.00045954529314501586,9.164799507605314e-05,10144.377268754964,12336.790010811093,8385.309297857044,60.236494724781
0.0005326171875,3.7654296875e-08,346093750.0,27701171.875,8.684556158291186e-05,0.0005076642868794817,9.513158501488187e-05,10619.102648095222,11759.145115519023,9616.13445341658,48.58369038396968
0.0005326171875,3.7654296875e-08,271093750.0,6263671.875,0.00010047953491959317,0.0005516617911869728,0.00010761815393569625,12119.131684517622,13450.039023289448,10978.551838598582,17.782509350252074
0.0005326171875,1.8513671874999997e-08,346093750.0,6263671.875,0.00010028410484802839,0.0005664210360806076,0.00010859846368634323,12084.924623632303,14710.631096111287,9958.691876968367,7.6299663537719145
0.0008880859375,3.7654296875e-08,346093750.0,6263671.875,0.0001164419795562515,0.0006345768482288284,0.00012366025920103189,14049.180882164876,15545.580509654157,12732.636474480221,39.9197840389116
0.0008880859375,1.8513671874999997e-08,271093750.0,6263671.875,0.00011478546109857605,0.0005929951383042305,0.00012193835288783413,13858.914106896782,16828.001161782624,11471.735061206899,13.829038481605068
0.0008880859375,1.8513671874999997e-08,346093750.0,27701171.875,9.79538484754707e-05,0.0005361378853191974,0.00010651132149218904,11990.685612111603,14509.28648233243,9916.74145053211,7.742870848787175
0.0008880859375,1.8513671874999997e-08,346093750.0,6263671.875,0.00011647989644472026,0.0006261515847066947,0.00012436056040810757,14048.941782841384,17047.710151224055,11597.365397701895,20.422095446328147
0.0006951171875,7.0292968749999995e-09,121093750.0,33826171.875,7.384770970385109e-05,0.0002861333459557693,8.24758818530168e-05,9159.225439088072,13912.338224159434,6161.7809856761305,143.24415100705872
0.0010505859375,7.0292968749999995e-09,121093750.0,33826171.875,8.596410385321321e-05,0.0003255974765134607,9.40974933649748e-05,10673.225840893529,16053.611125777394,7208.046641840627,76.04138166817717
0.0006951171875,1.2388671875e-08,121093750.0,33826171.875,7.65759755571127e-05,0.0003423125725119202,8.491489990387728e-05,9479.997029237393,12464.101257670576,7311.572096096787,103.4977326504336
0.0006951171875,7.0292968749999995e-09,196093750.0,33826171.875,7.923525823072269e-05,0.00034266661483473547,8.790970491498795e-05,9777.6493005514,14902.642713691434,6511.174841083366,106.7157700808473
0.0006951171875,7.0292968749999995e-09,121093750.0,36888671.875,7.209244796671112e-05,0.00027235599024940234,8.090899062220257e-05,8962.194568648876,13568.14844004577,6061.619684751863,155.79965246202224
0.0006951171875,1.2388671875e-08,196093750.0,36888671.875,7.957459137133677e-05,0.0003848832433168769,8.827491109230021e-05,9827.464678460909,12900.687840686458,7548.65786692239,81.52174336302136
0.0010505859375,7.0292968749999995e-09,196093750.0,36888671.875,9.007281670488992e-05,0.00037173356412022987,9.8439291191085e-05,11149.183371545956,16809.63234530391,7478.323991813702,60.335641571625544
0.0010505859375,1.2388671875e-08,121093750.0,36888671.875,8.665584806361479e-05,0.0003663000225880774,9.472512374523895e-05,10764.104809714134,14038.413323729223,8336.269589398235,45.296839732529115
0.0010505859375,1.2388671875e-08,196093750.0,33826171.875,9.417847510933593e-05,0.0004395030659283213,0.00010230139259218453,11620.687424565183,15180.53355526629,8938.012206823121,17.017935983878132
0.0010505859375,1.2388671875e-08,196093750.0,36888671.875,9.212461055175958e-05,0.0004266123665814095,0.00010039157793096332,11390.037465386811,14861.24101478227,8778.553984238744,22.50844632324576
0.0013451171875,3.1529296875e-08,321093750.0,9326171.875,0.00013093336777806984,0.0006754003481580656,0.00013765471559827968,15875.892597582826,17842.24485472531,14154.365005498159,107.96843981433662
0.0004005859375,3.1529296875e-08,321093750.0,9326171.875,9.241402659941348e-05,0.0005341205428091683,0.0001002222223168387,11166.549716043168,12616.126797157453,9923.97261552652,29.90618022043646
0.0013451171875,3.6888671875e-08,321093750.0,9326171.875,0.00013043978467743828,0.0006721823019064929,0.00013703560282844038,15822.512182301314,17508.080444629268,14337.366288373525,111.86562932630736
0.0013451171875,3.1529296875e-08,396093750.0,9326171.875,0.0001318729262672395,0.000705408420125492,0.00013908750653402754,15984.456578866268,17960.553773284064,14245.916702798211,118.99782238719955
0.0013451171875,3.1529296875e-08,321093750.0,12388671.875,0.00012788456347093786,0.0006624773591513989,0.00013475728455976152,15539.834188434172,17458.629726404302,13851.024756294028,89.00898996587014
0.0013451171875,3.6888671875e-08,396093750.0,12388671.875,0.00012846999635510704,0.0006903418989195297,0.0001357100474554066,15609.817105876215,17267.667956871945,14138.348636973278,103.88983306136961
0.0004005859375,3.1529296875e-08,396093750.0,12388671.875,9.100007920895426e-05,0.0005479754415483053,9.899135950204573e-05,11013.465040265022,12433.907240050492,9783.176727309854,34.70274872405964
0.0004005859375,3.6888671875e-08,321093750.0,12388671.875,9.084905640931976e-05,0.0005262686687962829,9.86552843359989e-05,10999.917465268913,12229.000919825614,9936.121900245542,36.423049981164944
0.0004005859375,3.6888671875e-08,396093750.0,9326171.875,9.356445466153666e-05,0.0005612544168718852,0.00010144388690528643,11303.729970601229,12562.778410870089,10208.952920435582,30.45549133908238
0.0004005859375,3.6888671875e-08,396093750.0,12388671.875,9.154509855316464e-05,0.0005506019802560063,9.945462521008025e-05,11080.183191878425,12310.40177917411,10007.709406725162,35.33142425864081
0.0010201171875,1.9279296875e-08,221093750.0,46076171.875,8.802883176774286e-05,0.00043344738238009634,9.678693340912536e-05,10930.541495181375,13090.604621410333,9154.974116816358,33.57996981123423
0.0007255859375,1.9279296875e-08,221093750.0,46076171.875,7.827210234322557e-05,0.00040074777808828734,8.739072795270242e-05,9708.77111510628,11669.213238577413,8114.139133067139,85.5959159369494
0.0010201171875,4.9138671874999995e-08,221093750.0,46076171.875,9.093959156569913e-05,0.00046261245780255205,9.903339248231683e-05,11318.997690677188,12229.70556624661,10520.211536150324,34.998641041759576
0.0010201171875,1.9279296875e-08,296093750.0,46076171.875,9.037585052497493e-05,0.00047024195289605583,9.931230377598045e-05,11198.045426836663,13406.733564090686,9354.637471095,24.458786059709688
0.0010201171875,1.9279296875e-08,221093750.0,24638671.875,0.00010205881798692177,0.0005113276506385176,0.00010962222159284233,12501.180527387925,15031.12757736529,10448.99462422636,2.3570697876510605
0.0010201171875,4.9138671874999995e-08,296093750.0,24638671.875,0.00010543831769763938,0.0005609177426097069,0.00011279254398812435,12921.171740827647,13980.40377193363,11983.602431601468,23.748646841437296
0.0007255859375,1.9279296875e-08,296093750.0,24638671.875,9.291945132410435e-05,0.0005082437060111638,0.00010138251631011907,11354.596478529525,13679.817372044145,9450.041101593888,19.257323811159193
0.0007255859375,4.9138671874999995e-08,221093750.0,24638671.875,9.382984794918354e-05,0.0004942217449966587,0.00010107478830009926,11492.884947093373,12461.497825842911,10662.805423615006,29.971426662009183
0.0007255859375,4.9138671874999995e-08,296093750.0,46076171.875,8.407506988583107e-05,0.0004642705256819763,9.271537286733921e-05,10421.617320411451,11274.584249380407,9664.310990586877,59.9138342429511
0.0007255859375,4.9138671874999995e-08,296093750.0,24638671.875,9.551635463167549e-05,0.0005247152977667039,0.0001032086668766485,11684.543476664345,12658.903951894921,10829.71119926867,27.289760631029317
0.0003701171875,4.3779296874999996e-08,421093750.0,21576171.875,8.589917231184021e-05,0.0005255360019363633,9.376004477447495e-05,10451.483052113477,11436.15061218264,9579.754919761783,56.22569282401565
0.0013755859375,4.3779296874999996e-08,421093750.0,21576171.875,0.00012176093860809053,0.0006649540568772299,0.00012923382775473032,14892.712838701356,16231.86211223765,13683.206214363267,74.62496093307251
0.0003701171875,2.4638671874999997e-08,421093750.0,21576171.875,8.34264797109885e-05,0.0005165005088543414,9.192481665925445e-05,10149.773568881026,11806.060077885684,8741.275406417744,61.62463655008749
0.0003701171875,4.3779296874999996e-08,496093750.0,21576171.875,8.643640179639493e-05,0.0005422224336809605,9.440400395302673e-05,10512.9516502822,11503.546100869296,9635.92367117715,54.601213950669994
0.0003701171875,4.3779296874999996e-08,421093750.0,49138671.875,7.302896433362506e-05,0.00044977743244351145,8.207166064605274e-05,9020.98245936158,9857.986679908156,8271.63636524976,125.84165695004376
0.0003701171875,2.4638671874999997e-08,496093750.0,49138671.875,7.058156970030563e-05,0.0004547904460177887,8.013696325931016e-05,8712.089711993089,10115.312723179843,7496.608764499764,142.1664522530256
0.0013755859375,4.3779296874999996e-08,496093750.0,49138671.875,0.00010488945923787917,0.0005930621600437456,0.00011319623457160214,13036.106083238272,14182.753270790132,11986.94659529144,24.297816017095588
0.0013755859375,2.4638671874999997e-08,421093750.0,49138671.875,0.00010344705987021301,0.0005626842739640108,0.00011220156654708461,12832.688797664148,14776.669537891268,11125.155588729034,7.727652939823888
0.0013755859375,2.4638671874999997e-08,496093750.0,21576171.875,0.00012356063510686843,0.0006902229432992309,0.00013136829860809136,15080.303444377301,17421.96823315188,13025.254813632084,64.19232379089475
0.0013755859375,2.4638671874999997e-08,496093750.0,49138671.875,0.00010445574515402844,0.0005872067825767741,0.0001132956852227126,12947.431928504031,14912.82886117579,11208.598663829162,9.474365449254245
0.00045136718749999995,1.0091796875e-08,246093750.0,12388671.875,8.776967693462423e-05,0.0004545474270097297,9.592140923998765e-05,10640.34617672295,14842.511962040322,7708.260856922668,48.40465677547756
0.0006443359374999999,1.0091796875e-08,246093750.0,12388671.875,9.625087710125723e-05,0.00048505501097425695,0.00010413700294280597,11674.6094499631,16221.407401226375,8474.94552825327,22.708319057171202
0.00045136718749999995,1.5451171875e-08,246093750.0,12388671.875,8.896833222238484e-05,0.0004812789076272772,9.693949093083905e-05,10782.319744261556,13612.09734067846,8603.40221404165,34.61666984783404
0.00045136718749999995,1.0091796875e-08,171093750.0,12388671.875,8.517725888691808e-05,0.00041992660039337845,9.287805369819567e-05,10340.116346197765,14462.815997308313,7508.5343361916,60.07239742694546
0.00045136718749999995,1.0091796875e-08,246093750.0,33826171.875,7.350421172832099e-05,0.0003732583564411709,8.256263179337665e-05,9041.380423612873,12552.843783738383,6572.873155925432,128.35748888054036
0.00045136718749999995,1.5451171875e-08,171093750.0,33826171.875,7.232120699284725e-05,0.0003689091597454551,8.106272112686199e-05,8912.578714225267,11234.769955577463,7153.715097024694,132.1071215100194
0.0006443359374999999,1.0091796875e-08,171093750.0,33826171.875,7.749269507556682e-05,0.00035672920490890995,8.606813883976121e-05,9563.919471113715,13215.070440502348,7002.46518459517,100.99088554895897
0.0006443359374999999,1.5451171875e-08,246093750.0,33826171.875,8.213404746480086e-05,0.00043152264907948205,9.099406105476507e-05,10102.372432247754,12677.043244233728,8090.917624761362,63.7079128161623
0.0006443359374999999,1.5451171875e-08,171093750.0,12388671.875,9.468953679958251e-05,0.0004727255422800029,0.00010206012545505914,11497.139172262354,14509.242174933483,9208.841721319746,14.980345588192185
0.0006443359374999999,1.5451171875e-08,171093750.0,33826171.875,7.917926585508164e-05,0.00039150938685501147,8.762131826301464e-05,9764.492564845477,12264.125136771137,7853.914616226106,81.92528638966095
0.0011013671875,3.4591796875e-08,446093750.0,36888671.875,0.00010230529788380179,0.0005854883591440079,0.00011042809086277724,12597.219730386807,14002.180592408207,11337.547220163413,16.783580317489943
0.0012943359375000001,3.4591796875e-08,446093750.0,36888671.875,0.0001088533303709224,0.0006102133913163978,0.00011683791013974225,13415.23413432421,14896.952059512132,12080.124569767626,23.369020845451534
0.0011013671875,3.9951171875e-08,446093750.0,36888671.875,0.00010248598100558599,0.0005845135964359219,0.00011046681859469455,12625.972567637918,13856.82607729615,11512.450692776598,19.886568986079254
0.0011013671875,3.4591796875e-08,371093750.0,36888671.875,0.00010126279877392214,0.0005602525252938594,0.0001094280222296664,12478.872871835902,13873.320617212506,11229.789044892877,15.288687950469638
0.0011013671875,3.4591796875e-08,446093750.0,9326171.875,0.00012221954228715788,0.0006853565535813321,0.00012964325224272614,14802.305451684624,16491.32890351123,13300.255815996537,66.28740914136249
0.0011013671875,3.9951171875e-08,371093750.0,9326171.875,0.00012129501715846651,0.000657758427667551,0.00012846162700458504,14699.308440416657,16163.720091929474,13392.223701345592,63.548678859970366
0.0012943359375000001,3.4591796875e-08,371093750.0,9326171.875,0.00012928825336955263,0.0006872082503948138,0.0001363389424123147,15672.762029136147,17444.12933589315,14092.346633646519,103.23907924984044
0.0012943359375000001,3.9951171875e-08,446093750.0,9326171.875,0.00012949693917056396,0.0007125940826340942,0.00013677872110630173,15700.524374091361,17254.54787011745,14310.663234565542,115.88199245263264
0.0012943359375000001,3.9951171875e-08,371093750.0,36888671.875,0.00010780152228259341,0.0005854483707792335,0.00011579827883230626,13304.593766902752,14591.440956004812,12142.989544761895,23.709462324282924
0.0012943359375000001,3.9951171875e-08,371093750.0,9326171.875,0.00012882845808144896,0.0006854878485636193,0.0001357615597545855,15623.573907364369,17164.86545229683,14241.06112343287,106.8026172670093
0.0014263671875000001,2.2341796874999997e-08,146093750.0,24638671.875,0.00011292709970957146,0.0005153535898692773,0.00011998861307584453,13890.56125775522,16294.015290486343,11913.20498855972,13.435320856943623
0.0009693359374999999,2.2341796874999997e-08,146093750.0,24638671.875,9.666671464604648e-05,0.00046486802972122007,0.00010415236226048265,11869.912046777104,13981.432656600264,10164.284305729077,10.889031878417947
0.0014263671875000001,2.7701171874999996e-08,146093750.0,24638671.875,0.00011318691141890138,0.0005211914876180604,0.00012019142122447849,13925.788133830816,15877.148343173003,12286.056988738701,19.94988419800237
0.0014263671875000001,2.2341796874999997e-08,271093750.0,24638671.875,0.00011912342702773584,0.0005946774424572292,0.00012648459307045243,14597.609718822025,17098.1955851733,12488.334530806549,33.51857987911302
0.0014263671875000001,2.2341796874999997e-08,146093750.0,21576171.875,0.00011572648368099103,0.0005282499009008019,0.00012258920856521313,14202.075692725815,16658.135502822548,12181.604346666905,20.0871991002248
0.0014263671875000001,2.7701171874999996e-08,271093750.0,21576171.875,0.00012167808930068545,0.0006117592415715006,0.0001287072270930292,14885.115084935453,16960.194082177873,13086.941957738454,50.80194868370031
0.0009693359374999999,2.2341796874999997e-08,271093750.0,21576171.875,0.00010431011133103513,0.0005469264119602323,0.00011200000553756907,12736.824249679565,14966.391415569604,10878.71284104155,4.625840297081925
0.0009693359374999999,2.7701171874999996e-08,146093750.0,21576171.875,9.963023855860534e-05,0.0004820157792420254,0.00010693440679436827,12206.81591614478,13972.103022570756,10756.545791716611,10.161693532193455
0.0009693359374999999,2.7701171874999996e-08,271093750.0,24638671.875,0.00010236914808323516,0.0005414371200979024,0.00011006278184234568,12526.422223665406,14301.011525761061,11012.495198430772,9.121592431717685
0.0009693359374999999,2.7701171874999996e-08,271093750.0,21576171.875,0.00010461997909863939,0.0005509923820291025,0.00011211952850332357,12776.91638818827,14588.46606499607,11219.297704727347,9.053003921514065
0.0007763671874999999,4.6841796875e-08,346093750.0,49138671.875,8.486788275759727e-05,0.00047743863082317213,9.33917361339505e-05,10530.864537167952,11422.392445609776,9733.431032718905,55.41019640912076
0.0003193359375,4.6841796875e-08,346093750.0,49138671.875,7.10402723167542e-05,0.00042572761920631826,8.001309914090423e-05,8781.653962004526,9549.33845676397,8100.968350365207,142.11172197220728
0.0007763671874999999,3.2011718749999998e-09,346093750.0,49138671.875,7.672354650523002e-05,0.0003157760761625764,8.343145210652615e-05,9522.802909187772,18374.455175010673,5465.329692578721,174.36005296447857
0.0007763671874999999,4.6841796875e-08,471093750.0,49138671.875,8.640336482832327e-05,0.0005128656339466712,9.502840300483244e-05,10704.61136656712,11613.065439616625,9881.453313787806,49.563245890752356
0.0007763671874999999,4.6841796875e-08,346093750.0,46076171.875,8.630392374555972e-05,0.0004862254126248934,9.473360812668119e-05,10689.584587468493,11596.281279894416,9877.629840197873,49.98422520115036
0.0007763671874999999,3.2011718749999998e-09,471093750.0,46076171.875,8.060444181473487e-05,0.00035903225649764996,9.035298861699806e-05,9971.589495684746,19709.664418938995,5559.210494213688,179.33649292606503
0.0003193359375,4.6841796875e-08,471093750.0,46076171.875,7.357526197643231e-05,0.00046405804762216277,8.245698257480083e-05,9066.282470705768,9865.724388713656,8353.773950146988,122.70679814977413
0.0003193359375,3.2011718749999998e-09,346093750.0,46076171.875,6.15543104575083e-05,0.0002652546342378368,7.003575091697867e-05,7621.163660344575,15154.857240950774,4323.896672538788,254.5566948610815
0.0003193359375,3.2011718749999998e-09,471093750.0,49138671.875,6.231924101339655e-05,0.00028561336590802707,7.147803392286308e-05,7710.866836487492,15540.934301710198,4349.332443025808,246.49037570456258
0.0003193359375,3.2011718749999998e-09,471093750.0,46076171.875,6.35722051125898e-05,0.00029394633339171545,7.366302804632025e-05,7853.718706072783,15900.78245597636,4398.638894993244,239.80407753436617
0.0006138671874999999,1.6216796874999997e-08,496093750.0,43013671.875,8.038375316878307e-05,0.00048655349425510513,9.001964266153706e-05,9902.408982503895,12287.031091858964,7965.813304643118,72.15346343464537
0.00048183593749999995,1.6216796874999997e-08,496093750.0,43013671.875,7.557519005320768e-05,0.00046755670043393855,8.53462577207587e-05,9306.108419210224,11571.677443268884,7475.311335393641,103.7482344944713
0.0006138671874999999,2.1576171874999996e-08,496093750.0,43013671.875,8.130358093726863e-05,0.000500034217843298,9.061743513274807e-05,10014.168878593946,11827.739335768687,8473.080433142779,67.52469359022399
0.0006138671874999999,1.6216796874999997e-08,221093750.0,43013671.875,7.540589011625955e-05,0.0003872032998338466,8.456195318889718e-05,9333.529480325675,11590.365723886278,7559.719013340965,106.35116941457075
0.0006138671874999999,1.6216796874999997e-08,496093750.0,15451171.875,9.694851859824004e-05,0.0005809476595328249,0.0001056931079184922,11758.778435235514,14628.724749118457,9438.390481344022,13.80029313818269
0.0006138671874999999,2.1576171874999996e-08,221093750.0,15451171.875,9.363854862713733e-05,0.0004965432566692601,0.00010110182742162786,11381.59192484918,13515.925695998494,9659.086887644256,18.810171430220084
0.00048183593749999995,1.6216796874999997e-08,221093750.0,15451171.875,8.73993383067593e-05,0.0004647828402409699,9.526904165635793e-05,10619.688625182205,13274.30135819027,8567.157276926728,40.31787867596575
0.00048183593749999995,2.1576171874999996e-08,496093750.0,15451171.875,9.195296967268957e-05,0.0005706836549965254,0.00010041569216919013,11148.303086518108,13208.624932866183,9406.316756014852,27.959149780246342
0.00048183593749999995,2.1576171874999996e-08,221093750.0,43013671.875,7.207319205557382e-05,0.00038923109825063286,8.133279805084536e-05,8913.746319652528,10566.08477413077,7573.227223431472,131.5642150376897
0.00048183593749999995,2.1576171874999996e-08,221093750.0,15451171.875,8.831621225146585e-05,0.00047804452560567834,9.593472444932081e-05,10729.458415026262,12757.21551364934,9101.032150081095,37.228960069139795
0.0012638671875,4.0716796875e-08,296093750.0,18513671.875,0.00011846897805760144,0.0006144338687292338,0.00012537252092579252,14464.936533713493,15867.06922944624,13222.103219025053,51.184511628683296
0.0011318359375,4.0716796875e-08,296093750.0,18513671.875,0.0001137064055077992,0.0005977945742979942,0.00012074737568696013,13875.319405549631,15228.150528264641,12679.194622937495,34.35484385804055
0.0012638671875,4.6076171874999997e-08,296093750.0,18513671.875,0.00011828337422784791,0.0006109783976523168,0.00012508943690107784,14449.941950194032,15699.641777613426,13342.697110110063,54.5394081323011
0.0012638671875,4.0716796875e-08,421093750.0,18513671.875,0.00012025840129509309,0.0006626994045228202,0.00012775903198312106,14669.252568968563,16089.035608579052,13392.362311508788,63.719395875620656
0.0012638671875,4.0716796875e-08,296093750.0,39951171.875,0.00010347656522634328,0.0005412347318249022,0.00011154617241295904,12808.664276966052,14027.23333839675,11725.047027920798,18.30456991422897
0.0012638671875,4.6076171874999997e-08,421093750.0,39951171.875,0.00010577071944711913,0.0005864692861953115,0.00011357992496704146,13079.602007165659,14186.685158301438,12073.65205438991,25.260060115334078
0.0011318359375,4.0716796875e-08,421093750.0,39951171.875,0.00010142381315614285,0.0005706164333576031,0.00010945423644685774,12523.783630215197,13718.108725571503,11443.341046872989,19.493415229658364
0.0011318359375,4.6076171874999997e-08,296093750.0,39951171.875,9.949300368009134e-05,0.0005268513226293014,0.00010760742610788353,12315.58970932876,13367.262846052621,11383.177571825492,20.85181256481982
0.0011318359375,4.6076171874999997e-08,421093750.0,18513671.875,0.00011530581243396495,0.0006421698016234491,0.00012279820646978585,14063.094251244498,15282.697271980374,12967.188691240779,47.18488701403255
0.0011318359375,4.6076171874999997e-08,421093750.0,39951171.875,0.00010159032953234466,0.0005695789849342955,0.00010948276084319538,12553.418720444919,13623.20583385732,11586.67197756675,22.049624528237636
0.0009388671874999999,3.966796874999999e-09,396093750.0,30763671.875,9.536516512853928e-05,0.0004258329032742795,0.00010422410232396478,11705.065296758288,21486.43694258489,6706.53361006889,151.76242123358398
0.0014568359375,3.966796874999999e-09,396093750.0,30763671.875,0.00011581341958227269,0.0005031121171345836,0.00012412510513188453,14232.843474451642,25823.970243722004,8190.896581215462,258.6079303467881
0.0009388671874999999,3.3826171874999996e-08,396093750.0,30763671.875,9.975048075718246e-05,0.000567827184741519,0.00010779646175051479,12234.94130752983,13649.32961606624,10978.512259582401,16.419698708646493
0.0009388671874999999,3.966796874999999e-09,121093750.0,30763671.875,8.117639955148356e-05,0.00029877113003576295,8.899087174285439e-05,10069.552067083681,18004.85564727423,6020.462921538176,142.5295379208086
0.0009388671874999999,3.966796874999999e-09,396093750.0,27701171.875,9.759921208301643e-05,0.0004386999435651328,0.0001063399323581118,11956.632219105335,21983.155198928558,6846.809326921667,158.41023666413042
0.0009388671874999999,3.3826171874999996e-08,121093750.0,27701171.875,9.279336307295129e-05,0.0004421138940219427,0.00010026559287062827,11438.05757596259,12797.624406199839,10311.158218045906,26.47472175460809
0.0014568359375,3.966796874999999e-09,121093750.0,27701171.875,0.00010120053319441396,0.00037051457567293983,0.00010854154424369569,12548.471973264841,22286.999220872756,7375.018844979939,153.8705259151296
0.0014568359375,3.3826171874999996e-08,396093750.0,27701171.875,0.00012013503231558833,0.0006467931009737107,0.0001278951598290522,14740.964827645385,16416.678900681884,13251.77497346715,57.3728499146711
0.0014568359375,3.3826171874999996e-08,121093750.0,30763671.875,0.00010731291180491638,0.00048287191889027486,0.00011437443674621127,13291.482487052985,14810.46916858191,11995.023033727126,16.366030067742305
0.0014568359375,3.3826171874999996e-08,121093750.0,27701171.875,0.000109708493512955,0.0004930051900835824,0.00011651162207492866,13556.501892742988,15107.835823595286,12240.709109871823,19.660513479373478
0.0002888671875,2.8466796874999997e-08,196093750.0,6263671.875,8.752374099151829e-05,0.0004782474246424018,9.527133510922451e-05,10560.087410395294,12136.265722489856,9282.766765995806,45.22012559012151
0.0008068359374999999,2.8466796874999997e-08,196093750.0,6263671.875,0.0001093474453538723,0.0005521594643406406,0.00011645216226147093,13216.931583968459,15104.620254207053,11645.9429704094,11.528826026693274
0.0002888671875,9.326171875e-09,196093750.0,6263671.875,8.402863009378376e-05,0.0004279252932472326,9.197678634260503e-05,10141.089278955958,14559.689438364774,7186.575729618254,70.3038389046406
0.0002888671875,2.8466796874999997e-08,321093750.0,6263671.875,9.023538426210798e-05,0.0005279723982426178,9.830451224588804e-05,10865.520103710176,12438.077535879109,9535.91238821183,36.34504440352232
0.0002888671875,2.8466796874999997e-08,196093750.0,3201171.875,9.352324745006455e-05,0.0005014332409585315,0.00010128998323283797,11204.5006421853,12873.465956951315,9849.924514481258,25.721930561688364
0.0002888671875,9.326171875e-09,321093750.0,3201171.875,9.308773055631401e-05,0.0005025868765912863,0.00010170146534143815,11144.633513256085,15946.40228391298,7845.9236631141375,38.92372409064455
0.0008068359374999999,2.8466796874999997e-08,321093750.0,3201171.875,0.00011981479409877833,0.0006397094239015179,0.00012703258474405375,14355.26856679457,16371.740708406982,12627.25889859266,39.54076969794999
0.0008068359374999999,9.326171875e-09,196093750.0,3201171.875,0.00011540033524734991,0.0005400887130661712,0.0001225488037828118,13854.669326666246,19689.380848896355,9852.306133987515,38.13280912425052
0.0008068359374999999,9.326171875e-09,321093750.0,6263671.875,0.0001113553969353086,0.0005652509349549947,0.00011935436557496078,13438.423556426216,19032.480624196618,9522.623225856138,30.56905977421757
0.0008068359374999999,9.326171875e-09,321093750.0,3201171.875,0.00011953605802053738,0.0005992770758691298,0.00012747247542566883,14325.164762682656,20310.422263206812,10136.086842532844,54.10664819010633
0.00032949218750000003,2.435546875e-09,433593750.0,44544921.875,6.360946824733959e-05,0.00029026715138773186,7.332818052422819e-05,7858.663119119047,17219.471455666444,4280.172662590349,251.9313982177396
0.0009287109375,2.435546875e-09,433593750.0,44544921.875,8.598921807344557e-05,0.0003749488672200777,9.518127612077494e-05,10637.773202239787,22553.51806256063,5805.455715650433,230.5359532504943
0.00032949218750000003,4.4544921875e-08,433593750.0,44544921.875,7.386180039457492e-05,0.00046112371806611424,8.274088395286155e-05,9097.644120447852,9934.650197070227,8353.081203354033,120.66517542038741
0.00032949218750000003,2.435546875e-09,433593750.0,44544921.875,6.360946824733959e-05,0.00029026715138773186,7.332818052422819e-05,7858.663119119047,17219.471455666444,4280.172662590349,251.9313982177396
0.00032949218750000003,2.435546875e-09,433593750.0,26169921.875,7.310927763561115e-05,0.0003396390406518259,8.279574850580602e-05,8935.950406360726,19748.839256333755,4754.544527336072,234.03872237993866
0.00032949218750000003,4.4544921875e-08,433593750.0,26169921.875,8.225120601485833e-05,0.000510003863591468,9.032072072858192e-05,10030.186859413967,10962.002822821383,9210.506118210189,72.54482545105249
0.0009287109375,2.435546875e-09,433593750.0,26169921.875,9.821303950815654e-05,0.00043815354605696336,0.0001068760829946923,12019.636600102012,25816.179730312102,6422.712395688337,318.1921124741466
0.0009287109375,4.4544921875e-08,433593750.0,26169921.875,0.00010311507174220894,0.0005928372023639184,0.00011073744187797615,12619.87815227971,13750.632173005795,11609.97471875491,22.860588159373634
0.0009287109375,4.4544921875e-08,433593750.0,44544921.875,9.279564753927168e-05,0.0005365541559537619,0.0001011145679211421,11479.250832616028,12491.07836206015,10564.260980448053,30.152172054939314
0.0009287109375,4.4544921875e-08,433593750.0,26169921.875,0.00010311507174220894,0.0005928372023639184,0.00011073744187797615,12619.87815227971,13750.632173005795,11609.97471875491,22.860588159373634
0.0009794921875,2.6935546874999998e-08,233593750.0,20044921.875,0.00010511336895245323,0.0005410848533707515,0.00011232651023703681,12831.729352792776,14716.15482278985,11241.548296374685,8.04626478012773
0.0002787109375,2.6935546874999998e-08,233593750.0,20044921.875,7.844390640826631e-05,0.00044646077285928165,8.652129673423204e-05,9548.782184435739,11015.619694014533,8337.118197470036,90.93221496836908
0.0009794921875,2.0044921874999996e-08,233593750.0,20044921.875,0.00010466774179273807,0.0005317651263485975,0.00011207073733323016,12776.148046296474,15277.372232853031,10726.913154186292,2.312416548276748
0.0009794921875,2.6935546874999998e-08,233593750.0,20044921.875,0.00010511336895245323,0.0005410848533707515,0.00011232651023703681,12831.729352792776,14716.15482278985,11241.548296374685,8.04626478012773
0.0009794921875,2.6935546874999998e-08,233593750.0,1669921.875,0.00013059614708320642,0.0006434706947691667,0.00013785564320583076,15604.522796903973,17931.658795357096,13635.459609188336,84.46196096798644
0.0009794921875,2.0044921874999996e-08,233593750.0,1669921.875,0.00013111814849445488,0.0006389170536803927,0.0001382329705921674,15664.766433596773,18786.532215003048,13135.49562410972,78.0072402675178
0.0002787109375,2.6935546874999998e-08,233593750.0,1669921.875,9.7348891142221e-05,0.0005290876002088194,0.00010496981114704361,11613.896274816912,13425.413997831187,10122.70563481366,16.80159611245637
0.0002787109375,2.0044921874999996e-08,233593750.0,1669921.875,9.655459790802765e-05,0.000521110677959767,0.00010421500188187423,11521.21468493715,13914.46371009789,9627.199155892398,14.696210379593634
0.0002787109375,2.0044921874999996e-08,233593750.0,20044921.875,7.711327002078601e-05,0.0004368050927273294,8.549058001960218e-05,9389.124754759485,11320.034654925099,7850.648083428925,98.06343592145986
0.0002787109375,2.0044921874999996e-08,233593750.0,1669921.875,9.655459790802765e-05,0.000521110677959767,0.00010421500188187423,11521.21468493715,13914.46371009789,9627.199155892398,14.696210379593634
0.0013044921875,1.4685546874999999e-08,333593750.0,32294921.875,0.00010976904782573922,0.0005588577659054323,0.00011816869715479854,13494.380610436006,16967.20183935184,10731.065709529163,5.483862091700265
0.0006037109375,1.4685546874999999e-08,333593750.0,32294921.875,8.340338098905515e-05,0.0004636663091336315,9.242388070620605e-05,10230.967386132075,12965.751825611114,8099.878576028559,56.995910003405484
0.0013044921875,7.794921874999999e-09,333593750.0,32294921.875,0.00010862015632405357,0.0005089655307344733,0.00011687189156194616,13359.167278444766,19587.94111269963,9137.11328450647,41.36980009728928
0.0013044921875,1.4685546874999999e-08,333593750.0,32294921.875,0.00010976904782573922,0.0005588577659054323,0.00011816869715479854,13494.380610436006,16967.20183935184,10731.065709529163,5.483862091700265
0.0013044921875,1.4685546874999999e-08,333593750.0,13919921.875,0.00012571154107926912,0.0006386405946219588,0.00013349782935655102,15277.34975219651,19281.521500801868,12104.211689378153,57.23831439637597
0.0013044921875,7.794921874999999e-09,333593750.0,13919921.875,0.00012530667873736923,0.0005980524345297771,0.0001329465901674775,15230.423811188663,22495.057100943442,10336.860480648247,112.1221107427756
0.0006037109375,1.4685546874999999e-08,333593750.0,13919921.875,9.577889484352418e-05,0.0005309448631527252,0.00010426872870380891,11616.12225242776,14764.5094541256,9163.805929870898,13.967651119523719
0.0006037109375,7.794921874999999e-09,333593750.0,13919921.875,9.446999097689318e-05,0.0004850787886340481,0.00010281931235916872,11461.131461151283,17119.065083769914,7732.728807688878,45.08531923414154
0.0006037109375,7.794921874999999e-09,333593750.0,32294921.875,8.159432339650472e-05,0.00041185399227314636,9.063613692391302e-05,10016.067536785333,14897.810153546714,6796.406178316643,85.46158382551023
0.0006037109375,7.794921874999999e-09,333593750.0,13919921.875,9.446999097689318e-05,0.0004850787886340481,0.00010281931235916872,11461.131461151283,17119.065083769914,7732.728807688878,45.08531923414154
0.0006544921875,3.9185546875e-08,133593750.0,7794921.875,0.00010003841484262372,0.0004875532960003945,0.00010613204870671811,12113.353399294716,13379.870910067923,11040.97415268957,17.761435823151054
0.0012537109375,3.9185546875e-08,133593750.0,7794921.875,0.00012271827064334743,0.0005599276535471093,0.00012812156574853878,14900.863515320623,16397.74857509556,13599.71386829725,61.136305265871194
0.0006544921875,3.2294921875e-08,133593750.0,7794921.875,9.956661938245604e-05,0.00048729070635952543,0.0001058195149354868,12053.725950069844,13574.605524100092,10786.88372584705,14.318067395774612
0.0006544921875,3.9185546875e-08,133593750.0,7794921.875,0.00010003841484262372,0.0004875532960003945,0.00010613204870671811,12113.353399294716,13379.870910067923,11040.97415268957,17.761435823151054
0.0006544921875,3.9185546875e-08,133593750.0,38419921.875,7.889725452692317e-05,0.0003926731146575536,8.712726090469933e-05,9778.26235315353,10804.040698438806,8924.73643889316,87.92742591289439
0.0006544921875,3.2294921875e-08,133593750.0,38419921.875,7.794058308859815e-05,0.0003877476833778126,8.616901219472453e-05,9657.619334767234,10874.182858558435,8658.578694957694,92.22612098477589
0.0012537109375,3.9185546875e-08,133593750.0,38419921.875,9.708407888990364e-05,0.00045126481180852556,0.00010488775207102027,12075.116198511752,13289.813808820378,11039.654402931399,20.04285247048761
0.0012537109375,3.2294921875e-08,133593750.0,38419921.875,9.660953275748121e-05,0.0004463054579869754,0.00010438565753296945,12007.787143339769,13459.499497716302,10785.021360084584,17.09098011518336
0.0012537109375,3.2294921875e-08,133593750.0,7794921.875,0.00012299774113176491,0.0005603486022994348,0.00012851056272879867,14927.282872109248,16736.38556053023,13377.11042639116,54.99161648976191
0.0012537109375,3.2294921875e-08,133593750.0,38419921.875,9.660953275748121e-05,0.0004463054579869754,0.00010438565753296945,12007.787143339769,13459.499497716302,10785.021360084584,17.09098011518336
0.0008169921874999999,2.0810546874999998e-08,283593750.0,1669921.875,0.00012422017685830402,0.0006361477920392029,0.00013141123253543346,14832.083754782458,17684.760594131836,12475.31729952693,44.54536582069942
0.0014162109375,2.0810546874999998e-08,283593750.0,1669921.875,0.0001534575567927831,0.0007392875929414419,0.00016033993187194133,18345.121727532696,21795.64321463811,15460.647357363245,277.4704036307291
0.0008169921874999999,3.8419921875e-08,283593750.0,1669921.875,0.00012334188912513702,0.0006400498685858842,0.00013039402149886027,14730.213008348375,16298.603616656137,13371.169464886445,61.69379195397157
0.0008169921874999999,2.0810546874999998e-08,383593750.0,1669921.875,0.00012555012143377231,0.0006784676521556697,0.00013347311643536547,14985.051543429503,17843.726685903697,12587.22735362069,55.632076700577066
0.0008169921874999999,2.0810546874999998e-08,283593750.0,20044921.875,9.97037305950988e-05,0.0005349028460619844,0.00010766698365956489,12153.879462172046,14458.937112099273,10257.899345277528,6.483796060608609
0.0008169921874999999,3.8419921875e-08,383593750.0,20044921.875,0.00010234261950579187,0.0005830133664673017,0.00011019985885791158,12470.124966712789,13768.805212419089,11318.989012523642,18.72856927935227
0.0014162109375,2.0810546874999998e-08,383593750.0,20044921.875,0.000125192469359433,0.0006606728170441689,0.00013306464034933344,15275.24393289282,18086.889678162184,12897.237314416669,62.30054913449605
0.0014162109375,3.8419921875e-08,283593750.0,20044921.875,0.0001224938751013901,0.0006227259976510844,0.0001292963567952087,14980.471671341105,16504.834176362197,13630.717114657355,67.85382272299408
0.0014162109375,3.8419921875e-08,383593750.0,1669921.875,0.00015131568368018824,0.0007756975585003177,0.00015807294393959718,18091.978158293252,19950.40098524448,16427.537503569616,298.68139242222406
0.0014162109375,3.8419921875e-08,383593750.0,20044921.875,0.00012427485241437214,0.0006655882570507878,0.00013172834109723424,15183.018559117354,16721.007927406452,13801.56509568432,81.51061327094637
0.0014669921875,4.5310546875e-08,483593750.0,26169921.875,0.00012214223763346816,0.0006791791784792282,0.0001293990047316588,14984.877960814089,16278.223480146153,13810.637930415756,81.74257954950983
0.0007662109375,4.5310546875e-08,483593750.0,26169921.875,9.797213115745298e-05,0.0005830233832926576,0.0001057204724201871,11976.295346939613,13041.699992429389,11020.139852956063,25.3445477514743
0.0014669921875,1.3919921875e-08,483593750.0,26169921.875,0.00012342199442193062,0.0006613205240247157,0.00013183317699335095,15103.00491502228,19197.2529832634,11838.893131207506,53.53309386344811
0.0014669921875,4.5310546875e-08,183593750.0,26169921.875,0.00011554539402515581,0.0005513048752028544,0.00012286717892337622,14237.506034253916,15488.019485103909,13152.467714914272,43.408345312774344
0.0014669921875,4.5310546875e-08,483593750.0,44544921.875,0.00011020311627873981,0.000616130338883238,0.00011820725168301699,13671.20818408042,14832.642838365842,12606.870088060907,35.26758670751685
0.0014669921875,1.3919921875e-08,183593750.0,44544921.875,0.00010085423181512608,0.00044028217609255624,0.00010899187498791665,12552.661643127925,15859.816209215924,9960.040416192754,3.3772229114988614
0.0007662109375,4.5310546875e-08,183593750.0,44544921.875,8.252238421646625e-05,0.00042020982037930106,9.0651413994361e-05,10252.488488370353,11160.380853297414,9466.179349960783,67.60419640695976
0.0007662109375,1.3919921875e-08,483593750.0,44544921.875,8.45934389535536e-05,0.0004889853190035268,9.411580392210651e-05,10436.611031086373,13323.265734990733,8153.706165588563,49.75281861325017
0.0007662109375,1.3919921875e-08,183593750.0,26169921.875,8.883125635686377e-05,0.00043597363485025487,9.680391147068517e-05,10897.576529546206,13977.372099318105,8568.311173619299,33.409696176244786
0.0007662109375,1.3919921875e-08,183593750.0,44544921.875,7.765626814281068e-05,0.0003648609198781763,8.655147237484153e-05,9643.886813853938,12300.940257073713,7621.462013909697,92.21262117710539
0.0011419921875,8.560546875e-09,183593750.0,13919921.875,0.00011299043770405098,0.0005058822589894297,0.00012009466123551405,13760.09055580019,19851.133390808493,9643.29047694216,41.04528655278854
0.0004412109375,8.560546875e-09,183593750.0,13919921.875,8.34544298728565e-05,0.00040575855918912213,9.139602854452753e-05,10142.211406266057,14831.194609216036,7059.645713644219,75.31629317031644
0.0011419921875,1.6699218750000001e-09,183593750.0,13919921.875,0.00010694107330770308,0.00046013321206881216,0.00011415572622795164,13057.0805333927,30375.367004452368,6850.90982431966,558.2460037981031
0.0011419921875,8.560546875e-09,483593750.0,13919921.875,0.00012058893576774039,0.0006339214333198465,0.0001289266512685526,14636.980323910153,21116.65192072861,10154.335692960849,76.3020362979564
0.0011419921875,8.560546875e-09,183593750.0,32294921.875,9.655309516522491e-05,0.00041593154486419063,0.0001045308980956126,11918.79701087869,17031.001363593423,8397.024299396064,30.094632522344234
0.0011419921875,1.6699218750000001e-09,483593750.0,32294921.875,0.00010283993928718549,0.00046954902240191185,0.00011164943595178857,12633.767152151353,29702.313626769206,6647.897760760692,521.3998549725678
0.0004412109375,8.560546875e-09,483593750.0,32294921.875,7.755949760991145e-05,0.0004440478522511668,8.722003690120339e-05,9499.489517053875,13852.124577088296,6555.9991504482605,103.2823478382961
0.0004412109375,1.6699218750000001e-09,183593750.0,32294921.875,6.46968558137999e-05,0.0002805074445632722,7.349503477519828e-05,8007.611622056056,18694.009610994544,4311.32630206399,264.4178760094324
0.0004412109375,1.6699218750000001e-09,483593750.0,13919921.875,8.668857832566349e-05,0.0004150244608640607,9.577458875685331e-05,10509.818576590073,25668.254975175143,5451.849412734267,363.427155012798
0.0004412109375,1.6699218750000001e-09,483593750.0,32294921.875,7.449213922102486e-05,0.000355794010674193,8.461736348478512e-05,9138.111168322128,22247.18447377944,4793.136628711256,286.8629058853264
0.0004919921875,3.3060546875e-08,383593750.0,38419921.875,7.981353654593537e-05,0.0004814251983684904,8.848770690769031e-05,9811.591336000982,10994.241791510472,8771.563233745623,80.27379142513306
0.0010912109375,3.3060546875e-08,383593750.0,38419921.875,0.00010013291126947622,0.0005569139446181568,0.00010833621624418983,12346.227944622757,13785.596839500959,11058.438158322779,14.76300620064112
0.0004919921875,2.6169921874999997e-08,383593750.0,38419921.875,7.878190303096961e-05,0.000473275564211704,8.774452857553236e-05,9684.77128365181,11148.306880383065,8425.726543997698,84.58390098073389
0.0004919921875,3.3060546875e-08,283593750.0,38419921.875,7.819984491116615e-05,0.00044822835558866946,8.704187373619334e-05,9627.857629320653,10800.15996235491,8617.241595769608,89.92799798558447
0.0004919921875,3.3060546875e-08,383593750.0,7794921.875,9.78418746694439e-05,0.0005764142157557796,0.00010584245684760107,11815.091494667493,13269.455161873966,10549.783312900374,20.350127526934326
0.0004919921875,2.6169921874999997e-08,283593750.0,7794921.875,9.644186356214776e-05,0.0005384222592658436,0.00010394245741065863,11647.147398883657,13455.794868091756,10132.750946322069,16.765579655088462
0.0010912109375,3.3060546875e-08,283593750.0,7794921.875,0.00012150485451485759,0.0006298184505545556,0.00012815613609610678,14708.376554167917,16479.03234470823,13167.996263681498,53.47539230042243
0.0010912109375,2.6169921874999997e-08,383593750.0,7794921.875,0.00012295027916815572,0.0006685749517535772,0.0001304081735879939,14874.105889993985,17100.434320755943,12952.531978718836,56.20288502292388
0.0010912109375,2.6169921874999997e-08,283593750.0,38419921.875,9.769913071359049e-05,0.0005140588150777347,0.00010614113172251563,12059.433321615434,13833.444692634936,10531.46297241586,11.169661711110031
0.0010912109375,2.6169921874999997e-08,283593750.0,7794921.875,0.00012180076624720718,0.0006274531336415682,0.0001285781576332132,14739.250124373131,16960.73107838809,12848.009603927316,46.247291542113004
0.0004107421875,1.7748046874999996e-08,158593750.0,29232421.875,7.341769524995791e-05,0.0003806639777373301,8.18018726753294e-05,9021.159472149864,11101.000434841979,7425.783255416839,123.4716281138313
0.00035996093750000004,1.7748046874999996e-08,158593750.0,29232421.875,7.157403447540264e-05,0.00037443639717398485,8.003389315489793e-05,8792.998084212044,10830.813627798634,7234.996456298473,138.45670933990704
0.0004107421875,3.5357421875e-08,158593750.0,29232421.875,7.678544529987787e-05,0.00040795220126410234,8.482196427448625e-05,9429.366192058786,10550.174274052735,8510.74953507095,102.03312959660029
0.0004107421875,1.7748046874999996e-08,358593750.0,29232421.875,7.874347523353338e-05,0.00046647545523942964,8.786479695604483e-05,9630.989302610715,11804.13937336513,7874.618714463829,84.98466968591168
0.0004107421875,1.7748046874999996e-08,158593750.0,23107421.875,7.713078932934783e-05,0.0004013344246043191,8.518510154710035e-05,9436.195677856549,11625.120618236037,7758.858115715078,97.03871491192493
0.0004107421875,3.5357421875e-08,358593750.0,23107421.875,8.491314346442718e-05,0.0005074252703034284,9.317778476951919e-05,10346.388270544609,11537.114845735643,9305.04697618804,57.32248743088599
0.00035996093750000004,1.7748046874999996e-08,358593750.0,23107421.875,8.024161085082052e-05,0.0004787513257457907,8.918671284806111e-05,9777.139429587876,11999.65872779559,7994.920816559758,76.77046043409992
0.00035996093750000004,3.5357421875e-08,158593750.0,23107421.875,7.852204590188522e-05,0.00041977565168355364,8.654920091540445e-05,9599.399143693681,10752.395373243338,8658.83130743522,91.90635471397884
0.00035996093750000004,3.5357421875e-08,358593750.0,29232421.875,7.978158369414483e-05,0.0004835159024639312,8.8210505987527e-05,9752.843404159128,10876.474963936733,8777.421885723621,82.94824363851384
0.00035996093750000004,3.5357421875e-08,358593750.0,23107421.875,8.303803657499259e-05,0.0005005924358989495,9.132999111405199e-05,10115.194342983996,11283.611035828786,9094.646346892803,66.49031338737426
0.0010607421875,4.2248046875e-08,358593750.0,4732421.875,0.00012690053442566206,0.0006755369407477734,0.0001338791346840052,15269.90899480074,16720.694764528933,13983.45246908027,91.58618232183538
0.0010099609375,4.2248046875e-08,358593750.0,4732421.875,0.00012480497267124688,0.0006679604542627062,0.0001318439742554344,15015.204514953028,16444.290321559703,13749.169766492445,79.5851283444924
0.0010607421875,1.0857421875e-08,358593750.0,4732421.875,0.0001284859828776447,0.0006518057180655058,0.00013650512981605865,15455.169010482186,20978.93459391881,11387.998564356352,84.20577489939721
0.0010607421875,4.2248046875e-08,158593750.0,4732421.875,0.0001210944353603659,0.0005696043215843169,0.00012690426355927592,14621.589873609202,16004.7268802757,13418.39119118484,54.519920734324636
0.0010607421875,4.2248046875e-08,358593750.0,47607421.875,9.41411540553348e-05,0.0005178973527465368,0.00010249267582721966,11683.902802452461,12756.119495830666,10719.851789801782,25.493612399906347
0.0010607421875,1.0857421875e-08,158593750.0,47607421.875,8.32764083310882e-05,0.00033848197888079577,9.191689017245271e-05,10392.143925646558,13881.248990187958,7840.282539924442,65.03840656507346
0.0010099609375,4.2248046875e-08,158593750.0,47607421.875,8.663274490299926e-05,0.0004178269864003302,9.46843943311252e-05,10813.31895106269,11819.853082127936,9947.77103485484,48.08211062245335
0.0010099609375,1.0857421875e-08,358593750.0,47607421.875,8.915336947445619e-05,0.0004468590884582966,9.826495241458887e-05,11045.468607059038,14836.401505636992,8224.13528117464,34.160296959107036
0.0010099609375,1.0857421875e-08,158593750.0,4732421.875,0.00011798195135788903,0.0005388998960435596,0.000124439567064293,14247.858710218678,19402.490569476802,10582.839420208884,32.178412897171036
0.0010099609375,1.0857421875e-08,158593750.0,47607421.875,8.16335132831821e-05,0.00033308565548766794,9.03399402481197e-05,10185.732844258819,13618.01790308633,7682.165371628777,74.11004727824871
0.0013857421875,5.4980468749999995e-09,258593750.0,41482421.875,0.0001011133436274399,0.00040623878538772297,0.00010951714714466242,12539.578057728411,20203.490309741857,7891.437623812834,82.70817322211828
0.0013349609375,5.4980468749999995e-09,258593750.0,41482421.875,9.932393766153908e-05,0.00039999207958288526,0.00010777970966455334,12316.106583555224,19863.4948732284,7746.492250633231,81.06568476572606
0.0013857421875,2.3107421874999998e-08,258593750.0,41482421.875,0.00010474853358952901,0.0005208519339004121,0.00011299550182273179,12973.783138580839,15092.28699144981,11161.472059092292,4.869285672073281
0.0013857421875,5.4980468749999995e-09,458593750.0,41482421.875,0.00010693779932690025,0.0004931758508467621,0.00011582876493309636,13206.973848551785,21547.29554229191,8228.771081667,100.93065598717844
0.0013857421875,5.4980468749999995e-09,258593750.0,35357421.875,0.00010558802256303818,0.00043496423637602577,0.0001137443419343372,13043.627872713283,21112.791701436883,8176.2169883345705,93.15079909583994
0.0013857421875,2.3107421874999998e-08,458593750.0,35357421.875,0.00011310725940047195,0.0006251249260327919,0.00012144947804511587,13916.710940960298,16193.100256189518,11937.23202538631,21.197855473517475
0.0013349609375,5.4980468749999995e-09,458593750.0,35357421.875,0.00010943558646532739,0.0005141668620957052,0.00011818826307883056,13466.86429075781,22053.59261249117,8350.741501169881,112.3860913427325
0.0013349609375,2.3107421874999998e-08,258593750.0,35357421.875,0.00010718641431289317,0.0005363136060161153,0.0001151380071235824,13223.968239855558,15402.01831146992,11382.461446290423,6.447907123657314
0.0013349609375,2.3107421874999998e-08,458593750.0,41482421.875,0.00010723099818161465,0.000594925893560923,0.00011584837965436545,13236.452194989026,15391.575765722191,11347.254004945746,9.861679072635479
0.0013349609375,2.3107421874999998e-08,458593750.0,35357421.875,0.00011128046033145295,0.0006181695518791422,0.00011966076305166285,13689.545937885905,15932.763891493876,11740.729152055475,16.853505678432306
0.0007357421875,2.9998046875e-08,458593750.0,16982421.875,0.00010169867457344048,0.0006028819778315775,0.00010949986899300475,12355.361582900798,13985.362254292644,10927.56779115385,15.651959558729768
0.0006849609375,2.9998046875e-08,458593750.0,16982421.875,9.96923716630611e-05,0.0005948064407715403,0.00010753122655318777,12109.264246273295,13710.47008601816,10708.138868990478,16.849050432749724
0.0007357421875,4.7607421875e-08,458593750.0,16982421.875,0.00010244159392288795,0.0005990552402099649,0.00010982710814767486,12456.71632511824,13523.822903336371,11501.840922436786,24.646690613600576
0.0007357421875,2.9998046875e-08,258593750.0,16982421.875,9.903986849010438e-05,0.0005334125023805391,0.00010638195680463071,12050.616352109295,13662.789431693614,10680.305334299084,13.532163152662338
0.0007357421875,2.9998046875e-08,458593750.0,10857421.875,0.00010619096254649338,0.0006258768850401446,0.000113807747989973,12853.283681636834,14554.266639842454,11354.415070149438,17.029578744369857
0.0007357421875,4.7607421875e-08,258593750.0,10857421.875,0.00010451203071823242,0.0005550103565584237,0.00011134413687724899,12673.275312427195,13780.420284750786,11718.726832335655,21.37842974574806
0.0006849609375,2.9998046875e-08,258593750.0,10857421.875,0.00010182978044109679,0.0005467304018558512,0.00010891244570734603,12335.985625466088,14001.190944912865,10919.503940557908,11.433106469694447
0.0006849609375,4.7607421875e-08,458593750.0,10857421.875,0.00010468373181463187,0.0006144847536324974,0.00011204312219635171,12677.654962925688,13773.877113436762,11705.012934624634,26.133684669973004
0.0006849609375,4.7607421875e-08,258593750.0,16982421.875,9.823871088145735e-05,0.0005288480769019798,0.0001053081796217502,11959.619157907306,12996.806888963007,11058.673896405642,23.275600433126215
0.0006849609375,4.7607421875e-08,258593750.0,10857421.875,0.00010263298873918787,0.0005482431499176798,0.00010949444501354651,12441.953129473006,13531.315056887557,11504.174648189224,21.000798250224634
0.0005732421875,1.1623046874999999e-08,308593750.0,23107421.875,8.683005829207475e-05,0.00046728450812823425,9.553823155041135e-05,10596.288284048564,14182.373073910625,7949.628350218746,45.80512791871856
0.0008474609374999999,1.1623046874999999e-08,308593750.0,23107421.875,9.794831752325016e-05,0.0005061271974031715,0.00010635908910969779,11962.717071180703,15940.834895136635,8997.289489754734,12.371271414317977
0.0005732421875,2.9232421874999995e-08,308593750.0,23107421.875,8.95459002541056e-05,0.0005098188323805874,9.777542402393622e-05,10923.98039936601,12426.240583221539,9639.20641469787,35.36120031662788
0.0005732421875,1.1623046874999999e-08,408593750.0,23107421.875,8.840844661626521e-05,0.0005005199607837033,9.737695733994893e-05,10777.5077388009,14419.434452535426,8076.631119867897,39.4700991845264
0.0005732421875,1.1623046874999999e-08,308593750.0,29232421.875,8.28958069110486e-05,0.00044471081236640696,9.179986460315858e-05,10155.037441293316,13574.914805262944,7637.59866029438,63.49413638279468
0.0005732421875,2.9232421874999995e-08,408593750.0,29232421.875,8.7285881510421e-05,0.0005238082195825779,9.566893520092682e-05,10675.997901218334,12123.718216875795,9408.81191629888,43.974605831726066
0.0008474609374999999,1.1623046874999999e-08,408593750.0,29232421.875,9.541611680484262e-05,0.0005196820364935984,0.00010425835978950393,11683.502867745487,15545.950883165295,8772.274925565767,17.166423065666383
0.0008474609374999999,2.9232421874999995e-08,308593750.0,29232421.875,9.574346136985528e-05,0.0005265929268478043,0.00010397032012645176,11737.718895427593,13318.656124602625,10366.229846195747,17.50488795441144
0.0008474609374999999,2.9232421874999995e-08,408593750.0,23107421.875,0.00010126904858972305,0.0005832813393475063,0.00010925169333603796,12356.850427806281,14013.983321666803,10910.183722284442,13.534992628038239
0.0008474609374999999,2.9232421874999995e-08,408593750.0,29232421.875,9.730238862120004e-05,0.0005607588454864138,0.00010546927055014409,11915.31403197063,13508.50569062029,10514.5306861033,16.411463664429036
0.0012232421875,3.6123046874999997e-08,108593750.0,47607421.875,8.850232684736937e-05,0.0003895186402029999,9.670513468890287e-05,11096.637461779732,12282.543771175326,10091.908477468873,40.792128293602715
0.0014974609375,3.6123046874999997e-08,108593750.0,47607421.875,9.624413437048967e-05,0.00041329277045200775,0.00010422900324871978,12085.626840217312,13357.026218946337,11000.154480594605,21.511243944613817
0.0012232421875,4.732421875e-09,108593750.0,47607421.875,8.207159768687339e-05,0.00026200531133492854,7.807820442301326e-05,10281.305143200221,16443.13537188631,6645.611548434145,113.00100793799972
0.0012232421875,3.6123046874999997e-08,208593750.0,47607421.875,9.486954514046728e-05,0.0004665785714986721,0.00010296950982183919,11818.907734995537,13072.015620989978,10716.485097494828,21.201271903595888
0.0012232421875,3.6123046874999997e-08,108593750.0,4732421.875,0.0001236254725361968,0.0005527001273140056,0.000128248963518558,14969.561546759847,16608.408325975466,13564.934212101787,60.585956251112286
0.0012232421875,4.732421875e-09,208593750.0,4732421.875,0.00012881680428243974,0.0005465974474133684,0.0001353323355853098,15557.49168977455,27057.15750562768,9221.01253190808,307.4005322291743
0.0014974609375,3.6123046874999997e-08,208593750.0,4732421.875,0.0001417010563318609,0.0006654603178089543,0.0001480281775664306,17102.37705284059,18960.721944935114,15484.452822142535,191.62434495588187
0.0014974609375,4.732421875e-09,108593750.0,4732421.875,0.00013178240402054986,0.0005280041850728687,0.00013768907565980403,15973.885194527975,27852.653395428268,9508.7564664356,348.19736700878235
0.0014974609375,4.732421875e-09,208593750.0,47607421.875,9.795326726307257e-05,0.00035637751142665006,0.00010306489491267524,12202.23799327569,20155.143435545346,7734.9979859763225,92.0243496034855
0.0014974609375,4.732421875e-09,208593750.0,4732421.875,0.00014164948684416588,0.0005929416812681374,0.00014788586210611853,17117.33168755033,29656.58972570795,10161.178988111742,464.5512629106983
0.0008982421875,2.3873046874999996e-08,408593750.0,10857421.875,0.00011242303366900674,0.0006320320565891281,0.00012024940930726821,13615.24871410057,15855.892583324272,11693.585052216244,18.274889569575176
0.0011724609375,2.3873046874999996e-08,408593750.0,10857421.875,0.00012394866739763724,0.0006752115904318953,0.00013159791105347055,15024.37337321627,17473.987144516184,12917.996494976238,59.26014605865187
0.0008982421875,1.6982421874999998e-08,408593750.0,10857421.875,0.00011228058853967811,0.0006234687178840356,0.00012042290000990207,13596.280083421494,16733.659000697608,11041.419139628952,12.24287629776544
0.0008982421875,2.3873046874999996e-08,308593750.0,10857421.875,0.00011121147606308623,0.0005946714641761069,0.0001186383755382651,13475.334193267785,15705.708040714888,11586.587607088048,12.644582643591345
0.0008982421875,2.3873046874999996e-08,408593750.0,16982421.875,0.00010742403982827353,0.0006092751058048046,0.00011538734395654781,13059.630494737848,15203.79225442255,11218.69324494897,10.814390388201415
0.0008982421875,1.6982421874999998e-08,308593750.0,16982421.875,0.00010555954838569522,0.0005598337778430964,0.000113635400066825,12841.827486286815,15808.634511658785,10457.91450032495,2.2739381106352368
0.0011724609375,2.3873046874999996e-08,308593750.0,16982421.875,0.00011690758388934948,0.0006105331521084396,0.00012436098495486594,14236.781624346382,16554.789490280207,12266.70893542738,27.400658479037418
0.0011724609375,1.6982421874999998e-08,408593750.0,16982421.875,0.00011847307247533953,0.0006403494117276262,0.0001266065834246888,14413.561325023593,17687.00176336551,11743.530303540838,29.126547589055924
0.0011724609375,1.6982421874999998e-08,308593750.0,10857421.875,0.00012276485254542182,0.0006270471842176094,0.00013016355857194562,14885.836762345034,18293.006427864715,12131.338383171338,41.429913510826054
0.0011724609375,1.6982421874999998e-08,308593750.0,16982421.875,0.00011680884659984864,0.0006007323146601485,0.0001245664852365134,14222.309890436236,17461.606378850764,11601.021660548824,20.271277638243305
0.0002482421875,4.8373046875e-08,208593750.0,35357421.875,7.226418012280487e-05,0.00040399272877370706,8.069909334824822e-05,8883.067429649645,9660.757928030916,8223.27978097086,136.57206639686004
0.0005224609375,4.8373046875e-08,208593750.0,35357421.875,8.088208322805441e-05,0.00043475907877393714,8.885025941265532e-05,9964.77716526212,10817.375775100954,9233.909484243215,78.3252343484429
0.0002482421875,4.1482421874999996e-08,208593750.0,35357421.875,7.11725573230757e-05,0.0004007450691545647,7.97308556382168e-05,8749.05629717042,9632.931822910581,8000.840711619474,144.27174885466724
0.0002482421875,4.8373046875e-08,108593750.0,35357421.875,6.780522681127345e-05,0.0003472028931279807,7.655088731014043e-05,8378.315857941394,9136.466283074758,7769.294264819985,175.3584664798726
0.0002482421875,4.8373046875e-08,208593750.0,41482421.875,6.95683867792825e-05,0.00038875857080919164,7.841286145456971e-05,8584.164677296005,9332.884549170712,7944.251500288937,157.40952204399719
0.0002482421875,4.1482421874999996e-08,108593750.0,41482421.875,6.396001227692767e-05,0.0003261052693382489,7.28645345706932e-05,7936.792761666419,8758.486766307975,7272.670471329944,210.6210625242612
0.0005224609375,4.8373046875e-08,108593750.0,41482421.875,7.300233658579139e-05,0.00035653335461936867,8.16253794270617e-05,9080.296786410838,9869.631243901966,8431.580848815183,130.4718057114832
0.0005224609375,4.1482421874999996e-08,208593750.0,41482421.875,7.702637310186821e-05,0.0004159396832107675,8.554818874991391e-05,9522.91402375462,10455.622911153885,8717.130665002933,99.39782550979848
0.0005224609375,4.1482421874999996e-08,108593750.0,35357421.875,7.500055619822363e-05,0.0003706345676355578,8.338206244537807e-05,9285.766214684085,10226.965477086555,8520.577583813842,115.3761557214223
0.0005224609375,4.1482421874999996e-08,108593750.0,41482421.875,7.201826562198669e-05,0.00035214963568978733,8.06446736707935e-05,8955.185217825985,9853.951757967472,8218.338854921003,137.2765024156569
0.0002685546875,1.2388671875e-08,139843750.0,39185546.875,6.0548866335380154e-05,0.0002880698627190533,6.989710225258606e-05,7503.374759175873,9960.189828654447,5763.494221347068,248.94291635202492
0.0013552734375000001,1.2388671875e-08,139843750.0,39185546.875,9.702201757725906e-05,0.00040588388818813383,0.00010491146950788045,12063.982540125668,15655.839856123157,9347.938631791243,11.859694987234796
0.0002685546875,4.8373046875e-08,139843750.0,39185546.875,6.857680641533342e-05,0.0003600991852991861,7.703780239245104e-05,8477.508832593629,9230.768584991054,7855.093673806253,167.40893995351612
0.0002685546875,1.2388671875e-08,327343750.0,39185546.875,6.651809878236546e-05,0.0003793949753421632,7.623119648375118e-05,8187.570376732931,10853.324666071683,6228.585344094832,182.54889038711596
0.0002685546875,1.2388671875e-08,139843750.0,48373046.875,5.665579600861308e-05,0.00024359277967454156,6.64796304066176e-05,7064.837157123155,9339.516542860547,5465.054831212141,297.3899217418749
0.0002685546875,4.8373046875e-08,327343750.0,48373046.875,6.976497760734369e-05,0.00041571948535301884,7.872715517470262e-05,8619.354006326108,9356.85297951602,7971.7840379481495,153.21127912319392
0.0013552734375000001,1.2388671875e-08,327343750.0,48373046.875,0.00010024724911989032,0.0004853016518331403,0.00010898414757225011,12443.433137509652,16129.280522965122,9572.14363650136,4.852718623189296
0.0013552734375000001,4.8373046875e-08,139843750.0,48373046.875,9.520503652187174e-05,0.00043511316637518256,0.00010312656068556562,11943.142885573969,12907.766295994974,11110.666708804942,26.73776493455518
0.0013552734375000001,4.8373046875e-08,327343750.0,39185546.875,0.00010758150160253232,0.0005661576274614721,0.00011553912493163864,13325.405478480832,14405.602962058492,12360.341434995104,27.71117396429929
0.0013552734375000001,4.8373046875e-08,327343750.0,48373046.875,0.00010226424461943886,0.000537685885071799,0.0001105235049495225,12741.018156798833,13761.19126243151,11819.140260485325,22.001679861465686
0.0009185546875,3.6888671875e-08,339843750.0,14685546.875,0.00010946691753976462,0.0005996859426248262,0.00011692366814143986,13302.848997162975,14739.938639397502,12032.22026471634,22.50360130661213
0.0007052734375,3.6888671875e-08,339843750.0,14685546.875,0.00010129920592991611,0.0005695987879973846,0.00010894832328414301,12299.247195201784,13644.234977922119,11118.338353943635,17.456594641673757
0.0009185546875,2.3873046874999996e-08,339843750.0,14685546.875,0.00010921375235989314,0.0005965533117599439,0.00011702314015330298,13264.940037850967,15447.801579808527,11417.304842615982,10.950330345094759
0.0009185546875,3.6888671875e-08,127343750.0,14685546.875,0.00010297584423363693,0.0004894170531302374,0.0001092650107507097,12560.209111290364,13926.74146410145,11402.284140763053,14.691582875880924
0.0009185546875,3.6888671875e-08,339843750.0,23873046.875,0.00010280668997682488,0.000569633461310653,0.00011069587654010624,12566.563387712906,13915.871910753936,11374.504101508715,16.80723853649911
0.0009185546875,2.3873046874999996e-08,127343750.0,23873046.875,9.424989175886555e-05,0.00044853277961502935,0.00010164809462041664,11575.988330490203,13514.86813853051,10010.905471805085,17.45009658979117
0.0007052734375,3.6888671875e-08,127343750.0,23873046.875,8.842946425554478e-05,0.00043579799144532187,9.593970143542776e-05,10852.514833802617,12064.352738038304,9847.268665306974,42.2691845693881
0.0007052734375,2.3873046874999996e-08,339843750.0,23873046.875,9.398285939447542e-05,0.0005327513832328219,0.00010232711061731033,11472.355772272735,13371.277510911901,9860.14013586124,19.375910333588124
0.0007052734375,2.3873046874999996e-08,127343750.0,14685546.875,9.390299303284505e-05,0.00045721887656439785,0.00010088961013380955,11438.85815871143,13387.864192903142,9881.209549300766,19.40969592408112
0.0007052734375,2.3873046874999996e-08,127343750.0,23873046.875,8.668932515407749e-05,0.00042509097167834644,9.434532971056707e-05,10637.386416237528,12452.307167643428,9188.946061640245,43.76210943781394
0.0012435546875,2.4638671874999997e-08,239843750.0,26935546.875,0.00010958716860079261,0.0005486549121998273,0.00011696291644833097,13449.98785063411,15561.205630641934,11665.646677987022,10.24631319272422
0.00038027343749999997,2.4638671874999997e-08,239843750.0,26935546.875,7.799185124193285e-05,0.00044004219466774343,8.64905700595729e-05,9539.681565545574,11120.391158435534,8240.852052932976,91.41375051669668
0.0012435546875,1.1623046874999999e-08,239843750.0,26935546.875,0.00010835407380418161,0.0005125662134163468,0.0001162156405468948,13299.244613984822,17623.164631060823,10068.017740854217,8.247086043275472
0.0012435546875,2.4638671874999997e-08,427343750.0,26935546.875,0.00011354526886031212,0.0006271032505650565,0.00012155684549733237,13901.545172549913,16059.969237292487,12014.680738595967,22.74630349654192
0.0012435546875,2.4638671874999997e-08,239843750.0,11623046.875,0.0001231421354311951,0.0006119175892727959,0.00013003484175974137,14956.20842921085,17346.146511426374,12943.963564486377,49.84269129123537
0.0012435546875,1.1623046874999999e-08,427343750.0,11623046.875,0.00012687174374512235,0.000664350102550427,0.00013493544276528037,15383.777879882251,20457.018638629965,11553.097449715962,75.14314876211024
0.00038027343749999997,2.4638671874999997e-08,427343750.0,11623046.875,9.011886299625862e-05,0.0005518970729901551,9.824273442936339e-05,10899.520363088961,12684.454238598986,9375.7666028351,35.139098392368204
0.00038027343749999997,1.1623046874999999e-08,239843750.0,11623046.875,8.549165782111821e-05,0.0004545452824456474,9.366554452871042e-05,10355.847252200545,13959.214624658565,7766.235715449669,54.053367630226106
0.00038027343749999997,1.1623046874999999e-08,427343750.0,26935546.875,7.83330457379276e-05,0.0004631436601390315,8.772613057414121e-05,9564.556367879437,12844.303703368581,7139.890331209758,91.3238108694496
0.00038027343749999997,1.1623046874999999e-08,427343750.0,11623046.875,8.815224005372834e-05,0.0005177379003150529,9.704619372479881e-05,10663.821841128001,14340.443355427768,7949.637622797627,43.73467981961611
0.0005935546875,4.9138671874999995e-08,439843750.0,2435546.875,0.00011303330560554986,0.000645331734578542,0.00012074501385751119,13509.689767918688,14658.502295143657,12492.46795435382,38.268718150431106
0.0010302734375,4.9138671874999995e-08,439843750.0,2435546.875,0.0001313847271781542,0.0007176209806334969,0.00013880762283544293,15725.491460797675,17033.927084039777,14552.56095730472,127.59910273246888
0.0005935546875,3.6123046874999997e-08,439843750.0,2435546.875,0.00011305679198466738,0.0006538020484770022,0.00012091208215631136,13509.562715472228,15032.221857094051,12172.406384150245,31.091371801890837
0.0005935546875,4.9138671874999995e-08,227343750.0,2435546.875,0.00011052288866334819,0.0005703589889160946,0.00011820318146255514,13225.571481387773,14369.981657789025,12254.28190903314,26.87419743458397
0.0005935546875,4.9138671874999995e-08,439843750.0,36123046.875,8.675100442721812e-05,0.0005174053965315951,9.489638811889127e-05,10659.509442731762,11543.339011392432,9869.00529040023,51.04938995531677
0.0005935546875,3.6123046874999997e-08,227343750.0,36123046.875,8.184752718802341e-05,0.0004453119300166968,9.01682534691459e-05,10082.034886335136,11206.809432763836,9113.375719900476,69.88410482402715
0.0010302734375,4.9138671874999995e-08,227343750.0,36123046.875,9.690514028903546e-05,0.000496516542914427,0.0001044024762578555,11981.483151249417,12957.987508033648,11130.622291138608,23.973874684084667
0.0010302734375,3.6123046874999997e-08,439843750.0,36123046.875,0.00010033748881982775,0.0005768014220062258,0.000108425692632334,12347.645059811846,13674.740575326387,11154.023010412351,17.851561109129438
0.0010302734375,3.6123046874999997e-08,227343750.0,2435546.875,0.00012955911627843898,0.0006361085930900089,0.0001367573965006294,15517.440607647282,17252.435638525592,14018.549597708161,91.45887017240771
0.0010302734375,3.6123046874999997e-08,227343750.0,36123046.875,9.617285711617028e-05,0.0004940897308712567,0.00010391386763398627,11874.874540417353,13163.824281997171,10751.567582843181,19.389826891519306
0.0007560546875,1.8513671874999997e-08,389843750.0,8560546.875,0.00010795958429861225,0.0006059522816984796,0.00011603835756448134,13048.79179363995,15840.888565894797,10760.239585345676,6.715715140996438
0.0008677734375,1.8513671874999997e-08,389843750.0,8560546.875,0.0001128971539149709,0.0006238001206240955,0.00012088959161263632,13650.558873208576,16556.4196513637,11263.447792615121,13.524210655956507
0.0007560546875,4.2248046875e-08,389843750.0,8560546.875,0.00010853165252187614,0.0006135810305879368,0.00011604375324505231,13127.918834130956,14389.818399884412,12007.725848406888,25.652995356123274
0.0007560546875,1.8513671874999997e-08,477343750.0,8560546.875,0.00010866588305276274,0.0006311995279122351,0.00011680856529784354,13131.24700965079,15923.034644259544,10830.471702188674,9.929291201432928
0.0007560546875,1.8513671874999997e-08,389843750.0,5498046.875,0.00011286198700641669,0.0006257987821213988,0.00012103749524027063,13581.746208680632,16496.316213278038,11200.050674207032,13.104382031350465
0.0007560546875,4.2248046875e-08,477343750.0,5498046.875,0.0001139435566880612,0.0006623574751991119,0.0001214264474083866,13709.38200039377,15030.20214121216,12533.824994115594,39.992958789830475
0.0008677734375,1.8513671874999997e-08,477343750.0,5498046.875,0.00011911466954039411,0.0006766936262329618,0.00012726502146268753,14329.128322278148,17376.951234422246,11802.787510077043,33.570464999675245
0.0008677734375,4.2248046875e-08,389843750.0,5498046.875,0.00011768829883786482,0.000651997925723438,0.0001251211832787076,14172.466512386774,15531.046662005494,12963.213048212434,48.80778427558484
0.0008677734375,4.2248046875e-08,477343750.0,8560546.875,0.00011339625544616385,0.0006572801993412871,0.00012065206474588131,13722.398802707963,15033.811160637404,12550.471106350238,39.362705674676825
0.0008677734375,4.2248046875e-08,477343750.0,5498046.875,0.00011852681056845929,0.0006809274946996513,0.00012599162749129305,14268.210524623426,15634.459873385587,13049.043015922492,55.97025272873431
0.0014060546875,4.3013671875e-08,189843750.0,33060546.875,0.00010885080591098629,0.0005258790924016249,0.00011623574384466776,13467.00566711999,14703.995463299872,12393.59876979453,24.855965115608917
0.0002177734375,4.3013671875e-08,189843750.0,33060546.875,7.094414152539923e-05,0.0003962182480930209,7.921431646095936e-05,8711.849873308378,9571.573560559127,7988.558930782309,147.0709113219518
0.0014060546875,1.7748046874999996e-08,189843750.0,33060546.875,0.00010790233073618623,0.0005027009307283286,0.00011547010027885863,13321.913222173582,16172.635088233745,11014.1559463324,2.38768868690084
0.0014060546875,4.3013671875e-08,277343750.0,33060546.875,0.00011204549284806426,0.0005704169146674592,0.00011944386969416835,13828.840988048698,15078.72777785148,12713.811806883037,33.01134565084402
0.0014060546875,4.3013671875e-08,189843750.0,29998046.875,0.00011101290375679976,0.0005361597967111076,0.00011842088181556883,13705.14318517934,14968.854929392313,12617.5237724101,29.176897339369596
0.0014060546875,1.7748046874999996e-08,277343750.0,29998046.875,0.00011401484546142894,0.0005648599907876009,0.0001219486561187149,14014.624998867217,17009.36061098255,11568.982600694862,13.29226990329042
0.0002177734375,4.3013671875e-08,277343750.0,29998046.875,7.441321329859955e-05,0.0004397603266265283,8.304019642300649e-05,9102.388977415316,9992.507793793628,8338.296091599646,120.03672273920918
0.0002177734375,1.7748046874999996e-08,189843750.0,29998046.875,6.727785622567172e-05,0.0003706393977985857,7.619395135806642e-05,8254.91269620516,10186.028102325972,6769.233531594959,176.59516485585564
0.0002177734375,1.7748046874999996e-08,277343750.0,33060546.875,6.803883965831922e-05,0.00039993371385355737,7.746917978343273e-05,8346.022964008616,10277.023752569587,6825.567930040329,167.98113981726783
0.0002177734375,1.7748046874999996e-08,277343750.0,29998046.875,6.956863947988755e-05,0.0004087282544793044,7.888579192120339e-05,8517.372606149504,10490.626416315514,6967.0958521885495,154.7833183810971
0.0010810546875,6.263671874999999e-09,489843750.0,20810546.875,0.00011140713991101855,0.0005649874050972038,0.0001199880155915119,13579.406487656594,21545.378238701494,8656.518676335392,94.40207282664072
0.0005427734375,6.263671874999999e-09,489843750.0,20810546.875,8.820779407145057e-05,0.0004736598941064204,9.739154137457614e-05,10736.392310370251,17242.971168615324,6800.233018330647,80.15868099429653
0.0010810546875,5.4980468749999995e-09,489843750.0,20810546.875,0.00011121795580648371,0.0005523472176390044,0.00011982764158047281,13556.998034800688,22453.764800791847,8336.380740907334,126.16181524051423
0.0010810546875,6.263671874999999e-09,377343750.0,20810546.875,0.00010964093067471596,0.0005263525234780609,0.000117897508944543,13375.4534916577,21146.88610172141,8541.1838214211,84.60250437967123
0.0010810546875,6.263671874999999e-09,489843750.0,42248046.875,9.585087070977464e-05,0.00047050074539564907,0.00010508445679456833,11828.506000234383,18648.721579891077,7599.743124352563,62.84533503827684
0.0010810546875,5.4980468749999995e-09,377343750.0,42248046.875,9.352147305262488e-05,0.00041792449282392703,0.00010254650995252621,11560.370621589704,18883.013311986262,7204.794013618125,82.31308957503923
0.0005427734375,6.263671874999999e-09,377343750.0,42248046.875,7.395106877611865e-05,0.00035742077464725596,8.362372516204072e-05,9127.601052662538,14541.175866366502,5847.995809453902,141.0618089648395
0.0005427734375,5.4980468749999995e-09,489843750.0,42248046.875,7.524969964018185e-05,0.00037774989969369317,8.515992477206761e-05,9275.385557159141,15511.09637045136,5707.490559290728,140.42225659885443
0.0005427734375,5.4980468749999995e-09,377343750.0,20810546.875,8.648238534383024e-05,0.0004279432369875891,9.53966763860716e-05,10537.11288877355,17613.223673346878,6473.492275200217,99.08833150275322
0.0005427734375,5.4980468749999995e-09,377343750.0,42248046.875,7.35846238202021e-05,0.0003440359962832959,8.330692825514783e-05,9084.629513419257,15098.787198196665,5617.864634216858,152.07941056720384
0.0004310546875,3.0763671875e-08,289843750.0,45310546.875,7.272309480937448e-05,0.00042120801703420923,8.189256894441764e-05,8985.106830479144,10153.30430440718,7979.977851101122,127.05647566512361
0.0011927734375,3.0763671875e-08,289843750.0,45310546.875,9.7438043844987e-05,0.0005091594799296534,0.00010597204704818793,12084.835031438155,13582.63428439873,10763.908129442325,14.197872076279122
0.0004310546875,2.9998046875e-08,289843750.0,45310546.875,7.259054932569873e-05,0.0004203242681504048,8.177981800948584e-05,8968.954614510754,10164.26060268252,7942.701998590112,127.94547981908939
0.0004310546875,3.0763671875e-08,177343750.0,45310546.875,6.960997070364766e-05,0.0003693321553858975,7.86033630124441e-05,8631.074337024154,9768.606830297414,7678.133906227658,154.24148505180722
0.0004310546875,3.0763671875e-08,289843750.0,17748046.875,8.741137095198875e-05,0.000501272195881697,9.543772909765382e-05,10623.39537636836,12030.817635481113,9419.15094047187,45.2549748942096
0.0004310546875,2.9998046875e-08,177343750.0,17748046.875,8.44956172095193e-05,0.0004519532485406498,9.222624354157304e-05,10288.529394229314,11724.982387616697,9120.558573553439,57.31532483044528
0.0011927734375,3.0763671875e-08,177343750.0,17748046.875,0.00011289475388219851,0.0005461003468544823,0.00011999095969781516,13792.043311680232,15570.29672191924,12294.946313403521,21.22743719459367
0.0011927734375,2.9998046875e-08,289843750.0,17748046.875,0.00011660292650388421,0.000605751879380801,0.00012371809105770633,14215.226762509132,16064.06873077629,12602.422413091868,33.114219816278386
0.0011927734375,2.9998046875e-08,177343750.0,45310546.875,9.329368930457254e-05,0.0004474929696143358,0.00010128717638100047,11612.697943398418,13096.360216937614,10341.491619273607,21.767295665898306
0.0011927734375,2.9998046875e-08,177343750.0,17748046.875,0.0001128822258292447,0.0005457747669618969,0.00011997563328737632,13789.968561399159,15612.202742401285,12259.906432423046,20.450554549047787
0.0005123046875,2.1576171874999996e-08,464843750.0,36123046.875,8.082106111767368e-05,0.000500294184526495,9.000038179398856e-05,9916.215637401789,11730.028368438792,8375.784482157042,71.89165199946243
0.0007865234375,2.1576171874999996e-08,464843750.0,36123046.875,9.088053602994542e-05,0.0005394096292744639,9.980866617502598e-05,11162.05719968004,13169.817119929066,9445.763400397416,26.58213856087591
0.0005123046875,3.3060546875e-08,464843750.0,36123046.875,8.248842203508884e-05,0.000511532005129162,9.116688705118437e-05,10120.856934799878,11339.441422630438,9044.91338683171,66.33253527467244
0.0005123046875,2.1576171874999996e-08,452343750.0,36123046.875,8.070158158494585e-05,0.0004969706473020772,8.987084994387332e-05,9902.667323129454,11714.91611886664,8366.296503418693,72.47755344131446
0.0005123046875,2.1576171874999996e-08,464843750.0,2435546.875,0.00010914274736691554,0.0006412087754169277,0.00011733277931018162,13037.491219216934,15463.319519563602,10988.28347827306,12.717479910816943
0.0005123046875,3.3060546875e-08,452343750.0,2435546.875,0.00010940502908452178,0.0006422562697795754,0.00011729721606710454,13068.598682384929,14674.253514585775,11663.109789892977,22.426577745124575
0.0007865234375,2.1576171874999996e-08,452343750.0,2435546.875,0.0001225148156871514,0.0006879388393032443,0.00013051862299466157,14643.374985023434,17334.50249287397,12362.206227844337,46.75861805562865
0.0007865234375,3.3060546875e-08,464843750.0,2435546.875,0.0001220904561288067,0.0006955297125813329,0.0001298200286867073,14594.879583248889,16366.196938513369,13033.440367979429,60.09109335641817
0.0007865234375,3.3060546875e-08,452343750.0,36123046.875,9.191231979120542e-05,0.0005472292104253863,0.00010031846961942467,11293.928043203261,12631.04372184446,10108.302452359332,29.304851651344652
0.0007865234375,3.3060546875e-08,452343750.0,2435546.875,0.00012199465569589198,0.0006920378711170037,0.00012977920455551045,14584.653934718634,16355.767388115106,13027.948593193158,59.21987618424784
0.0011623046875,4.6076171874999997e-08,264843750.0,11623046.875,0.00011972471011863155,0.0006112588719944334,0.00012643198149729705,14553.824544596911,15835.821883096161,13432.593849365549,57.9600100707289
0.0014365234375,4.6076171874999997e-08,264843750.0,11623046.875,0.00012976750572872274,0.0006466503416255826,0.00013657072280009848,15793.298091768736,17171.607899392813,14584.013546654829,115.96286428714272
0.0011623046875,8.560546875e-09,264843750.0,11623046.875,0.00011991454058270659,0.0005648291317972796,0.00012729899238084642,14555.755800937717,20985.39200454269,10138.137983361603,66.26204458557662
0.0011623046875,4.6076171874999997e-08,252343750.0,11623046.875,0.00011944913637719452,0.0006062664064000707,0.00012641152828068807,14522.114590419531,15806.054975700308,13407.83238414093,56.54626299128391
0.0011623046875,4.6076171874999997e-08,264843750.0,26935546.875,0.00010790889258301265,0.0005577860098514774,0.0001150610330080226,13256.286732151688,14402.319540863524,12242.661216413682,24.98067605396249
0.0011623046875,8.560546875e-09,252343750.0,26935546.875,0.00010497296767279453,0.0004840319880414998,0.00011289925061940265,12881.727036488302,18461.021061208543,9038.794205763787,26.310110490383344
0.0014365234375,4.6076171874999997e-08,252343750.0,26935546.875,0.00011661941382621948,0.0005825488829615387,0.0001234520559364389,14350.573707074687,15579.86836689637,13262.597816315567,48.89667932363538
0.0014365234375,8.560546875e-09,264843750.0,26935546.875,0.00011605718325557462,0.0005274804491547615,0.0001237822784098593,14248.592171594533,20350.290186985825,10012.084158571266,49.4832681078518
0.0014365234375,8.560546875e-09,252343750.0,11623046.875,0.00013144076249849412,0.0006000134418341877,0.0001385355944789974,15969.30599110195,22961.90530532569,11150.807712188265,133.71075485445985
0.0014365234375,8.560546875e-09,252343750.0,26935546.875,0.0001155326982639203,0.0005205557219152776,0.00012322204005530974,14188.583697693552,20262.19147751023,9979.319764220718,47.505329041472706
0.0014873046875000001,9.326171875e-09,364843750.0,48373046.875,0.0001051353477348468,0.000491735583068921,0.00011386238055243809,13048.893461918482,18081.729282947403,9386.398759146578,17.348374814619312
0.0011115234375,9.326171875e-09,364843750.0,48373046.875,9.202521490457969e-05,0.0004446099430757778,0.00010109785458022337,11409.982125526003,15898.595808264141,8180.522480273737,31.546801048290256
0.0014873046875000001,2.0810546874999998e-08,364843750.0,48373046.875,0.00010640595979677872,0.0005496961311240083,0.00011509556344598608,13206.255414474681,15561.442098838985,11185.239357697283,4.802252431623904
0.0014873046875000001,9.326171875e-09,352343750.0,48373046.875,0.00010482400016671301,0.000486327382381336,0.00011351666832598616,13013.150160671272,18027.268294609992,9365.701298512828,17.090397750921937
0.0014873046875000001,9.326171875e-09,364843750.0,39185546.875,0.00011146071385045339,0.0005326669841449741,0.00011990565092839814,13761.500232705946,19134.12090787869,9869.773720847352,27.51480650393794
0.0014873046875000001,2.0810546874999998e-08,352343750.0,39185546.875,0.00011217422995625865,0.0005808559475871325,0.00012059084225537201,13851.843807813906,16349.125047747593,11729.934468663665,13.69914454445165
0.0011115234375,9.326171875e-09,352343750.0,39185546.875,9.738884952910674e-05,0.00047829957150564853,0.00010612918588938681,12014.011327379205,16783.889217642318,8595.420337080117,21.49347972593874
0.0011115234375,2.0810546874999998e-08,364843750.0,39185546.875,9.924870499541186e-05,0.0005384491694950203,0.00010792394219548483,12237.84367679958,14478.699355163175,10341.786690060568,6.291653949806849
0.0011115234375,2.0810546874999998e-08,352343750.0,48373046.875,9.360814973000018e-05,0.0005007924295309667,0.00010256871353319208,11605.065144425267,13708.715407258438,9815.542558492052,15.34675143858703
0.0011115234375,2.0810546874999998e-08,352343750.0,39185546.875,9.901291211779741e-05,0.0005337687351882374,0.00010767569873018839,12211.191799007187,14448.900681103089,10321.665714341578,6.38394726558134
0.0008373046874999999,3.3826171874999996e-08,164843750.0,23873046.875,9.481857598135424e-05,0.0004756491508572858,0.00010247753819932765,11623.726082114179,13023.972045151055,10454.842816580258,21.378101184968195
0.0004615234375,3.3826171874999996e-08,164843750.0,23873046.875,8.168375983335838e-05,0.0004329218629905783,8.95821475994722e-05,9994.266198247662,11232.713440434953,8974.800796044925,72.31134915313034
0.0008373046874999999,4.5310546875e-08,164843750.0,23873046.875,9.567124270720327e-05,0.0004793734572332656,0.00010336969690621566,11736.130028835938,12808.572369703441,10836.594467990679,24.917619778763605
0.0008373046874999999,3.3826171874999996e-08,152343750.0,23873046.875,9.416296906494783e-05,0.000467701887151958,0.00010177379087321063,11548.850012320918,12937.84556510849,10394.807427903512,22.951400951750465
0.0008373046874999999,3.3826171874999996e-08,164843750.0,14685546.875,0.0001019396038083266,0.0005063116872088387,0.00010907991143753808,12411.987978289775,13906.715944539817,11159.990897117425,12.729519971647246
0.0008373046874999999,4.5310546875e-08,152343750.0,14685546.875,0.0001019507639776788,0.0004982274344840436,0.00010883670169637144,12424.71885033019,13550.679104145313,11465.235579968245,19.2005590702896
0.0004615234375,3.3826171874999996e-08,152343750.0,14685546.875,8.733058422279315e-05,0.0004524003850014568,9.487485426921445e-05,10617.8437381345,11938.219053072602,9539.943419580022,46.77709392310731
0.0004615234375,4.5310546875e-08,164843750.0,14685546.875,8.911943478796354e-05,0.0004640958725614544,9.68051098539671e-05,10834.136660543794,11854.480885908122,9990.218070009794,43.781521386396165
0.0004615234375,4.5310546875e-08,152343750.0,23873046.875,8.261439862289987e-05,0.00043035730206091754,9.06427719490181e-05,10115.221164376737,11068.7803444661,9330.344393467594,70.56464828010647
0.0004615234375,4.5310546875e-08,152343750.0,14685546.875,8.864466585429366e-05,0.00045632822301185967,9.609956437704627e-05,10780.008882208738,11792.53252499955,9939.02972957657,45.72619356932895
0.0006748046875,3.2011718749999998e-09,214843750.0,17748046.875,8.809999913860971e-05,0.0003659475463353856,9.60107946297007e-05,10754.649505502308,21263.669049555763,5934.733907204279,188.74662762424867
0.0002990234375,3.2011718749999998e-09,214843750.0,17748046.875,7.232705262438288e-05,0.0003081378344827317,8.092763559268141e-05,8820.834469013129,17750.522764901543,4844.896872034554,208.59374951897013
0.0006748046875,2.6935546874999998e-08,214843750.0,17748046.875,9.470125204043015e-05,0.0004994510376615937,0.00010205808946620409,11533.12266084738,13269.417527493953,10090.911864486823,18.726639770098974
0.0006748046875,3.2011718749999998e-09,302343750.0,17748046.875,9.155380428362343e-05,0.0003968429144207553,9.974302300013058e-05,11153.658598816626,22135.15609076354,6126.596113682205,198.29107395786806
0.0006748046875,3.2011718749999998e-09,214843750.0,45310546.875,7.069648533828443e-05,0.00027099815736207123,7.53666834730966e-05,8792.529947668625,16696.067639929828,5089.98865186192,196.68192467344147
0.0006748046875,2.6935546874999998e-08,302343750.0,45310546.875,8.04059421103858e-05,0.0004505404272177278,8.943467645177618e-05,9944.038286292323,11389.14077454956,8703.17351992718,73.38369885877636
0.0002990234375,3.2011718749999998e-09,302343750.0,45310546.875,6.01471647774863e-05,0.0002535464081838884,6.80466774968707e-05,7453.017707938838,14756.230963313043,4244.4892735792055,266.0405858982446
0.0002990234375,2.6935546874999998e-08,214843750.0,45310546.875,6.587543329976596e-05,0.0003678724514327998,7.536664530350084e-05,8151.129755178098,9387.732727086955,7128.458549041645,187.47703136652376
0.0002990234375,2.6935546874999998e-08,302343750.0,17748046.875,8.186670205512385e-05,0.000483740130102035,9.023312966651876e-05,9943.122307068217,11459.96626211726,8672.560945307065,70.7381350517344
0.0002990234375,2.6935546874999998e-08,302343750.0,45310546.875,6.787962530668828e-05,0.0004028020897848403,7.729856788910733e-05,8379.55739279061,9634.643502863579,7312.526313547715,167.8557999126633
0.0013248046875,2.7701171874999996e-08,414843750.0,42248046.875,0.00010595571020014666,0.0005819424869312687,0.00011432657671679267,13094.80625945585,14880.164770310423,11507.833279089977,12.217918630244473
0.0009490234375,2.7701171874999996e-08,414843750.0,42248046.875,9.320703982717811e-05,0.0005329475856735098,0.00010187389036688077,11501.562369016163,13094.413795010063,10093.91740443136,21.76351186617532
0.0013248046875,2.435546875e-09,414843750.0,42248046.875,0.00010156930951530115,0.00043315657621612643,0.00011035914296826654,12567.686834714199,26318.268957207627,6813.1954477103645,325.7172429981572
0.0013248046875,2.7701171874999996e-08,102343750.0,42248046.875,9.296159566742417e-05,0.00040260621144284816,0.00010091273159975091,11618.28313127206,13220.476717418083,10288.07702241084,23.508324937927636
0.0013248046875,2.7701171874999996e-08,414843750.0,20810546.875,0.00012118355354066238,0.0006616149184658826,0.00012892316362607363,14790.51019369501,16848.366207406485,12984.686254121429,53.803573219130456
0.0013248046875,2.435546875e-09,102343750.0,20810546.875,9.65506804241091e-05,0.00037669127416364043,0.00010393854144501044,11945.527474547984,24739.219971609426,6520.499089602957,272.62731895996995
0.0009490234375,2.7701171874999996e-08,102343750.0,20810546.875,9.584895760402865e-05,0.0004448088573337864,0.00010245890823679259,11765.528664935991,13455.401236593374,10383.749576655135,16.920451218701515
0.0009490234375,2.435546875e-09,414843750.0,20810546.875,0.00010301372114968849,0.00045852733917849553,0.00011136249150202076,12567.779604431216,26991.785373852897,6703.721377211254,362.5881520672215
0.0009490234375,2.435546875e-09,102343750.0,42248046.875,7.180986956741035e-05,0.00024883129942030976,7.066517024522365e-05,9000.482687489402,17264.552524873172,5188.0371193270175,198.19361278788818
0.0009490234375,2.435546875e-09,102343750.0,20810546.875,8.346722262161856e-05,0.00033085542134789827,9.135685999029329e-05,10313.598577957222,21618.167755245297,5614.613544158076,221.03231126094218
0.0009998046875,1.5451171875e-08,114843750.0,5498046.875,0.00011378426102423586,0.0005146411071552696,0.00011957818217797674,13766.159174061408,17294.16966129106,11064.275602690213,8.27425207690071
0.0012740234375,1.5451171875e-08,114843750.0,5498046.875,0.0001254535248380223,0.0005519594329787972,0.00013085686678645397,15191.017936611177,19030.40502276601,12225.6022219718,47.49159234419795
0.0009998046875,1.4685546874999999e-08,114843750.0,5498046.875,0.00011368480680238467,0.0005129473137519755,0.0001195335048791813,13753.716313834457,17462.50891489179,10940.362105217846,8.627852196435972
0.0009998046875,1.5451171875e-08,402343750.0,5498046.875,0.00012435791104665884,0.0006664195103623185,0.00013252498904784115,14972.465107525575,18771.691293989887,11936.826534900505,50.43517964613476
0.0009998046875,1.5451171875e-08,114843750.0,8560546.875,0.00010973251621386655,0.000498076923997865,0.0001158269076267441,13317.22422477546,16731.744170024445,10712.629436543666,2.773725927047134
0.0009998046875,1.4685546874999999e-08,402343750.0,8560546.875,0.00011885402572640309,0.0006425056365686624,0.00012695864470140772,14374.648327357201,18199.623300750114,11349.57133973941,29.78735149706813
0.0012740234375,1.5451171875e-08,402343750.0,8560546.875,0.00013107968394859864,0.0006888171342426557,0.00013896005400824139,15865.318390704246,19836.675070904963,12671.562756686064,90.041363070466
0.0012740234375,1.4685546874999999e-08,114843750.0,8560546.875,0.00012088971440834983,0.0005313538951346955,0.000126663245275911,14685.51722903844,18579.028781174464,11720.524654430312,29.897810256322277
0.0012740234375,1.4685546874999999e-08,402343750.0,5498046.875,0.00013722814111620144,0.0007126664826389134,0.0001452078542140396,16533.413095282176,20897.657700282543,13060.805760865222,131.87830962523535
0.0012740234375,1.4685546874999999e-08,402343750.0,8560546.875,0.0001311198317087644,0.0006868549262917603,0.0001390516621699146,15869.581191441786,20045.893155746886,12544.418135289743,90.67169100369563
0.00034980468749999996,3.9951171875e-08,314843750.0,29998046.875,7.907731785645077e-05,0.00046650298786881397,8.761681073237995e-05,9676.045087218874,10673.816388781359,8806.266058708317,88.14956484528538
0.0006240234375,3.9951171875e-08,314843750.0,29998046.875,8.851584016791777e-05,0.0005027240867033104,9.680552152945054e-05,10848.589961809523,11946.305535432877,9884.327617302679,42.21228225599928
0.00034980468749999996,3.9185546875e-08,314843750.0,29998046.875,7.897084347012111e-05,0.0004668160902724094,8.752085593593723e-05,9663.12093328617,10677.678814970684,8779.200910698899,88.60271381944911
0.00034980468749999996,3.9951171875e-08,202343750.0,29998046.875,7.671615673974037e-05,0.00042428011817225906,8.472436200851843e-05,9407.441876725705,10388.991452651468,8575.724050709674,103.55517407269267
0.00034980468749999996,3.9951171875e-08,314843750.0,33060546.875,7.756506998333439e-05,0.000459619985399968,8.618977588945468e-05,9507.781081791261,10484.827250343697,8655.806018195966,96.9263638247023
0.00034980468749999996,3.9185546875e-08,202343750.0,33060546.875,7.505236641743815e-05,0.000414962632342344,8.327646462579484e-05,9220.891767128716,10199.055393355764,8392.154326704556,114.40104749992861
0.0006240234375,3.9951171875e-08,202343750.0,33060546.875,8.41636672640513e-05,0.00044736072829550187,9.196886309904316e-05,10358.625119438093,11413.333553794437,9453.461165945238,59.74563108349007
0.0006240234375,3.9185546875e-08,314843750.0,33060546.875,8.675377616185166e-05,0.0004935470843696536,9.516370224415264e-05,10651.884269016717,11746.716240369917,9691.333015224815,48.15879147550511
0.0006240234375,3.9185546875e-08,202343750.0,29998046.875,8.579203137337721e-05,0.0004559012535320216,9.345262351391671e-05,10537.862347376209,11636.825440788449,9600.266898587222,52.48685227587058
0.0006240234375,3.9185546875e-08,202343750.0,33060546.875,8.408038299927946e-05,0.0004469364359007193,9.189555767878489e-05,10348.047506772762,11420.747327279603,9428.544073641966,59.92853392550056
0.0003091796875,1.3919921875e-08,252343750.0,22341796.875,7.592347600481503e-05,0.00042227965246512795,8.480471994360928e-05,9260.11498516193,11970.118587186413,7227.151877431188,106.5657220221738
0.0010708984375,1.3919921875e-08,252343750.0,22341796.875,0.00010630322448718285,0.0005276365580883121,0.00011415222537524277,12996.171925642204,16600.47993930011,10204.124541138666,2.263847704241722
0.0003091796875,3.966796874999999e-09,252343750.0,22341796.875,7.170215580563394e-05,0.00031366621928877327,8.066318918606776e-05,8762.939692791417,16425.980864564703,4993.69038425785,192.22685332057492
0.0003091796875,1.3919921875e-08,139843750.0,22341796.875,7.162623020192262e-05,0.00036471501201458696,7.985702628724852e-05,8765.857688534572,11374.269888487523,6873.336050966123,140.73477113426335
0.0003091796875,1.3919921875e-08,252343750.0,10091796.875,8.434002163034965e-05,0.00046520935644100026,9.256136625959204e-05,10199.778652645145,13201.662847044629,7949.460137951256,57.40533660823706
0.0003091796875,3.966796874999999e-09,139843750.0,10091796.875,7.556000108178646e-05,0.00031771433817662594,8.328439118605252e-05,9173.87627050107,17316.94039785325,5225.18026116438,179.0156674884044
0.0010708984375,1.3919921875e-08,139843750.0,10091796.875,0.00011272502552637481,0.0005156001979937181,0.00011914920817533498,13691.934501215048,17563.771599810287,10779.407146692854,8.436474580740938
0.0010708984375,3.966796874999999e-09,252343750.0,10091796.875,0.00011546706644901386,0.0004923010071612605,0.00012257965607143724,14007.422005007684,25758.840715687944,8000.883256536491,260.42715035391507
0.0010708984375,3.966796874999999e-09,139843750.0,22341796.875,9.467673586008031e-05,0.0003648198634533339,0.00010206963694916893,11652.66826249787,21110.808618700343,6759.17188245164,146.49129657746496
0.0010708984375,3.966796874999999e-09,139843750.0,10091796.875,0.00010807286038168429,0.0004346622624539283,0.00011463695164895904,13149.475711424817,24215.919026068786,7547.679397396363,208.58111832017278
0.0009591796875,3.8419921875e-08,452343750.0,46841796.875,9.238887270759526e-05,0.0005368340796971064,0.00010096131444976202,11435.73603948651,12589.037978068207,10388.062514064171,28.69218443817423
0.0004208984375,3.8419921875e-08,452343750.0,46841796.875,7.511674632860076e-05,0.0004701471770636145,8.413621210711419e-05,9266.599599334499,10234.191553262917,8399.417487810362,110.16689827030862
0.0009591796875,2.8466796874999997e-08,452343750.0,46841796.875,9.160211516904513e-05,0.0005333129432855139,0.00010047417227046772,11328.740445906584,12851.370485321482,9973.473254281407,26.13527354118546
0.0009591796875,3.8419921875e-08,339843750.0,46841796.875,9.079533630052574e-05,0.0005017658929001731,9.930889388140723e-05,11255.237405582748,12392.441715012872,10241.291361911337,31.906258762408175
0.0009591796875,3.8419921875e-08,452343750.0,34591796.875,9.906091500176314e-05,0.0005759117992448023,0.00010710041664630101,12176.881782869557,13418.42920860435,11057.849983949327,20.099386259795903
0.0009591796875,2.8466796874999997e-08,339843750.0,34591796.875,9.688800060643581e-05,0.0005353116725823883,0.00010527068416027707,11915.920828968128,13542.35990941894,10497.117393307264,14.872566429885355
0.0004208984375,3.8419921875e-08,339843750.0,34591796.875,7.939050298374748e-05,0.00047241249956488687,8.792506447367858e-05,9740.831791326607,10771.259404631375,8840.872904240698,84.76858057871439
0.0004208984375,2.8466796874999997e-08,452343750.0,34591796.875,7.924791952025654e-05,0.0004962985371423361,8.810358027705852e-05,9711.555016219558,11070.44437481713,8528.23467649226,83.5297050114815
0.0004208984375,2.8466796874999997e-08,339843750.0,46841796.875,7.219409536201263e-05,0.0004285561737539512,8.14822454095233e-05,8918.70189891385,10163.323779908038,7838.16317720628,130.61871588094812
0.0004208984375,2.8466796874999997e-08,339843750.0,34591796.875,7.793270543442244e-05,0.0004647044759098862,8.669711968622323e-05,9561.749485850814,10909.365277395234,8400.619644899625,91.45206466524328
0.0012841796875,1.6699218750000001e-09,152343750.0,10091796.875,6.612633644427603e-05,0.0004928413663032209,0.0001390263972497239,10998.998736545445,32592.53591007895,6483.717653252949,748.0197187539857
0.0007458984374999999,1.6699218750000001e-09,152343750.0,10091796.875,9.206831688888231e-05,0.00040438337771533077,9.949606361704975e-05,11200.45490195273,26592.39054996648,5850.5222151683265,385.77566320156967
0.0012841796875,4.0716796875e-08,152343750.0,10091796.875,0.0001223628437250184,0.0005676967772709869,0.00012811154033458343,14883.13452741361,16324.626527639219,13631.374935090296,62.3693469873384
0.0012841796875,1.6699218750000001e-09,239843750.0,10091796.875,0.00012214576996712556,0.0005307844845700594,0.00012910632749678211,14838.902082882836,34624.1791558746,7743.376085981743,861.2534332222269
0.0012841796875,1.6699218750000001e-09,152343750.0,46841796.875,8.41238784340066e-05,0.0003125431838890418,8.455936655150906e-05,10537.884879416872,21975.86205600548,6017.8124736029595,213.28550987781162
0.0012841796875,4.0716796875e-08,239843750.0,46841796.875,9.852097198518975e-05,0.0004947958450788713,0.00010665166339900989,12266.569653551287,13424.067052216917,11236.820687877189,18.5523742004377
0.0007458984374999999,1.6699218750000001e-09,239843750.0,46841796.875,7.18641480818748e-05,0.0002968894291360451,7.772343043589654e-05,8948.472517148495,20008.76194213548,4857.324715758438,240.90643204065174
0.0007458984374999999,4.0716796875e-08,152343750.0,46841796.875,7.881550226404115e-05,0.0003902268198391808,8.712876349910608e-05,9817.644914591767,10781.94509896559,8998.381230142253,87.52991427042168
0.0007458984374999999,4.0716796875e-08,239843750.0,10091796.875,0.00010492154746708136,0.0005522854863759619,0.00011200860457982666,12714.447850123934,14004.657234206059,11616.960044902977,17.78549011637684
0.0007458984374999999,4.0716796875e-08,239843750.0,46841796.875,8.217073824245893e-05,0.0004390748379603853,9.089801006964544e-05,10197.638656326562,11190.354810585995,9325.312973054455,67.48792485652928
0.0006341796875,2.6169921874999997e-08,352343750.0,34591796.875,8.538159546308539e-05,0.0004952455999718758,9.403122194368174e-05,10483.753768208599,12060.857321917316,9121.46813842826,49.38027144533048
0.0013958984375,2.6169921874999997e-08,352343750.0,34591796.875,0.00011231536499825781,0.0005941045723436315,0.00012048030969730232,13832.29806703368,15840.545371567416,12072.66878232514,19.85113453394362
0.0006341796875,1.6216796874999997e-08,352343750.0,34591796.875,8.384443388247217e-05,0.0004722770425672707,9.292393003299969e-05,10296.582582638935,12784.301747026318,8308.358942338104,53.995117867887394
0.0006341796875,2.6169921874999997e-08,439843750.0,34591796.875,8.650344070849698e-05,0.0005206623468623014,9.523466449373727e-05,10611.68051284701,12204.0332125146,9233.856605294159,44.96097504463344
0.0006341796875,2.6169921874999997e-08,352343750.0,22341796.875,9.268106678865272e-05,0.0005347225044622609,0.00010096545894433823,11298.445152049248,13016.773175895769,9824.567791298887,24.57165948128727
0.0006341796875,1.6216796874999997e-08,439843750.0,22341796.875,9.252750324265033e-05,0.0005428778690049086,0.00010138337878195911,11272.627935023918,14012.963959216611,9065.359518084912,22.01402574689199
0.0013958984375,2.6169921874999997e-08,439843750.0,22341796.875,0.0001230145489714403,0.0006737639224653567,0.00013075535605989002,15028.384759302733,17227.40555233339,13102.302451427064,61.92153989203773
0.0013958984375,1.6216796874999997e-08,352343750.0,22341796.875,0.00012184229140471132,0.0006268141155249164,0.00012995566135349314,14888.575102119261,18388.12869505055,12057.926920940317,40.666733482024306
0.0013958984375,1.6216796874999997e-08,439843750.0,34591796.875,0.00011357476777248215,0.0006077492885351627,0.00012213504631944247,13966.971803036482,17206.38488354618,11295.302945049394,14.952997211293596
0.0013958984375,1.6216796874999997e-08,439843750.0,22341796.875,0.00012329635182847806,0.0006597625571033915,0.0001315193660835844,15054.95145999301,18592.159870544467,12156.72515743584,50.176912317142396
0.0007966796875,7.794921874999999e-09,402343750.0,28466796.875,9.29519258276768e-05,0.00047936837578767114,0.00010182450810338702,11379.271048032544,16879.593994786363,7719.8711028727585,44.681511996633105
0.0012333984375000001,7.794921874999999e-09,402343750.0,28466796.875,0.00011041431795475957,0.000543022923703535,0.00011883378462162121,13532.866242761094,19923.064784867678,9223.371517664918,47.34209227500208
0.0007966796875,1.0091796875e-08,402343750.0,28466796.875,9.352777583041963e-05,0.0005023416681658887,0.00010239619888334947,11447.101451617082,15795.169770085482,8297.905277522375,26.996429853784928
0.0007966796875,7.794921874999999e-09,289843750.0,28466796.875,9.05629366558291e-05,0.00043641744702517526,9.906372566322902e-05,11105.135233016272,16444.280720099396,7552.603456455317,50.77221486954578
0.0007966796875,7.794921874999999e-09,402343750.0,40716796.875,8.530048959840586e-05,0.00043045796080080185,9.458857246054915e-05,10517.88800524855,15561.500467692516,7152.259490601351,66.44239635565937
0.0007966796875,1.0091796875e-08,289843750.0,40716796.875,8.362544645363926e-05,0.0004122226732949784,9.258578507761112e-05,10328.307528048965,14197.056271380436,7539.058959586987,62.37202519212515
0.0012333984375000001,7.794921874999999e-09,289843750.0,40716796.875,9.859555344744864e-05,0.00044077593534483747,0.0001070802230276758,12197.213806181868,17823.58218742748,8383.893117714675,33.8799703188148
0.0012333984375000001,1.0091796875e-08,402343750.0,40716796.875,0.00010205661772202461,0.0005147216246018792,0.00011086338001147415,12594.901800711208,17216.65488923328,9187.385667855215,13.045973715380443
0.0012333984375000001,1.0091796875e-08,289843750.0,28466796.875,0.00010819782523025146,0.0005188686987235178,0.00011631216944875946,13279.988491577174,18198.972506366394,9716.051494863868,15.800655042432538
0.0012333984375000001,1.0091796875e-08,289843750.0,40716796.875,9.930760821164163e-05,0.00046619205907623494,0.00010781554117704627,12280.52905119035,16757.2653193857,9002.399114420808,14.118143090274248
0.0014466796875,3.2294921875e-08,202343750.0,3966796.875,0.00014221095542092264,0.000664026293054669,0.00014856630735677137,17126.763860602452,19198.759771361154,15334.276586702708,187.3684325031848
0.0005833984375,3.2294921875e-08,202343750.0,3966796.875,0.00010524890943043973,0.0005432768985078392,0.00011274367982898258,12644.26033333049,14267.62393115422,11291.86651848736,11.749415740230813
0.0014466796875,3.4591796875e-08,202343750.0,3966796.875,0.0001418875344900096,0.0006628784381880771,0.00014824089137681774,17090.398493690966,19024.7940839646,15409.084259194493,188.26332507699942
0.0014466796875,3.2294921875e-08,489843750.0,3966796.875,0.0001480535725181361,0.0008010211753611528,0.00015535876799942518,17782.73509025303,19932.810451500416,15859.172036669204,266.29060469394875
0.0014466796875,3.2294921875e-08,202343750.0,16216796.875,0.00012479211676201467,0.0005991748003174796,0.0001318284816967735,15235.410103717355,17089.572954077594,13650.319550475295,69.63372818562378
0.0014466796875,3.4591796875e-08,489843750.0,16216796.875,0.00013008911804662795,0.0007226725128904635,0.00013734009560483471,15841.469777068869,17614.087190435974,14254.887142817965,118.56755931913403
0.0005833984375,3.2294921875e-08,489843750.0,16216796.875,9.657959631971573e-05,0.0005892829948738582,0.00010444664231580277,11720.281088788539,13170.715740096057,10444.9954718572,22.74471010099109
0.0005833984375,3.4591796875e-08,202343750.0,16216796.875,9.268896633007757e-05,0.0004923486100887311,0.00010015684517139456,11276.36357888211,12629.201476058546,10147.869930565685,27.988850575255878
0.0005833984375,3.4591796875e-08,489843750.0,3966796.875,0.00010968720399410685,0.0006514012853815685,0.00011730016025278204,13145.169854624719,14683.435743458094,11782.616151692871,25.314116160820102
0.0005833984375,3.4591796875e-08,489843750.0,16216796.875,9.675598645821968e-05,0.0005903796689263709,0.00010455027318566386,11741.95642614753,13103.644574004478,10540.648132812797,23.717863914745873
0.0011216796875,2.0044921874999996e-08,302343750.0,40716796.875,9.723756912371149e-05,0.0005072597055765343,0.00010594498827726405,12013.697105291494,14297.916693683748,10110.07857066166,7.7379721790716065
0.0002583984375,2.0044921874999996e-08,302343750.0,40716796.875,6.698562013938414e-05,0.0003972620112878428,7.657539336239765e-05,8249.82907484219,9921.031346364593,6893.653121609149,176.2579958974389
0.0011216796875,4.6841796875e-08,302343750.0,40716796.875,9.890206842101409e-05,0.0005252671040925262,0.00010707806853351616,12247.63782545178,13278.841137408233,11331.325199142497,21.445881430562693
0.0011216796875,2.0044921874999996e-08,189843750.0,40716796.875,9.327556163857421e-05,0.00044759311291374366,0.00010142090135105966,11562.064554238508,13765.430568543,9751.000231574462,16.62342673470963
0.0011216796875,2.0044921874999996e-08,302343750.0,3966796.875,0.00013223934699894372,0.0006701482438946011,0.00013928359234089262,15886.149378232622,18996.96193418112,13317.483322493183,91.8160485606654
0.0011216796875,4.6841796875e-08,189843750.0,3966796.875,0.00012690581282118402,0.0006053292754987225,0.00013336566040458901,15282.372629316567,16598.661138133877,14128.89962171615,87.3477039858404
0.0002583984375,2.0044921874999996e-08,189843750.0,3966796.875,8.89081309583048e-05,0.0004760510801672361,9.659346066230354e-05,10676.07639245815,12922.458067322963,8922.605856099737,37.543671098570954
0.0002583984375,4.6841796875e-08,302343750.0,3966796.875,9.471880274510505e-05,0.0005381118299503033,0.00010214522060359733,11351.152145540882,12380.588720297603,10460.98105782833,31.746934749629236
0.0002583984375,4.6841796875e-08,189843750.0,40716796.875,6.941429193731595e-05,0.00038151734510442925,7.808091725769338e-05,8567.28103685833,9336.87838503395,7912.4146210467625,159.10360264929767
0.0002583984375,4.6841796875e-08,189843750.0,3966796.875,9.241714082524634e-05,0.0004921264588447966,0.0001002595424244267,11093.026593809363,12123.622011239811,10234.143139098225,36.335742667835696
0.0004716796875,4.4544921875e-08,102343750.0,16216796.875,8.487196978689774e-05,0.0004152677934273544,9.147742888433184e-05,10355.271956480361,11330.697362813376,9546.16811719423,62.39362378374369
0.0009083984374999999,4.4544921875e-08,102343750.0,16216796.875,9.960082329280156e-05,0.00046205126623482097,0.00010557574330126,12184.680428423047,13289.499343599127,11244.122657169873,20.928075856376253
0.0004716796875,2.2341796874999997e-08,102343750.0,16216796.875,8.146624147716464e-05,0.00040181698531534157,8.858629287028676e-05,9940.700156986211,11787.376039377259,8503.058533458598,72.27207143877756
0.0004716796875,4.4544921875e-08,389843750.0,16216796.875,9.249857517265306e-05,0.000548168545385365,0.00010035650086351496,11228.34097481691,12269.649411562834,10315.295459964416,34.60185430425767
0.0004716796875,4.4544921875e-08,102343750.0,28466796.875,7.708638542892856e-05,0.00038123042135070897,8.498690272939153e-05,9497.593062593116,10401.063885955302,8758.507961130348,103.39550474046482
0.0004716796875,2.2341796874999997e-08,389843750.0,28466796.875,8.274560945984527e-05,0.0004982623763489516,9.152109769099716e-05,10113.785260054308,11916.845889786828,8591.704916618408,62.61703450576979
0.0009083984374999999,4.4544921875e-08,389843750.0,28466796.875,0.00010050300691223833,0.0005684999214512975,0.00010836708016526118,12320.002600444363,13426.922718856258,11335.521939968974,21.590114619430533
0.0009083984374999999,2.2341796874999997e-08,102343750.0,28466796.875,8.792584564045186e-05,0.0004060165434465372,9.54926214691431e-05,10857.585079568638,12788.517957474689,9320.898541597571,37.79738081026443
0.0009083984374999999,2.2341796874999997e-08,389843750.0,16216796.875,0.0001081575494189174,0.0006056102699721284,0.00011617218621494892,13144.118995675866,15446.021991150652,11183.292034848826,9.554641331442085
0.0009083984374999999,2.2341796874999997e-08,389843750.0,28466796.875,9.927533512243203e-05,0.0005600884438440327,0.0001076641467823917,12153.69460855458,14264.660194069378,10350.292326555164,8.932239592226667
0.0003904296875,4.732421875e-09,327343750.0,7029296.875,8.929023961081511e-05,0.00043118158071038163,9.789231785200545e-05,10778.209823730365,19095.194249075554,6335.18570036206,120.53737366046474
0.0005021484375,4.732421875e-09,327343750.0,7029296.875,9.470018338779299e-05,0.0004516696088459457,0.0001030229915977363,11434.120554299085,20176.259465613675,6728.2138412145605,119.75927532730468
0.0003904296875,1.9279296875e-08,327343750.0,7029296.875,9.229553856414198e-05,0.0005320375770259614,0.00010070178989931059,11135.099647840341,13485.412964283683,9230.513767979262,24.805887480338505
0.0003904296875,4.732421875e-09,264843750.0,7029296.875,8.81264158601989e-05,0.0004101998072900055,9.628806087887145e-05,10642.458914698813,18835.366351275577,6262.098739925259,122.20219648425633
0.0003904296875,4.732421875e-09,327343750.0,43779296.875,6.571997819350054e-05,0.00028872753843842505,7.572221511584241e-05,8129.794720836433,14247.625009492847,4861.465730907595,216.51512506940432
0.0003904296875,1.9279296875e-08,264843750.0,43779296.875,6.927528827893485e-05,0.00038783323654577,7.88172899549438e-05,8558.961621757904,10340.09195902549,7121.821555782476,155.16356861460136
0.0005021484375,4.732421875e-09,264843750.0,43779296.875,6.812024324706307e-05,0.0002812574794420648,7.762997447409778e-05,8441.180808318704,14614.269849972863,5156.37709241063,195.7287329801528
0.0005021484375,1.9279296875e-08,327343750.0,43779296.875,7.443799324137743e-05,0.0004273988389209614,8.388519537995603e-05,9188.171162781922,11069.789961453245,7640.644269486456,112.22370104971317
0.0005021484375,1.9279296875e-08,264843750.0,7029296.875,9.644196243642023e-05,0.0005264206830540447,0.00010411548004788992,11643.724964609815,14095.664008545838,9685.445418094303,12.597472382720515
0.0005021484375,1.9279296875e-08,264843750.0,43779296.875,7.312665052415113e-05,0.00040214193680041145,8.252911049888036e-05,9038.416101198058,10898.630477122417,7528.710461484514,122.74553370020905
0.0010404296875,2.9232421874999995e-08,127343750.0,31529296.875,9.354624835096863e-05,0.00044170814459562103,0.00010120130114946215,11561.956875427963,13130.887428458715,10269.41277348408,21.721002357489603
0.0011521484375,2.9232421874999995e-08,127343750.0,31529296.875,9.719631051798639e-05,0.0004529069194843605,0.00010474677102225204,12019.07287017668,13638.04678956695,10678.60549665053,14.408358765781628
0.0010404296875,4.3779296874999996e-08,127343750.0,31529296.875,9.478001718429232e-05,0.0004490829704297457,0.00010231691767973316,11726.185563243824,12806.545420983064,10810.968552951217,26.002304617347413
0.0010404296875,2.9232421874999995e-08,464843750.0,31529296.875,0.00010348740082127879,0.0005991713697980451,0.00011165650979428821,12693.64874644161,14367.871496097418,11204.561026648134,13.867915565316014
0.0010404296875,2.9232421874999995e-08,127343750.0,19279296.875,0.00010286236364408051,0.00048398456911037603,0.00010962404103225652,12596.147390678252,14307.997198779232,11173.783614107675,9.432322177833921
0.0010404296875,4.3779296874999996e-08,464843750.0,19279296.875,0.00011192163018666036,0.000639626723022937,0.00011927352104578527,13644.825564076073,14888.060825701858,12528.537600681915,36.579550077387154
0.0011521484375,2.9232421874999995e-08,464843750.0,19279296.875,0.00011629798770969362,0.0006594329907875292,0.00012393958109288694,14169.728265313186,16049.178607691407,12511.84767935877,37.803286460289925
0.0011521484375,4.3779296874999996e-08,127343750.0,19279296.875,0.00010737285503790768,0.0004987377997650978,0.00011370076738067178,13167.839130541295,14367.549671632716,12135.743535930931,21.550656966942924
0.0011521484375,4.3779296874999996e-08,464843750.0,31529296.875,0.00010770487967130666,0.0006135957575445353,0.000115371454182771,13234.944454278459,14424.0854803774,12156.755695679125,27.789057982640973
0.0011521484375,4.3779296874999996e-08,464843750.0,19279296.875,0.00011595029818665623,0.000654871449650272,0.0001232652198200886,14144.011844505185,15428.10689546348,12990.059158063355,49.43232158683929
0.0013654296875,1.6982421874999998e-08,427343750.0,19279296.875,0.00012458940019292888,0.0006658040807798516,0.0001326887154413034,15185.53876658954,18604.492469703808,12371.722805150892,56.2058399171098
0.0014771484375,1.6982421874999998e-08,427343750.0,19279296.875,0.00012911923500412051,0.0006831261627550716,0.00013716502916517886,15743.278883029941,19272.692918812085,12831.98033963195,82.02602908767699
0.0013654296875,3.1529296875e-08,427343750.0,19279296.875,0.00012397100776242735,0.0006771980003772039,0.00013155749320336343,15121.526898381222,16976.948209189777,13467.57878593726,72.859532990757
0.0013654296875,1.6982421874999998e-08,164843750.0,19279296.875,0.00011667729449151517,0.0005367513465864009,0.0001236619661666617,14279.38452485586,17534.274897723546,11710.540244985816,17.84922657073047
0.0013654296875,1.6982421874999998e-08,427343750.0,7029296.875,0.00013765693253453185,0.0007256766967212697,0.00014540136671672662,16635.608959281533,20421.288344940484,13526.250337294254,138.7640614378536
0.0013654296875,3.1529296875e-08,164843750.0,7029296.875,0.0001301816145417586,0.0006013506968450263,0.0001359890161673026,15782.469186277449,17734.93465960557,14098.036256947915,94.35243616331388
0.0014771484375,1.6982421874999998e-08,164843750.0,7029296.875,0.00013568708310569206,0.0006110365800267676,0.00014165424401919071,16444.905007620728,20188.644010210486,13459.7122683388,111.35531029619526
0.0014771484375,3.1529296875e-08,427343750.0,7029296.875,0.000140792914679285,0.0007507594816288961,0.00014793227636023405,17028.152303689683,19126.935860323945,15175.078090433999,193.8668384184312
0.0014771484375,3.1529296875e-08,164843750.0,19279296.875,0.00012113557287930926,0.000563634233603831,0.00012789365673040152,14838.694943318407,16672.040812868563,13270.154074904753,50.67274429052655
0.0014771484375,3.1529296875e-08,164843750.0,7029296.875,0.00013462406639402335,0.0006156136842427356,0.00014027286543833573,16327.187493751224,18333.08701740292,14588.057448692207,125.7734807389645
0.0007154296874999999,4.1482421874999996e-08,227343750.0,43779296.875,8.246079144940415e-05,0.00043871284624534215,9.099253747495124e-05,10216.508709404612,11200.634427313453,9362.800297741751,66.68052317462566
0.0008271484375,4.1482421874999996e-08,227343750.0,43779296.875,8.590729040240536e-05,0.0004508021569155748,9.428753161546896e-05,10651.329147973496,11669.019315676436,9764.790598734453,50.53993455782782
0.0007154296874999999,7.0292968749999995e-09,227343750.0,43779296.875,7.571478071079374e-05,0.0003199770748912581,8.486536820077478e-05,9392.925692551913,14246.498881495083,6280.827324658877,127.06966186421275
0.0007154296874999999,4.1482421874999996e-08,364843750.0,43779296.875,8.530584571646097e-05,0.0004911195419775915,9.375756301642323e-05,10539.185405085022,11544.563902535698,9642.045924908687,53.261061326708095
0.0007154296874999999,4.1482421874999996e-08,227343750.0,31529296.875,8.897900751889953e-05,0.00047461667670423466,9.671161826358928e-05,10939.887974821531,12006.804009895446,10015.566923637038,40.46749166108203
0.0007154296874999999,7.0292968749999995e-09,364843750.0,31529296.875,8.678764236280574e-05,0.000431712210517809,9.575684582727868e-05,10648.139836457916,16307.329994973748,7019.357539649905,70.55102207027424
0.0008271484375,4.1482421874999996e-08,364843750.0,31529296.875,9.544198708441802e-05,0.0005418078758630428,0.00010353887273989607,11715.740461855876,12841.1261612919,10720.27608927259,24.73963578148831
0.0008271484375,7.0292968749999995e-09,227343750.0,31529296.875,8.710190421791612e-05,0.00038712816105282877,9.557300329017425e-05,10722.307200925012,16319.102303397067,7138.754459137199,69.90394416872884
0.0008271484375,7.0292968749999995e-09,364843750.0,43779296.875,8.371387519154624e-05,0.0003973672606005057,9.29706050589266e-05,10348.802411673134,15741.669606437175,6864.4973315736515,80.44071194723531
0.0008271484375,7.0292968749999995e-09,364843750.0,31529296.875,9.11831074812648e-05,0.0004478941345998592,0.00010000524660666855,11190.75286020682,17090.44511078322,7387.70331387354,57.75331633870373
0.0005529296875,2.3107421874999998e-08,177343750.0,49904296.875,6.993471058019562e-05,0.0003532170448924356,7.924009526221387e-05,8704.103069656683,10194.347174409795,7483.568509746134,150.29241427628577
0.0006646484375,2.3107421874999998e-08,177343750.0,49904296.875,7.345997936025994e-05,0.00036497091589529575,8.25943070046796e-05,9147.0532553433,10696.191778493776,7869.36504185635,121.23587119919702
0.0005529296875,2.5404296874999995e-08,177343750.0,49904296.875,7.038787820820887e-05,0.00035814865979493275,7.96346935036886e-05,8759.625369501282,10126.871658317648,7626.026349902622,146.5462622700196
0.0005529296875,2.3107421874999998e-08,114843750.0,49904296.875,6.638629654496542e-05,0.0003009066762532414,7.562663820590658e-05,8299.503470978922,9722.565546147996,7162.605203212677,186.33204973531434
0.0005529296875,2.3107421874999998e-08,177343750.0,13154296.875,9.17187387683594e-05,0.00047630887963644885,9.917364232699413e-05,11136.248703590478,13124.873635656275,9552.683898008672,25.37283618376525
0.0005529296875,2.5404296874999995e-08,114843750.0,13154296.875,8.867868197349964e-05,0.00043659837855756123,9.5462753631586e-05,10787.73278496952,12533.502649070007,9385.948006580424,38.45578910834707
0.0006646484375,2.3107421874999998e-08,114843750.0,13154296.875,9.262492495411064e-05,0.00044789061794129405,9.927054282143985e-05,11273.283490048865,13256.666094531589,9685.949079615963,23.22275911968783
0.0006646484375,2.5404296874999995e-08,177343750.0,13154296.875,9.645026404801075e-05,0.000493102092984739,0.000103838895377671,11715.669651249025,13605.270030983302,10177.634606720203,14.180396613278116
0.0006646484375,2.5404296874999995e-08,114843750.0,49904296.875,7.021017982667417e-05,0.0003188712625054852,7.921745025818073e-05,8781.441321987619,10141.43100463045,7680.69618180232,150.68760165122617
0.0006646484375,2.5404296874999995e-08,114843750.0,13154296.875,9.295120025699162e-05,0.00044978781560526854,9.948940956662464e-05,11313.051639936368,13124.82252689547,9848.401035837016,23.511561440738028
0.0012029296875,4.7607421875e-08,377343750.0,25404296.875,0.00011235381402468368,0.0006124242312168413,0.00012002088063655316,13774.593705647092,14928.539878966862,12740.45720857225,38.15312502629691
0.0013146484375,4.7607421875e-08,377343750.0,25404296.875,0.00011613913830241896,0.0006264162325527859,0.00012372542679779734,14246.971189696129,15434.97699097747,13180.248726467642,51.013492229031826
0.0012029296875,4.9904296875e-08,377343750.0,25404296.875,0.00011232157327028234,0.0006110396022889996,0.00011995829364437358,13774.386428096173,14880.550899712196,12784.818871474869,39.332069033952976
0.0012029296875,4.7607421875e-08,314843750.0,25404296.875,0.00011139757451698468,0.000588219681519295,0.00011875811028677097,13665.945130850987,14808.831764825358,12655.874374134699,34.1232709322151
0.0012029296875,4.7607421875e-08,377343750.0,37654296.875,0.00010457760249174214,0.0005722445170693769,0.00011248616831804896,12919.276681877614,13989.377832390821,11956.480511962414,23.845367665283618
0.0012029296875,4.9904296875e-08,314843750.0,37654296.875,0.00010353896287669352,0.0005491224508803004,0.00011149682770961923,12806.189838978173,13823.200570138695,11900.20269470812,23.138003968198724
0.0013146484375,4.7607421875e-08,314843750.0,37654296.875,0.0001069975306863777,0.0005623122645009122,0.00011488486847620875,13238.296313176575,14328.687744815948,12262.667280213704,26.020661517991716
0.0013146484375,4.9904296875e-08,377343750.0,37654296.875,0.00010811164476394446,0.0005834715462132167,0.00011594035118267463,13369.453025645855,14426.467564352773,12419.310295771205,30.121619142742077
0.0013146484375,4.9904296875e-08,314843750.0,25404296.875,0.00011509560187447441,0.0006009826518023503,0.00012231026304740676,14132.007806432413,15258.942903391491,13132.007602432706,46.938770899667915
0.0013146484375,4.9904296875e-08,314843750.0,37654296.875,0.00010700914483435214,0.0005615958736732652,0.00011486075917886048,13244.806389066242,14291.223875438069,12310.4745370216,27.20593830873974
0.0008779296874999999,1.0857421875e-08,277343750.0,37654296.875,8.825100168935942e-05,0.00043473863477787187,9.698317297308597e-05,10884.137988579267,14680.96678432688,8091.404570286187,39.39772068021382
0.0009896484375,1.0857421875e-08,277343750.0,37654296.875,9.232025284554306e-05,0.00044930227080553317,0.00010093268329607601,11389.77887539929,15334.58066099518,8474.94982596195,25.305703803857448
0.0008779296874999999,3.7654296875e-08,277343750.0,37654296.875,9.178563444518933e-05,0.0004951940442553212,0.00010008636714318622,11322.985413320881,12509.703167442782,10281.384392492333,29.647562499424275
0.0008779296874999999,1.0857421875e-08,214843750.0,37654296.875,8.599633142632093e-05,0.0004034467431406754,9.454943090021078e-05,10626.069193884518,14330.085210331054,7919.334881257038,49.69359211026379
0.0008779296874999999,1.0857421875e-08,277343750.0,49904296.875,8.134450934149528e-05,0.00038512242052203186,9.049446955940987e-05,10106.737275937943,13580.479225350551,7539.281085428305,72.11176660078674
0.0008779296874999999,3.7654296875e-08,214843750.0,49904296.875,8.359838634230709e-05,0.0004296166681945306,9.227924352895858e-05,10409.015431387907,11487.862619163865,9464.986824708274,59.28511667590216
0.0009896484375,1.0857421875e-08,214843750.0,49904296.875,8.283140241219106e-05,0.00036299662060083486,9.171910007524813e-05,10317.25237817932,13813.498670516257,7735.901849370627,65.47598281052981
0.0009896484375,3.7654296875e-08,277343750.0,49904296.875,8.878360340425508e-05,0.0004705709232774805,9.754371178458308e-05,11041.242315464668,12176.457946057166,10038.55116705954,37.38864268833963
0.0009896484375,3.7654296875e-08,214843750.0,37654296.875,9.361562094641984e-05,0.00047854295103420987,0.00010137479761168533,11574.053942374834,12783.081319895005,10521.435295472093,24.9736855549758
0.0009896484375,3.7654296875e-08,214843750.0,49904296.875,8.695630219054509e-05,0.0004408358469563332,9.550033115087592e-05,10834.369725069184,11948.403003178664,9854.489953527043,44.53254891070623
0.0002279296875,3.5357421875e-08,477343750.0,13154296.875,8.45556015211781e-05,0.0005404844468323909,9.2509969610494e-05,10228.095846190277,11419.531472706121,9183.442467367273,62.382359767242306
0.0003396484375,3.5357421875e-08,477343750.0,13154296.875,8.904335044515247e-05,0.0005594581779827013,9.689465359698445e-05,10775.60131647181,12020.108714035283,9678.600357440473,43.98170827761976
0.0002279296875,1.3154296875e-08,477343750.0,13154296.875,8.086118009813868e-05,0.0005059521710698147,9.014213897158437e-05,9784.839492725914,12813.439391993556,7487.796155998507,77.77462509804556
0.0002279296875,3.5357421875e-08,414843750.0,13154296.875,8.417064341016303e-05,0.000525814058888362,9.211694445379829e-05,10183.351981596745,11373.697487780233,9146.41393698664,63.59588647596313
0.0002279296875,3.5357421875e-08,477343750.0,25404296.875,7.800775638601217e-05,0.0005064501737976584,8.647108855146657e-05,9500.026633726575,10602.350398025206,8529.059678555444,95.54382791954582
0.0002279296875,1.3154296875e-08,414843750.0,25404296.875,7.318318247526344e-05,0.0004499475419884044,8.269411150701271e-05,8923.69390289464,11677.225883626283,6850.10683331577,126.56335403413034
0.0003396484375,3.5357421875e-08,414843750.0,25404296.875,8.164476498647848e-05,0.0005054552288853731,8.988408550123178e-05,9953.07765971107,11098.003316340815,8950.768802091052,73.62972013369192
0.0003396484375,1.3154296875e-08,477343750.0,25404296.875,7.835524775060735e-05,0.0004836560784983608,8.785497641420386e-05,9553.177922349862,12468.754276981303,7326.897603471138,90.02123592845611
0.0003396484375,1.3154296875e-08,414843750.0,13154296.875,8.542294044329877e-05,0.0005096354076669625,9.437426235578247e-05,10342.699521535578,13513.198057026259,7939.394019174938,52.860318714173694
0.0003396484375,1.3154296875e-08,414843750.0,25404296.875,7.777212903906112e-05,0.0004675614710231854,8.712163018453477e-05,9486.265647027776,12379.393034653918,7293.577398161776,93.38305931727454
0.00023808593750000002,5.880859374999999e-09,299218750.0,31146484.375,6.62151846884956e-05,0.00032188557670484165,7.580164026289911e-05,8125.263631053026,13392.757305157704,5087.942527455623,205.02368161521107
0.0006951171875,5.880859374999999e-09,299218750.0,31146484.375,8.42104481781335e-05,0.0003861697549480652,9.308739541734544e-05,10343.55525275053,16732.35659173616,6515.590817004237,96.9799870177793
0.00023808593750000002,2.1193359374999997e-08,299218750.0,31146484.375,7.09662113174054e-05,0.0004247308522416685,8.014392795643684e-05,8689.905956748116,10366.927347148821,7324.090549246245,142.64398980880887
0.00023808593750000002,5.880859374999999e-09,486718750.0,31146484.375,6.898994111994139e-05,0.00037766470801647834,7.895636243796409e-05,8443.896438040912,14012.792271864195,5242.152282711766,179.0294569521912
0.00023808593750000002,5.880859374999999e-09,299218750.0,21958984.375,7.14203020179115e-05,0.00035574016916536136,8.060557956896867e-05,8710.395124909224,14379.185402473278,5433.172792020367,166.1889336278872
0.00023808593750000002,2.1193359374999997e-08,486718750.0,21958984.375,7.782577087954833e-05,0.00050484205042644,8.67797606850392e-05,9463.036885521371,11272.133951049655,7948.876730635399,94.00440601490708
0.0006951171875,5.880859374999999e-09,486718750.0,21958984.375,9.383232807125241e-05,0.00048807904946158206,0.00010287720428484572,11433.869599535969,18666.82944592288,7130.9634323423015,78.96553078113003
0.0006951171875,2.1193359374999997e-08,299218750.0,21958984.375,9.388176782560757e-05,0.0005170593210933362,0.00010218940487852126,11451.025222158036,13593.985665561739,9676.239081356607,17.85273969752639
0.0006951171875,2.1193359374999997e-08,486718750.0,31146484.375,9.053599544867638e-05,0.0005478496197252699,9.940741103123919e-05,11083.608312450155,13129.807712761012,9348.834571797774,28.71375341794756
0.0006951171875,2.1193359374999997e-08,486718750.0,21958984.375,9.627431286446445e-05,0.0005786816703146002,0.0001047912271980983,11725.100940833268,13896.977981370099,9878.740694424476,15.604942942285145
0.0008880859375,3.0380859375e-08,499218750.0,6646484.375,0.00011759790295841932,0.0006845104552749301,0.00012516648024559735,14180.178290505528,16027.011406770871,12542.878199903904,43.201331415554705
0.0013451171875,3.0380859375e-08,499218750.0,6646484.375,0.0001371683100882922,0.0007584291277404297,0.00014438607183421507,16561.26170234768,18683.861034942092,14667.095572208867,161.5846664853112
0.0008880859375,4.5693359375e-08,499218750.0,6646484.375,0.00011720656142448432,0.0006779816823496862,0.00012448759842500473,14141.851314942845,15402.348130221757,13014.105183924594,54.39659266744472
0.0008880859375,3.0380859375e-08,286718750.0,6646484.375,0.00011459896844949166,0.0006056869415240777,0.00012145991591195586,13844.689924731963,15669.277956178392,12273.09522146092,25.57751444074206
0.0008880859375,3.0380859375e-08,499218750.0,46458984.375,9.010736108751088e-05,0.0005401215520866692,9.897001044791086e-05,11133.924160696146,12548.336935009833,9874.403996486795,32.02462756643991
0.0008880859375,4.5693359375e-08,286718750.0,46458984.375,8.829764709721628e-05,0.00047714757911649085,9.689052559908189e-05,10958.483264065375,11907.41979855636,10112.77264680102,42.01453012439318
0.0013451171875,3.0380859375e-08,286718750.0,46458984.375,0.00010154183767357351,0.0005206934899686836,0.00010999907256313969,12611.273284341716,14181.693231229028,11227.364736376154,10.896856326334927
0.0013451171875,4.5693359375e-08,499218750.0,46458984.375,0.00010548456606675038,0.000599447161994791,0.00011366644989663097,13091.00405265711,14202.927263916934,12074.744159794513,26.262428294697965
0.0013451171875,4.5693359375e-08,286718750.0,6646484.375,0.0001320948976732527,0.0006665620784617633,0.0001386786521881878,15996.756603851814,17407.114722141865,14754.714065516053,129.990163796764
0.0013451171875,4.5693359375e-08,286718750.0,46458984.375,0.00010206054378924864,0.000524438600923971,0.00011026755841324888,12703.73068278308,13778.503307527146,11737.272070334051,20.27297037807418
0.0012130859375,1.8130859374999998e-08,199218750.0,43396484.375,9.484093198193464e-05,0.00044780385149935625,0.00010315049581082668,11775.155571035542,14225.950014704658,9787.599873079096,11.766170455870139
0.0010201171875,1.8130859374999998e-08,199218750.0,43396484.375,8.844041515406003e-05,0.0004263957430992137,9.696906846866116e-05,10972.950596383378,13282.537224483614,9110.218457000106,32.07057682077179
0.0012130859375,3.3443359375e-08,199218750.0,43396484.375,9.637948087950948e-05,0.0004734928591773637,0.00010424070283107108,11975.181425175673,13351.702315086584,10781.608476401994,17.364043203413868
0.0012130859375,1.8130859374999998e-08,386718750.0,43396484.375,0.00010037449755251831,0.0005371513547580611,0.00010918696808467177,12405.76706753159,14979.334935632534,10248.174496777867,3.476758472017913
0.0012130859375,1.8130859374999998e-08,199218750.0,34208984.375,0.00010089402245330862,0.0004832678447178544,0.0001087036329239797,12453.78236938438,15078.068598359709,10330.441537091929,2.3137646109603294
0.0012130859375,3.3443359375e-08,386718750.0,34208984.375,0.00010694909661976848,0.0005890755369609555,0.00011498640337405914,13161.443015041785,14674.813078706944,11805.41383995896,17.893838505468352
0.0010201171875,1.8130859374999998e-08,386718750.0,34208984.375,9.923721387665052e-05,0.0005455101492065678,0.00010794716970444844,12194.091692850068,14772.832094838035,10063.225133141954,5.583868311712722
0.0010201171875,3.3443359375e-08,199218750.0,34208984.375,9.575512472895773e-05,0.00048310493994415727,0.00010332789198432785,11816.518435709702,13209.077553371628,10626.01863869813,18.696149724037834
0.0010201171875,3.3443359375e-08,386718750.0,43396484.375,9.499838305057608e-05,0.0005347910834174246,0.00010341765662458957,11742.79967002108,13092.582900426944,10536.672028242356,20.700732456412872
0.0010201171875,3.3443359375e-08,386718750.0,34208984.375,0.00010031342254812,0.0005632244165766151,0.00010843237407595009,12334.339141093167,13766.534115782386,11056.51928689569,15.315764470795255
0.0005630859375,4.2630859375e-08,399218750.0,18896484.375,9.415992197952502e-05,0.0005546880184209427,0.00010199742753755742,11452.28983690472,12549.936681431513,10481.977083664564,29.74797823452652
0.0003701171875,4.2630859375e-08,399218750.0,18896484.375,8.706961847813045e-05,0.0005257948290981649,9.498630281936035e-05,10578.811398124084,11605.523075313655,9675.637952331857,51.36322656516857
0.0005630859375,8.943359375e-09,399218750.0,18896484.375,9.016038415417073e-05,0.0004912452060943381,9.899130229981355e-05,10965.453955155943,15734.909881117484,7682.280493596916,44.59579059622232
0.0005630859375,4.2630859375e-08,186718750.0,18896484.375,9.032759889952282e-05,0.0004753578939249955,9.802152426093734e-05,11015.106733007153,12103.602845582107,10108.885339109105,37.86354551768542
0.0005630859375,4.2630859375e-08,399218750.0,9708984.375,0.00010019322792868967,0.0005853286264665244,0.00010789205030300164,12118.021855666788,13286.970863430124,11089.611782763779,22.653022863741192
0.0005630859375,8.943359375e-09,186718750.0,9708984.375,8.286449393069426e-05,0.0004477756715753611,0.00011061827912300442,10711.21355575859,16213.827627328434,7713.913562445742,47.22554835949751
0.0003701171875,4.2630859375e-08,186718750.0,9708984.375,8.975986203137085e-05,0.00047887807683915344,9.748266197792851e-05,10860.895241533599,11955.733828949917,9957.08954119756,41.45192139680418
0.0003701171875,8.943359375e-09,399218750.0,9708984.375,8.830071307988239e-05,0.000496025267490933,9.707639075795212e-05,10670.761649027967,15403.59476713972,7435.127462874147,53.65053383825231
0.0003701171875,8.943359375e-09,186718750.0,18896484.375,7.696550453232287e-05,0.00037947848156948897,8.527822965644789e-05,9386.369659325901,13562.09233229358,6605.8601733513415,110.1325176774204
0.0003701171875,8.943359375e-09,186718750.0,9708984.375,8.422454112958953e-05,0.0004177905313722729,9.203144895259533e-05,10197.84001454798,14774.429776587367,7157.67293825749,70.68366813435945
0.0007255859375,2.4255859375e-08,449218750.0,25021484.375,9.543198866275126e-05,0.0005672176032876445,0.00010379742640132127,11647.060397373538,13529.346976471259,10019.346016686299,17.983021867848745
0.0002076171875,2.4255859375e-08,449218750.0,25021484.375,7.530626695293416e-05,0.00048619556021178113,8.419376644399268e-05,9172.243510778437,10709.682918054254,7864.823430254379,111.17235085497941
0.0007255859375,1.5068359375e-08,449218750.0,25021484.375,9.439094978343821e-05,0.0005458105560144124,0.00010333122664609747,11520.085552064618,14510.710680703884,9149.728210942672,16.506056362084042
0.0007255859375,2.4255859375e-08,336718750.0,25021484.375,9.399498046938584e-05,0.0005311037122396443,0.00010234555563374059,11483.027370966744,13351.101670543867,9894.16875612986,19.34247517711887
0.0007255859375,2.4255859375e-08,449218750.0,28083984.375,9.35150281756847e-05,0.0005567200713349068,0.00010200205357557544,11433.137185913245,13275.408719154013,9836.511996221248,21.84705372160115
0.0007255859375,1.5068359375e-08,336718750.0,28083984.375,9.080305442791587e-05,0.0004991544661952283,9.957921349407919e-05,11114.258811890615,13998.498326309094,8835.204008180881,25.506435828852453
0.0002076171875,2.4255859375e-08,336718750.0,28083984.375,7.258145903291594e-05,0.00044669483938692133,8.149432941470987e-05,8864.67719857388,10358.951150469346,7619.59537865183,130.6052108424906
0.0002076171875,1.5068359375e-08,449218750.0,28083984.375,7.174086277408824e-05,0.0004557809390594169,8.138605545813981e-05,8757.577529979528,11122.268136425539,6912.584730859783,136.81392368144884
0.0002076171875,1.5068359375e-08,336718750.0,25021484.375,7.210937958880162e-05,0.0004333752167585424,8.14234617895084e-05,8795.766707956036,11182.171954365866,6955.676295081242,134.72236256560953
0.0002076171875,1.5068359375e-08,336718750.0,28083984.375,7.048918947433795e-05,0.00042263223250863213,7.990212543712345e-05,8614.148442709089,10949.125652197796,6817.032168918967,147.4925471707853
0.0013755859375,4.8755859374999996e-08,249218750.0,49521484.375,0.00010030153057971268,0.0005011713454433751,0.00010842853325488929,12530.993100721222,13524.941243684505,11640.39193266881,21.455709391530327
0.0008576171875,4.8755859374999996e-08,249218750.0,49521484.375,8.525599466772362e-05,0.00044862672828713094,9.391579976753324e-05,10612.929332259837,11478.3323693634,9846.234705724966,54.21819917446118
0.0013755859375,3.9568359375e-08,249218750.0,49521484.375,0.00010000760815130237,0.0005002101904474687,0.00010828718588997846,12473.340107792308,13674.588440516389,11399.14156095207,17.091344088312283
0.0013755859375,4.8755859374999996e-08,136718750.0,49521484.375,9.493926083920403e-05,0.00043036011974733663,0.00010290050233788423,11924.486306707398,12877.470262745319,11103.734094088319,27.472013595076184
0.0013755859375,4.8755859374999996e-08,249218750.0,3583984.375,0.0001397661524253064,0.0006780984158931785,0.00014691267129985698,16813.295059762702,18215.557310811746,15580.726760591442,187.95707448474064
0.0013755859375,3.9568359375e-08,136718750.0,3583984.375,0.00013556428914368511,0.0006046513344245962,0.0001405117682555513,16343.04849503793,17965.003218698424,14930.807502868394,137.6054137433397
0.0008576171875,4.8755859374999996e-08,136718750.0,3583984.375,0.00011474864168478076,0.0005359072956155104,0.00012040363309166708,13812.87748267306,14967.498199095771,12820.104905492717,35.280665394805524
0.0008576171875,3.9568359375e-08,249218750.0,3583984.375,0.0001192755744009407,0.000612471312505505,0.00012665389229900797,14319.518284557356,15808.299846513406,13035.870665549219,46.10595704755605
0.0008576171875,3.9568359375e-08,136718750.0,49521484.375,7.972516197977877e-05,0.00037971757506931184,8.811652919571372e-05,9965.727211740763,10960.145374370402,9116.831455047442,82.06289026746677
0.0008576171875,3.9568359375e-08,136718750.0,3583984.375,0.00011477813174314748,0.0005396012196596941,0.00012052597337797718,13812.999697204072,15219.52009171923,12606.27732623987,29.207053680453377
0.0010505859375,1.2005859375e-08,349218750.0,12771484.375,0.00011613904688999252,0.0006006953323518335,0.0001241932781789318,14092.142900870142,18630.840566585794,10673.148281621743,24.769074623481313
0.0011826171875,1.2005859375e-08,349218750.0,12771484.375,0.0001218833626446902,0.000620797143336234,0.0001298303135553996,14794.141557435523,19535.414625781854,11206.310505807964,45.40109320180448
0.0010505859375,2.7318359374999997e-08,349218750.0,12771484.375,0.00011637691850827215,0.0006293250617657813,0.00012388812883411653,14124.433841948887,16149.108674088147,12371.540366709472,30.740367009484377
0.0010505859375,1.2005859375e-08,436718750.0,12771484.375,0.00011733892158516856,0.0006312520502912923,0.00012558432383734977,14230.49997728847,18803.511743103463,10749.6916083314,31.084332416808305
0.0010505859375,1.2005859375e-08,349218750.0,15833984.375,0.00011326212697418308,0.0005869182520169956,0.00012140321840370654,13770.54504559078,18190.95812438672,10445.291851095451,17.294646496325374
0.0010505859375,2.7318359374999997e-08,436718750.0,15833984.375,0.00011479321479202742,0.0006484584544573229,0.00012250824717881085,13952.888318310863,15945.157893612686,12206.99116770029,29.398648275402333
0.0011826171875,1.2005859375e-08,436718750.0,15833984.375,0.00012020453782846929,0.0006390004004449993,0.0001284410371478649,14611.397896908655,19271.156571801468,11049.025701802819,41.46593007007253
0.0011826171875,2.7318359374999997e-08,349218750.0,15833984.375,0.0001189647683396987,0.0006364324322299303,0.0001265029541438633,14474.353911229271,16533.310801581418,12692.040500378118,40.5532013500415
0.0011826171875,2.7318359374999997e-08,436718750.0,12771484.375,0.00012271804023584416,0.0006796659073040954,0.00013031344576720227,14894.341757760165,17016.21769330314,13030.975256947899,59.634414154530276
0.0011826171875,2.7318359374999997e-08,436718750.0,15833984.375,0.00012005478563686868,0.0006681833967260223,0.00012771708199233248,14598.937829001254,16674.93388849944,12775.551130935653,48.19142476537259
0.0004005859375,3.6505859375e-08,149218750.0,37271484.375,7.207714171022154e-05,0.00037917911715652195,8.040223024109594e-05,8902.023965023918,9917.218325748556,8062.0515830969725,135.96307927403623
0.0005326171875,3.6505859375e-08,149218750.0,37271484.375,7.624930326049916e-05,0.0003932750216644422,8.442958893788892e-05,9425.242854925102,10489.245290426974,8540.333541386044,104.67966434296173
0.0004005859375,2.818359375e-09,149218750.0,37271484.375,6.053825990778107e-05,0.0002344777247285856,6.592989431142536e-05,7523.163205455818,15031.717006868681,4261.9811929608295,267.88730692328244
0.0004005859375,3.6505859375e-08,236718750.0,37271484.375,7.519080199503691e-05,0.00042331273786531303,8.391823713241947e-05,9256.3303952395,10294.716067592684,8365.811692896215,111.67344220481593
0.0004005859375,3.6505859375e-08,149218750.0,40333984.375,7.06462698159006e-05,0.00036927801705876316,7.912211379983988e-05,8742.69987280215,9735.712208220913,7917.939072989673,147.39120815025203
0.0004005859375,2.818359375e-09,236718750.0,40333984.375,6.552137413037536e-05,0.0002633191533762976,7.230119427706138e-05,7730.078307069099,15957.446010277725,4168.567864317053,260.28345189643017
0.0005326171875,3.6505859375e-08,236718750.0,40333984.375,7.801999827396508e-05,0.00042948492204437905,8.673123151392025e-05,9630.017716923552,10695.600614829002,8715.327356154512,91.74938885453102
0.0005326171875,2.818359375e-09,149218750.0,40333984.375,6.391332831711412e-05,0.00024096794383080905,6.787618916463902e-05,7957.162352692106,15617.159260566086,4528.194273625446,243.5115091590074
0.0005326171875,2.818359375e-09,236718750.0,37271484.375,6.987427043653569e-05,0.00028568439955508755,7.85961941319793e-05,8639.499871200176,17542.41606812049,4824.0777328231525,214.45879050096553
0.0005326171875,2.818359375e-09,236718750.0,40333984.375,6.836185980054384e-05,0.00027645009438715225,7.57895711438557e-05,8469.202672959153,17080.2883051357,4758.15852048868,218.9203905771413
0.00048183593749999995,1.5068359375e-08,324218750.0,46458984.375,7.151184190452902e-05,0.0003972808235953732,8.111172547975216e-05,8842.94070382427,11153.911682269236,7032.888323115755,135.76804026148685
0.0014263671875000001,1.5068359375e-08,324218750.0,46458984.375,0.00010417007456119286,0.0005142790583623988,0.00011280694797233388,12919.111949106484,16087.150369756853,10359.495026821523,0.5062407818990308
0.00048183593749999995,1.2005859375e-08,324218750.0,46458984.375,7.072124601133762e-05,0.0003801597116864531,8.036826520319618e-05,8747.895735164924,11601.573898409573,6633.8687076594415,144.40328415110224
0.00048183593749999995,1.5068359375e-08,311718750.0,46458984.375,7.127075544292958e-05,0.0003931056918637381,8.085169932122012e-05,8815.116288105404,11119.08865503452,7014.464281081768,137.8561466639339
0.00048183593749999995,1.5068359375e-08,324218750.0,31146484.375,7.931812085296173e-05,0.0004491859536869276,8.843318990555061e-05,9720.72784162482,12283.645534501427,7723.4622402350615,80.92974125569444
0.00048183593749999995,1.2005859375e-08,311718750.0,31146484.375,7.836682416752196e-05,0.00042786635174002984,8.746359023708235e-05,9607.63523063092,12765.671619085168,7269.417735755457,89.69185958273566
0.0014263671875000001,1.5068359375e-08,311718750.0,31146484.375,0.00011466049640193074,0.0005717658468190857,0.00012291853753478596,14095.88454819763,17623.603262619337,11263.816676492477,14.748300932210332
0.0014263671875000001,1.2005859375e-08,324218750.0,31146484.375,0.00011472022939332238,0.0005624802441563375,0.0001229257487640397,14101.448840715031,18485.034631283546,10752.043041550935,19.63719834886413
0.0014263671875000001,1.2005859375e-08,311718750.0,46458984.375,0.00010338841433640746,0.0004916249193516529,0.0001119806578294477,12827.004774980682,16736.193613624288,9803.93880649934,4.139596830663244
0.0014263671875000001,1.2005859375e-08,311718750.0,31146484.375,0.00011437263386686768,0.0005562739033122146,0.00012254018895268217,14061.490512108281,18435.89046029011,10730.875450822075,18.52577502027707
0.0011318359375,3.9568359375e-08,124218750.0,21958984.375,0.00010412109355052902,0.00048488344619347553,0.00011077304907319134,12792.825554470122,14079.103939856957,11701.357320074832,16.860064471576226
0.0007763671874999999,3.9568359375e-08,124218750.0,21958984.375,9.222087524939276e-05,0.0004482282971940332,9.942566773214002e-05,11308.325933076907,12476.153362552568,10332.840588508729,31.288384305893352
0.0011318359375,3.6505859375e-08,124218750.0,21958984.375,0.00010397958722818508,0.00048464791017247623,0.0001106820367735751,12772.70831877564,14160.676662728585,11598.09709318466,14.837474077822591
0.0011318359375,3.9568359375e-08,111718750.0,21958984.375,0.00010300439817327711,0.0004732297612433455,0.00010931646504972763,12665.90147507344,13933.259284500517,11585.237561472337,16.90004752633352
0.0011318359375,3.9568359375e-08,124218750.0,6646484.375,0.00011882130518774201,0.000543169972409379,0.00012403556169476938,14407.561553451416,15853.186650033484,13165.966914339584,44.26094982855457
0.0011318359375,3.6505859375e-08,111718750.0,6646484.375,0.00011788395259106684,0.0005332510944229667,0.0001227489523161606,14297.290995069781,15851.209117214168,12974.564183067883,38.08307933633098
0.0007763671874999999,3.9568359375e-08,111718750.0,6646484.375,0.0001044696443781964,0.0004903107566352607,0.00010990026992491703,12651.187839359509,13950.32864337958,11551.021080965958,16.176343139407294
0.0007763671874999999,3.6505859375e-08,124218750.0,6646484.375,0.0001052002397951417,0.0005005659163950367,0.00011099176778719407,12733.891135094813,14144.324606696648,11540.803974581995,14.337732039985585
0.0007763671874999999,3.6505859375e-08,111718750.0,21958984.375,9.093946727987936e-05,0.00043655256556655853,9.796391404695226e-05,11158.635557303729,12403.124248575867,10129.370863858145,34.02224394178911
0.0007763671874999999,3.6505859375e-08,111718750.0,6646484.375,0.0001043265047190563,0.0004908706653976203,0.00010981350917843896,12632.849099445868,14034.832333633474,11453.279652611383,14.29389995139076
0.0014568359375,2.818359375e-09,424218750.0,34208984.375,0.00011298664195861867,0.0004857739433048457,0.00012131403537402601,13914.48179419942,28076.77189147217,7603.654556003036,389.8944202039112
0.00045136718749999995,2.818359375e-09,424218750.0,34208984.375,7.359455167758202e-05,0.00033404278458890784,8.334223770471093e-05,9042.555361066969,18923.695549505224,4898.104807144881,212.81327613035276
0.0014568359375,4.8755859374999996e-08,424218750.0,34208984.375,0.00011546869444903376,0.0006285065827381946,0.00012300064831505345,14249.958006500165,15397.110535386504,13212.709356230154,52.04438589967756
0.0014568359375,2.818359375e-09,411718750.0,34208984.375,0.0001126611613218496,0.0004813988825129017,0.0001209708346401021,13877.178906960304,27958.534836412528,7586.871196344276,383.7218952853328
0.0014568359375,2.818359375e-09,424218750.0,18896484.375,0.00012700394031142057,0.0005580807445158412,0.00013474380408948756,15490.811487006715,31578.157018446378,8390.755843704203,604.2677569957914
0.0014568359375,4.8755859374999996e-08,411718750.0,18896484.375,0.00012628268541730025,0.0006783395977338011,0.000133601974637827,15435.159306030448,16694.75412125296,14304.291867407193,104.29092346627627
0.00045136718749999995,2.818359375e-09,411718750.0,18896484.375,8.303399970274112e-05,0.00038163488464054246,9.203673022351341e-05,10104.469366936644,21206.517041042036,5438.48378187695,213.27327139319195
0.00045136718749999995,4.8755859374999996e-08,424218750.0,18896484.375,9.083295180707286e-05,0.0005434696843440045,9.850099452975942e-05,11041.74999192007,11982.010248339773,10209.040651184725,40.24324781526838
0.00045136718749999995,4.8755859374999996e-08,411718750.0,34208984.375,8.273434169162277e-05,0.0004986516632152712,9.089463449384313e-05,10146.59507180798,11003.475110157364,9386.191284181308,69.00671969202442
0.00045136718749999995,4.8755859374999996e-08,411718750.0,18896484.375,9.072607655890346e-05,0.0005412465555568732,9.84741988919064e-05,11029.620229317326,11971.63158725783,10199.050656989944,40.404689206298045
0.0008068359374999999,2.7318359374999997e-08,224218750.0,9708984.375,0.00010685325539813672,0.0005531314763275821,0.00011399975698536956,12943.192241761502,14861.521945777273,11347.6507760409,8.962696999555769
0.0011013671875,2.7318359374999997e-08,224218750.0,9708984.375,0.00011883786246677247,0.000593115347617046,0.00012590581766126768,14410.092926803889,16515.857342247513,12646.68626390268,34.58354452884433
0.0008068359374999999,2.4255859375e-08,224218750.0,9708984.375,0.00010671888482558566,0.0005508569319455832,0.00011381877108593298,12926.292535460045,15074.718756688942,11154.931166841881,6.216688068929512
0.0008068359374999999,2.7318359374999997e-08,211718750.0,9708984.375,0.00010651347668311446,0.0005460294201000371,0.00011374632244152933,12904.309937036674,14823.661662322107,11319.288367544743,8.513461716161924
0.0008068359374999999,2.7318359374999997e-08,224218750.0,43396484.375,8.375859264213176e-05,0.0004376677555256843,9.24259046803415e-05,10374.017605099847,11857.963770025563,9109.203091820968,55.89630204551203
0.0008068359374999999,2.4255859375e-08,211718750.0,43396484.375,8.288448531289849e-05,0.0004259815252649773,9.156108721970336e-05,10269.777392921435,11921.393610051904,8883.983975487661,59.4942592744139
0.0011013671875,2.7318359374999997e-08,211718750.0,43396484.375,9.28614547680876e-05,0.0004625152612560355,0.0001010894737063176,11520.703741615467,13138.44769019243,10134.479607350637,21.21294565834657
0.0011013671875,2.4255859375e-08,224218750.0,43396484.375,9.30245042575003e-05,0.0004655802247720042,0.00010142024532781584,11534.99241781873,13354.269777030959,9989.064153718176,18.98564380341805
0.0011013671875,2.4255859375e-08,211718750.0,9708984.375,0.00011849771078872047,0.0005839761472133906,0.00012550826463689237,14370.02115218277,16728.447313849894,12424.74717490793,29.34008832161021
0.0011013671875,2.4255859375e-08,211718750.0,43396484.375,9.253680068038072e-05,0.00045843395312631486,0.00010084789697180303,11479.086768713245,13288.44787967746,9944.49633331125,20.419071122559902
0.0006443359374999999,8.943359375e-09,174218750.0,3583984.375,0.00010495276814627191,0.0004933150992382955,0.00011216030802533076,12617.176149204686,18210.01658013357,8862.983704884478,26.411084489775398
0.0009388671874999999,8.943359375e-09,174218750.0,3583984.375,0.0001190529530534955,0.0005405918472921043,0.00012590241604619213,14322.152795979462,20566.386491550635,10080.802539534356,55.43554411323275
0.0006443359374999999,5.880859374999999e-09,174218750.0,3583984.375,0.00010344484172668058,0.0004604113211698009,0.0001106793420616715,12444.78917555643,20418.212230120072,7779.452860532896,86.96852468544242
0.0006443359374999999,8.943359375e-09,461718750.0,3583984.375,0.0001121959221809591,0.0006104097362875914,0.00012086256576929723,13441.728073562987,19323.56005775427,9357.95037455846,40.89649834392686
0.0006443359374999999,8.943359375e-09,174218750.0,25021484.375,8.289286782679399e-05,0.00038460069600636514,9.106644967132833e-05,10168.26740506596,14553.057382097139,7197.939360762688,74.31091267106457
0.0006443359374999999,5.880859374999999e-09,461718750.0,25021484.375,8.924077680572598e-05,0.0004595353461282852,9.839099305188198e-05,10894.933392892615,17787.761188646255,6798.5587012404585,84.25757237007164
0.0009388671874999999,8.943359375e-09,461718750.0,25021484.375,0.00010230733611832165,0.0005472195145833109,0.00011109687063172333,12495.99639522648,17800.875150062635,8778.284411912953,24.915889799066747
0.0009388671874999999,5.880859374999999e-09,174218750.0,25021484.375,9.244088980938109e-05,0.00038221511520807885,0.00010032112100385534,11360.404241199354,18244.162957146786,7212.215660719382,77.98895180372674
0.0009388671874999999,5.880859374999999e-09,461718750.0,3583984.375,0.00012697643078210733,0.0006337937851031204,0.0001353155646715029,15223.237398899244,24834.736227620466,9460.831685610981,207.07908993139444
0.0009388671874999999,5.880859374999999e-09,461718750.0,25021484.375,0.00010155570653102008,0.000507658165686708,0.0001103554593123663,12407.856354709209,20107.47565356256,7770.355585545636,80.18764557900363
0.0012943359375000001,3.3443359375e-08,374218750.0,28083984.375,0.00011376270167722368,0.000615997698588596,0.00012164605343436194,13956.038729227133,15569.501145311788,12525.596538306736,31.79433720132129
0.0002888671875,3.3443359375e-08,374218750.0,28083984.375,7.770726394316467e-05,0.0004790667126904697,8.615024162351805e-05,9488.068966085166,10645.040251947534,8485.860722059364,95.76581199318694
0.0012943359375000001,3.0380859375e-08,374218750.0,28083984.375,0.00011378364092749454,0.0006158734105638147,0.0001217176941506237,13954.959826246415,15723.916634430572,12400.306587894243,28.85726050404032
0.0012943359375000001,3.3443359375e-08,261718750.0,28083984.375,0.00011140738423269324,0.0005677599829738417,0.00011871005642735768,13688.050671153254,15274.892644905383,12300.53385690954,22.848562960550197
0.0012943359375000001,3.3443359375e-08,374218750.0,49521484.375,0.0001002296461554909,0.0005430505572206118,0.00010869902970256517,12451.488222097163,13858.18309120227,11181.186940516345,14.188365052478359
0.0012943359375000001,3.0380859375e-08,261718750.0,49521484.375,9.744850259492779e-05,0.0004920080885080109,0.0001060265558010537,12130.071019779798,13640.079554088627,10805.972394111872,13.675083911872832
0.0002888671875,3.3443359375e-08,261718750.0,49521484.375,6.625722250843095e-05,0.0003843507861331657,7.574531513526017e-05,8204.204482878635,9200.606126031465,7346.828625162078,183.3136382236665
0.0002888671875,3.0380859375e-08,374218750.0,49521484.375,6.754467392691106e-05,0.00041875969077203906,7.705969738669872e-05,8345.49467459519,9447.116556919127,7383.710504919101,169.99660147413712
0.0002888671875,3.0380859375e-08,261718750.0,28083984.375,7.550716679758609e-05,0.0004401753967121404,8.414636071156723e-05,9233.529529143952,10486.93846693532,8178.812226615179,109.85265253533245
0.0002888671875,3.0380859375e-08,261718750.0,49521484.375,6.567797236085198e-05,0.000380366295625072,7.523406097009944e-05,8133.272928630243,9218.733751729947,7205.632606748987,188.6421151550701
0.0009693359374999999,2.1193359374999997e-08,274218750.0,15833984.375,0.00010900102938971478,0.0005672698706104376,0.00011641231959977513,13258.85016031003,15717.293846837409,11215.626624636532,6.266613034361969
0.0006138671874999999,2.1193359374999997e-08,274218750.0,15833984.375,9.458682858761995e-05,0.0005177883183503325,0.00010247739663851548,11490.88582619671,13662.051838091735,9702.791263984715,16.775410317161498
0.0009693359374999999,4.2630859375e-08,274218750.0,15833984.375,0.0001094548368893513,0.0005759311852149505,0.00011634287308891641,13327.775650945465,14586.658821423332,12229.795202097366,24.952195184699605
0.0009693359374999999,2.1193359374999997e-08,361718750.0,15833984.375,0.0001105135818335465,0.0006034926119905137,0.00011854272031421171,13435.564142739131,15918.069545613456,11350.107247314396,10.619299601300797
0.0009693359374999999,2.1193359374999997e-08,274218750.0,37271484.375,9.345279497375646e-05,0.0004905747231518388,0.0001020787999459587,11522.45207152441,13621.693239430986,9764.944918907458,16.758069980609616
0.0009693359374999999,4.2630859375e-08,361718750.0,37271484.375,9.690031816646442e-05,0.000541356836233598,0.00010503724877093626,11946.49761886613,13052.363979710357,10956.536346878012,22.435411525871356
0.0006138671874999999,2.1193359374999997e-08,361718750.0,37271484.375,8.261423610705156e-05,0.0004780832580823613,9.163673522511582e-05,10157.649240681434,12039.112756726343,8583.657106963703,60.76038748212922
0.0006138671874999999,4.2630859375e-08,274218750.0,37271484.375,8.380943299146088e-05,0.0004663138208717585,9.228783879262103e-05,10324.63810813297,11304.01827742904,9466.817608041216,61.31627106644534
0.0006138671874999999,4.2630859375e-08,361718750.0,15833984.375,9.761187413149187e-05,0.0005608881941237911,0.00010543346579538481,11856.072090702653,12993.644774640787,10858.574747392902,23.732896553524558
0.0006138671874999999,4.2630859375e-08,361718750.0,37271484.375,8.530580229615358e-05,0.0004970184775712462,9.361507926148906e-05,10494.416640317573,11483.416167814827,9614.70181056804,54.77555213328749
0.0003193359375,4.5693359375e-08,474218750.0,40333984.375,7.582024347075398e-05,0.00048038565865775285,8.45071849225121e-05,9314.088678523334,10154.722767057558,8567.599142523408,107.9669251591394
0.0012638671875,4.5693359375e-08,474218750.0,40333984.375,0.00010617031931885766,0.0006014707181738269,0.00011408829656302313,13125.090004254054,14245.130004223984,12110.45379945954,26.829163282998344
0.0003193359375,1.8130859374999998e-08,474218750.0,40333984.375,7.108623030461367e-05,0.0004528712079208196,8.080796841012637e-05,8736.508240103462,10667.589675944959,7163.4403701955725,138.8439033290749
0.0003193359375,4.5693359375e-08,161718750.0,40333984.375,7.021444431400818e-05,0.00037484049256144387,7.863288906695271e-05,8678.99011524792,9477.852592278596,8008.509977015253,152.2648822587578
0.0003193359375,4.5693359375e-08,474218750.0,12771484.375,8.954802523650191e-05,0.0005560100469291873,9.712084677157619e-05,10835.27934059055,11825.999090711795,9959.552097543665,45.28522493065535
0.0003193359375,1.8130859374999998e-08,161718750.0,12771484.375,8.099641730534585e-05,0.00042818237827676895,8.869645910741245e-05,9828.161805981752,12100.77019516091,8101.9597822629385,73.96431839666451
0.0012638671875,4.5693359375e-08,161718750.0,12771484.375,0.00011919116538914245,0.0005600600187527427,0.0001254988287664181,14531.771440750123,15801.281191736887,13425.985832157288,53.27994859555606
0.0012638671875,1.8130859374999998e-08,474218750.0,12771484.375,0.00012691909212978605,0.0006975110237238495,0.0001348443765394618,15399.88784653548,18675.406261355893,12681.29792100297,71.00435902485185
0.0012638671875,1.8130859374999998e-08,161718750.0,40333984.375,9.625870710917583e-05,0.0004383738262321514,0.00010421253006568783,11952.056945029612,14448.498618900296,9936.44632380795,9.36111659950366
0.0012638671875,1.8130859374999998e-08,161718750.0,12771484.375,0.00011943974759926405,0.0005536180744654005,0.00012610530040162821,14539.047602671419,17669.11996234773,12046.043215783253,25.921653341066794
0.00035996093750000004,1.9662109374999997e-08,111718750.0,11240234.375,8.141287321422601e-05,0.00040944759947345515,8.850619239627417e-05,9882.508074479776,11990.095159173788,8270.830585243095,73.04129577329464
0.0004107421875,1.9662109374999997e-08,111718750.0,11240234.375,8.345660782506603e-05,0.00041605150373039465,9.044013758604565e-05,10132.648349992902,12280.406585898256,8483.43043088528,61.40100926728505
0.00035996093750000004,2.8849609374999996e-08,111718750.0,11240234.375,8.3178798305244e-05,0.0004198847738776498,8.996177370373624e-05,10093.797797863677,11560.581538991979,8919.015532272502,66.45991187530915
0.00035996093750000004,1.9662109374999997e-08,299218750.0,11240234.375,8.753319631034847e-05,0.000502798717799626,9.580154862792552e-05,10590.799714617535,12789.892842395746,8814.8842317202,41.53887479955403
0.00035996093750000004,1.9662109374999997e-08,111718750.0,35740234.375,6.566001951748578e-05,0.000324299079378451,7.443129273329297e-05,8127.407779839562,9837.904794526916,6821.942488069434,192.42599840899177
0.00035996093750000004,2.8849609374999996e-08,299218750.0,35740234.375,7.461077721980122e-05,0.0004395683462219454,8.355035254577335e-05,9163.106677840602,10450.160334050966,8067.261207702014,114.28694238402218
0.0004107421875,1.9662109374999997e-08,299218750.0,35740234.375,7.469353426653643e-05,0.000431529151709332,8.391828611471568e-05,9178.170914353259,11050.25472765225,7653.730704316149,111.83276756641428
0.0004107421875,2.8849609374999996e-08,111718750.0,35740234.375,6.942054705761847e-05,0.0003493560553983031,7.797426999865853e-05,8588.935069376465,9834.470516072843,7597.705442596546,157.70030593691516
0.0004107421875,2.8849609374999996e-08,299218750.0,11240234.375,9.091418214427608e-05,0.0005201509087441249,9.87372684419461e-05,11001.026584331074,12559.29357772741,9681.237309589367,32.60679899189665
0.0004107421875,2.8849609374999996e-08,299218750.0,35740234.375,7.638870099612786e-05,0.00044631376530911534,8.52833507312716e-05,9383.728942490321,10696.513777552582,8263.847226119335,101.54520839558899
0.0010099609375,4.4162109374999995e-08,311718750.0,35740234.375,9.830392567614322e-05,0.0005321642854886302,0.00010642451169914289,12121.909761718549,13209.673080442406,11155.3569094513,21.122378192186215
0.0010607421875,4.4162109374999995e-08,311718750.0,35740234.375,9.994526322030382e-05,0.0005381357063911988,0.00010801591846399685,12328.036018946203,13431.332995460967,11346.925402100007,20.081356944605083
0.0010099609375,4.349609375e-09,311718750.0,35740234.375,9.268272200519096e-05,0.0003905284585694284,0.00010140792810829219,11429.764479115596,20145.12523235286,6738.6859818849625,123.66485573960263
0.0010099609375,4.4162109374999995e-08,499218750.0,35740234.375,0.00010078725708065246,0.000591720774742514,0.00010879598702993437,12403.370052824812,13513.120988536135,11405.682657372117,23.02670023719123
0.0010099609375,4.4162109374999995e-08,311718750.0,11240234.375,0.00011528627237703662,0.0006118419429199406,0.0001221085782691943,13992.873581500844,15269.899260839686,12873.046570183651,41.01911492372242
0.0010099609375,4.349609375e-09,499218750.0,11240234.375,0.00011672162427833086,0.0005692439468747161,0.0001251431585523346,14141.05614438243,25490.98264023194,8182.40952258314,246.4392056722123
0.0010607421875,4.4162109374999995e-08,499218750.0,11240234.375,0.00011894123200493872,0.0006801214186209659,0.00012603209873062016,14428.019936199255,15737.997261882201,13247.273612716781,61.58001291752011
0.0010607421875,4.349609375e-09,311718750.0,11240234.375,0.00011584337695307728,0.0005141224811729154,0.00012343130550193716,14053.467887644156,25095.207291905957,8173.848352103303,226.79942776421825
0.0010607421875,4.349609375e-09,499218750.0,35740234.375,9.872252625235125e-05,0.0004631565677247941,0.0001078784996617352,12140.350379049227,21660.979905641612,7103.776111210214,138.5669330956102
0.0010607421875,4.349609375e-09,499218750.0,11240234.375,0.0001190723321298264,0.0005787071552880074,0.0001274408129131938,14427.880391104174,25981.988016394927,8353.555764882944,266.47082120889974
0.0013349609375,7.412109374999999e-09,211718750.0,23490234.375,0.00011229588953007466,0.0004875232779577786,0.0001198272350205973,13773.187702285686,20533.96368279746,9302.665653892655,58.11148821484581
0.0013857421875,7.412109374999999e-09,211718750.0,23490234.375,0.0001142692582262789,0.0004943014864558002,0.00012174749723313165,14017.47545656568,20884.39420628496,9473.976888097162,64.4059723483196
0.0013349609375,1.6599609375e-08,211718750.0,23490234.375,0.00011420318252207272,0.0005444650438833488,0.00012150419783459581,13996.384049736838,17236.454563025352,11418.140886411764,11.83476554252829
0.0013349609375,7.412109374999999e-09,199218750.0,23490234.375,0.00011154437197764977,0.0004796867003718714,0.00011902805264368956,13686.949894331141,20399.28210481076,9249.717150491293,55.88158614016997
0.0013349609375,7.412109374999999e-09,211718750.0,23490234.375,0.00011229588953007466,0.0004875232779577786,0.0001198272350205973,13773.187702285686,20533.96368279746,9302.665653892655,58.11148821484581
0.0013349609375,1.6599609375e-08,199218750.0,23490234.375,0.00011358563220307391,0.0005370514172095066,0.00012085018871458484,13925.921615445655,17150.82769147501,11359.524167077972,10.271006087584126
0.0013857421875,7.412109374999999e-09,199218750.0,23490234.375,0.00011350000836593141,0.000486318105519147,0.00012093619670927488,13929.212182704527,20745.263495423063,9416.56235160569,61.71589735604256
0.0013857421875,1.6599609375e-08,211718750.0,23490234.375,0.00011612455087389831,0.0005509189231395986,0.000123384618444519,14234.168030318433,17522.218140153815,11617.085013980995,16.947253839895172
0.0013857421875,1.6599609375e-08,199218750.0,23490234.375,0.00011549290957229552,0.0005433822524625319,0.00012272841578532496,14162.095535555252,17435.01710196356,11555.318054515768,15.007811209276984
0.0013857421875,1.6599609375e-08,199218750.0,23490234.375,0.00011549290957229552,0.0005433822524625319,0.00012272841578532496,14162.095535555252,17435.01710196356,11555.318054515768,15.007811209276984
0.0006849609375,3.1912109375e-08,411718750.0,47990234.375,8.18719374688384e-05,0.0004855496987437605,9.085686270084681e-05,10124.896569642959,11360.670791679797,9021.846806063237,66.54580577334106
0.0007357421875,3.1912109375e-08,411718750.0,47990234.375,8.35285293725747e-05,0.0004917840547064035,9.246720575607504e-05,10332.687274706705,11590.138671676397,9209.458609034229,58.05834562166141
0.0006849609375,4.1099609374999997e-08,411718750.0,47990234.375,8.292740436334564e-05,0.0004893866616034235,9.166069159154627e-05,10261.1062309845,11246.279506587234,9372.669846954459,63.57796713463951
0.0006849609375,3.1912109375e-08,399218750.0,47990234.375,8.171580910547267e-05,0.0004813823130643165,9.068803344579093e-05,10107.009963677821,11341.61572695277,9006.93215774162,67.340868002784
0.0006849609375,3.1912109375e-08,411718750.0,47990234.375,8.18719374688384e-05,0.0004855496987437605,9.085686270084681e-05,10124.896569642959,11360.670791679797,9021.846806063237,66.54580577334106
0.0006849609375,4.1099609374999997e-08,399218750.0,47990234.375,8.27767286072602e-05,0.000486210020990561,9.149296430357744e-05,10244.124444457579,11226.368254397597,9358.170706432864,64.30485361957082
0.0007357421875,3.1912109375e-08,399218750.0,47990234.375,8.337218848878139e-05,0.00048747823166266237,9.229658563169793e-05,10314.695047607891,11570.825206952091,9194.29695575936,58.781439032797195
0.0007357421875,4.1099609374999997e-08,411718750.0,47990234.375,8.452005444075942e-05,0.0004958130123785662,9.321128875910162e-05,10461.758731037573,11463.145865464016,9557.107226785045,56.07556240646477
0.0007357421875,4.1099609374999997e-08,399218750.0,47990234.375,8.436894411431041e-05,0.0004924027391470249,9.303554501498768e-05,10444.67398733611,11443.52656286904,9543.419803537992,56.71456347852914
0.0007357421875,4.1099609374999997e-08,399218750.0,47990234.375,8.436894411431041e-05,0.0004924027391470249,9.303554501498768e-05,10444.67398733611,11443.52656286904,9543.419803537992,56.71456347852914
0.0008474609374999999,1.287109375e-09,361718750.0,41865234.375,8.181142881020625e-05,0.00037147707127542496,9.120817541252938e-05,10124.296449880432,24726.29094160971,4991.040366216054,355.6905649829049
0.0005732421875,1.287109375e-09,361718750.0,41865234.375,7.11608580821351e-05,0.0003373462969980889,8.29220310333115e-05,8803.130698647892,22250.253407924934,3441.236952404795,385.8286540205946
0.0008474609374999999,3.4974609375e-08,361718750.0,41865234.375,8.988243581754818e-05,0.0005101262075971857,9.832988495771079e-05,11095.929526151689,12333.561834908427,9995.019266889452,34.202739369129425
0.0008474609374999999,1.287109375e-09,149218750.0,41865234.375,7.182652999566128e-05,0.00028181555475249886,7.418728820720491e-05,8971.824932294026,19894.889520176865,4208.310001984937,284.21393570972054
0.0008474609374999999,1.287109375e-09,361718750.0,17365234.375,9.960307337080982e-05,0.00045983719462416075,0.00010803997475380622,12131.498501934288,30198.49751958374,6297.824972705093,569.3850256011989
0.0008474609374999999,3.4974609375e-08,149218750.0,17365234.375,9.938728157287477e-05,0.0004881682199552917,0.00010653286405043906,12133.163672925335,13543.649748534166,10952.85735630851,15.335322580863156
0.0005732421875,1.287109375e-09,149218750.0,17365234.375,7.635650348460503e-05,0.00034764394049688894,8.559587975750932e-05,9363.949258741526,23394.560968015663,4900.84396801185,316.94566095884
0.0005732421875,3.4974609375e-08,361718750.0,17365234.375,9.452173870110683e-05,0.0005498485375699887,0.0001025248940680317,11486.348699723041,12815.2313769732,10329.598564597041,25.48506154122389
0.0005732421875,3.4974609375e-08,149218750.0,41865234.375,7.503714840186353e-05,0.0003815151344437275,8.339935357749823e-05,9305.333063743423,10386.380064639714,8399.41328244895,112.49506773755779
0.0005732421875,3.4974609375e-08,149218750.0,17365234.375,8.946133773987783e-05,0.0004560500664051687,9.695970267716812e-05,10906.666112145775,12206.405061707657,9835.54846118696,38.43996485963257
0.0014974609375,2.5787109374999998e-08,161718750.0,17365234.375,0.0001236768262957604,0.0005694363299122919,0.00013030295510615058,15125.242672096521,17393.129648244336,13217.299713648183,54.437822564954736
0.0012232421875,2.5787109374999998e-08,161718750.0,17365234.375,0.00011344449591582108,0.0005374805686309721,0.00012036666543745172,13859.951668456877,15975.611713232624,12100.998043039688,17.051260456381474
0.0014974609375,1.0474609375e-08,161718750.0,17365234.375,0.00012256642029545193,0.0005344181574176527,0.00012931906011083474,14990.553200371953,20397.04823224559,11091.51368965323,54.51324011490421
0.0014974609375,2.5787109374999998e-08,349218750.0,17365234.375,0.00013001735132952785,0.0006737575698422762,0.00013740113093272177,15849.179943840618,18208.279508171767,13806.160392193236,97.2915963508548
0.0014974609375,2.5787109374999998e-08,161718750.0,41865234.375,0.00010361201641212059,0.0004736977598752733,0.0001112941663313749,12892.142291681299,14785.646952734593,11293.29682444638,7.420793047608935
0.0014974609375,1.0474609375e-08,349218750.0,41865234.375,0.00010973224760885081,0.0005255346744381748,0.00011821697016230242,13571.620915014464,18302.048080507353,10031.854774375532,15.256841902978271
0.0012232421875,2.5787109374999998e-08,349218750.0,41865234.375,0.00010152004438549686,0.0005449293483635122,0.0001100123677474173,12548.079329795955,14396.132548858948,10942.412430634045,8.125610751211857
0.0012232421875,1.0474609375e-08,161718750.0,41865234.375,9.207168989349718e-05,0.0003828237371341256,0.00010027946807554715,11450.937587481872,15440.956534899262,8536.077033811567,29.081050240865782
0.0012232421875,1.0474609375e-08,349218750.0,17365234.375,0.0001190215936291834,0.0005973478511381589,0.00012701814928242316,14492.303068387095,19744.92769624255,10636.49322510755,42.37053707787303
0.0012232421875,1.0474609375e-08,349218750.0,41865234.375,9.990907276195913e-05,0.0004910829960888898,0.00010861891383057424,12347.25713683656,16703.198007866096,9108.052817356294,11.762011339585406
0.0011724609375,1.3537109374999999e-08,461718750.0,29615234.375,0.00010885641085246119,0.0005936064928292828,0.00011753356563442974,13337.992650157346,17083.062916321953,10377.37428448075,8.15401987602219
0.0008982421875,1.3537109374999999e-08,461718750.0,29615234.375,9.813285142468706e-05,0.0005538022875250412,0.00010706226268293936,12014.137756456064,15433.515095126782,9328.715353239459,9.658572551118692
0.0011724609375,2.2724609374999996e-08,461718750.0,29615234.375,0.00010933626088298574,0.0006179455604393227,0.00011763258906825641,13398.914645251276,15655.54029726579,11450.915018484193,13.100879665679333
0.0011724609375,1.3537109374999999e-08,249218750.0,29615234.375,0.00010425073096051269,0.0005082372463867114,0.00011234343908862468,12810.82479152427,16413.39925334625,10025.260041552796,1.943313579463312
0.0011724609375,1.3537109374999999e-08,461718750.0,29615234.375,0.00010885641085246119,0.0005936064928292828,0.00011753356563442974,13337.992650157346,17083.062916321953,10377.37428448075,8.15401987602219
0.0011724609375,2.2724609374999996e-08,249218750.0,29615234.375,0.0001052294923075596,0.0005335444848126494,0.00011296459926536176,12930.414805849834,15123.760476907064,11081.372725356823,4.584377780415309
0.0008982421875,1.3537109374999999e-08,249218750.0,29615234.375,9.396642259420772e-05,0.00047302138713361413,0.00010235154134569114,11536.748743941636,14828.438630642533,9011.255709989913,16.06757222426965
0.0008982421875,2.2724609374999996e-08,461718750.0,29615234.375,9.905742194138207e-05,0.000577768071532794,0.00010756314014899476,12127.673058439032,14191.744522432993,10354.533738565713,10.704552731313292
0.0008982421875,2.2724609374999996e-08,249218750.0,29615234.375,9.53133670529116e-05,0.0004989909394393019,0.00010337693340420321,11700.059417748984,13714.217598444784,10014.671952132205,13.791931920021987
0.0008982421875,2.2724609374999996e-08,249218750.0,29615234.375,9.53133670529116e-05,0.0004989909394393019,0.00010337693340420321,11700.059417748984,13714.217598444784,10014.671952132205,13.791931920021987
0.0005224609375,3.8037109375e-08,261718750.0,5115234.375,0.00010207744655987033,0.0005549046635506807,0.00010919887963073909,12282.597807428045,13624.434043259767,11140.262625577805,16.98216897672314
0.0002482421875,3.8037109375e-08,261718750.0,5115234.375,9.064147007388162e-05,0.0005134602281197457,9.803986707383378e-05,10895.309792952425,12105.999066149627,9873.351342392345,38.847984472280366
0.0005224609375,4.7224609375e-08,261718750.0,5115234.375,0.00010254669709750384,0.0005533519637176511,0.00010960112962691296,12341.0516072822,13446.22047933865,11400.37689028781,21.171534078554917
0.0005224609375,3.8037109375e-08,449218750.0,5115234.375,0.00010458802340897275,0.000620305022440521,0.00011234405721434632,12563.608108323095,13911.495929572133,11376.80137323893,21.673545555170936
0.0005224609375,3.8037109375e-08,261718750.0,5115234.375,0.00010207744655987033,0.0005549046635506807,0.00010919887963073909,12282.597807428045,13624.434043259767,11140.262625577805,16.98216897672314
0.0005224609375,4.7224609375e-08,449218750.0,5115234.375,0.0001049477027175387,0.0006178561632812738,0.0001125674680764185,12608.983942894221,13722.55344550897,11632.52819636737,26.16817956173362
0.0002482421875,3.8037109375e-08,449218750.0,5115234.375,9.286488194965126e-05,0.0005716160085875781,0.00010072850901265179,11144.601345795096,12362.800297163454,10081.72164304795,35.04117682278598
0.0002482421875,4.7224609375e-08,261718750.0,5115234.375,9.163288304378724e-05,0.0005123427658323986,9.889446949247453e-05,11014.387999354956,12015.726658447758,10167.322003894998,38.74626843890078
0.0002482421875,4.7224609375e-08,449218750.0,5115234.375,9.375193731214987e-05,0.0005728978179980834,0.00010153733697071424,11251.567203674755,12262.04638472378,10372.339837196345,35.86130909292395
0.0002482421875,4.7224609375e-08,449218750.0,5115234.375,9.375193731214987e-05,0.0005728978179980834,0.00010153733697071424,11251.567203674755,12262.04638472378,10372.339837196345,35.86130909292395
0.0004412109375,1.0474609375e-08,486718750.0,14302734.375,8.924580598904902e-05,0.0005272407316858006,9.833412636867022e-05,10813.712230920955,14917.193850397965,7865.288579909802,42.30079488152251
0.0011419921875,1.0474609375e-08,486718750.0,14302734.375,0.00012037336946030943,0.0006480712510535914,0.00012872196703562675,14613.429626211542,19951.501674592786,10701.249767059693,52.908249872725115
0.0004412109375,3.8037109375e-08,486718750.0,14302734.375,9.266938438179678e-05,0.0005750139168841104,0.00010039632140473634,11227.822922657484,12430.31234578814,10162.84452589608,33.84258994410033
0.0004412109375,1.0474609375e-08,124218750.0,14302734.375,8.035823338964278e-05,0.00038334112104623487,8.795082279195609e-05,9787.009838165197,13581.76861385729,7206.087889777719,84.16204500998795
0.0004412109375,1.0474609375e-08,486718750.0,14302734.375,8.924580598904902e-05,0.0005272407316858006,9.833412636867022e-05,10813.712230920955,14917.193850397965,7865.288579909802,42.30079488152251
0.0004412109375,3.8037109375e-08,124218750.0,14302734.375,8.596974131700917e-05,0.00043357414745864517,9.304784722205245e-05,10457.934982861665,11613.185474985725,9507.818512832491,55.05614577633166
0.0011419921875,1.0474609375e-08,124218750.0,14302734.375,0.00010846399665032306,0.00047455760488504024,0.00011518598989137491,13239.905364642304,18121.7695339238,9792.842172660481,14.563327015244878
0.0011419921875,3.8037109375e-08,486718750.0,14302734.375,0.00011975650288799174,0.0006820916328665931,0.00012701618641073895,14554.193284787238,16062.996469678763,13196.33214902313,60.68297604163198
0.0011419921875,3.8037109375e-08,124218750.0,14302734.375,0.00011110229857502804,0.0005131730768404239,0.00011699869653445783,13564.789394432004,14977.157114455424,12358.9627499903,22.983445173873072
0.0011419921875,3.8037109375e-08,124218750.0,14302734.375,0.00011110229857502804,0.0005131730768404239,0.00011699869653445783,13564.789394432004,14977.157114455424,12358.9627499903,22.983445173873072
0.0010912109375,3.4974609375e-08,286718750.0,38802734.375,9.81389179982773e-05,0.0005199845630114362,0.00010637244006550932,12123.59109845424,13469.561994991993,10940.502657963518,16.301988966428297
0.0004919921875,3.4974609375e-08,286718750.0,38802734.375,7.835010228384793e-05,0.00044971184012709256,8.71668537098834e-05,9648.35028465171,10760.570117835074,8685.030415695566,89.3774104905163
0.0010912109375,1.3537109374999999e-08,286718750.0,38802734.375,9.609764956446982e-05,0.00047988581503449713,0.0001047186721569692,11862.525962697318,15170.411558727,9277.932262045728,10.118059690234453
0.0010912109375,3.4974609375e-08,324218750.0,38802734.375,9.894945953756463e-05,0.0005364193291665736,0.00010727228113404218,12215.553898196009,13570.057240672179,11013.430706034596,15.93375510372856
0.0010912109375,3.4974609375e-08,286718750.0,38802734.375,9.81389179982773e-05,0.0005199845630114362,0.00010637244006550932,12123.59109845424,13469.561994991993,10940.502657963518,16.301988966428297
0.0010912109375,1.3537109374999999e-08,324218750.0,38802734.375,9.708608281105707e-05,0.0004956369030227029,0.00010577297558020247,11975.455645668386,15315.681979878904,9353.639146780964,8.363403389102592
0.0004919921875,3.4974609375e-08,324218750.0,38802734.375,7.902782723282967e-05,0.0004615202462573548,8.77420677912543e-05,9725.340107225544,10841.123128518153,8747.387077128069,85.33552487459374
0.0004919921875,1.3537109374999999e-08,286718750.0,38802734.375,7.445310742806456e-05,0.0004034157376899563,8.3727577592789e-05,9174.096919054335,11845.805801935625,7137.351163371163,114.68772216283034
0.0004919921875,1.3537109374999999e-08,324218750.0,38802734.375,7.523434926923974e-05,0.00041814133523405955,8.458051287867679e-05,9263.43658558079,11959.517134423468,7199.990626189245,108.46702260118285
0.0004919921875,1.3537109374999999e-08,324218750.0,38802734.375,7.523434926923974e-05,0.00041814133523405955,8.458051287867679e-05,9263.43658558079,11959.517134423468,7199.990626189245,108.46702260118285
0.0014162109375,2.2724609374999996e-08,386718750.0,2052734.375,0.00015340801741765817,0.0007811237554289223,0.00016061566416199623,18348.28124193508,21484.724455047693,15653.725662331452,290.2950007963138
0.0008169921874999999,2.2724609374999996e-08,386718750.0,2052734.375,0.00012439468633535964,0.000676891525164957,0.00013224599768011468,14860.261225161323,17454.864852710656,12654.262977350627,53.14380178581102
0.0014162109375,1.287109375e-09,386718750.0,2052734.375,0.00015479208792030944,0.0007075367700013914,0.0001620286540038897,18525.392740928015,46068.04869988743,9457.520306939503,2184.8025945830373
0.0014162109375,2.2724609374999996e-08,224218750.0,2052734.375,0.00015001156056599797,0.0006992394208685861,0.00015668789784631734,17959.67050106132,21050.819348169633,15361.095941340644,240.1239966257548
0.0014162109375,2.2724609374999996e-08,386718750.0,26552734.375,0.0001197055097720823,0.0006377833098221647,0.00012770746435599286,14664.500367702509,17120.94754751953,12551.854104803628,40.16879715800083
0.0014162109375,1.287109375e-09,224218750.0,26552734.375,0.00010724969060930969,0.00046444916616058537,0.00011542342210258238,13223.87764395121,31532.076989930687,6965.564117444928,634.7665307847002
0.0008169921874999999,2.2724609374999996e-08,224218750.0,26552734.375,9.363042657856095e-05,0.00048725624503293165,0.00010141256640127985,11473.673555927346,13470.48240653095,9827.406464089994,18.0295702753924
0.0008169921874999999,1.287109375e-09,386718750.0,26552734.375,9.148955662355063e-05,0.0004243764304521077,0.00010059750885993929,11207.750641411823,27853.150857318946,5851.364912551038,450.5200054351607
0.0008169921874999999,1.287109375e-09,224218750.0,2052734.375,0.00011629820302661735,0.0005299289029886764,0.00012371143096665462,13930.330090599286,35005.90620034595,7123.371384082307,912.6600205715949
0.0008169921874999999,1.287109375e-09,224218750.0,26552734.375,8.45825269066715e-05,0.0003773682733886372,9.380056396625129e-05,10411.823968826613,25417.514301961983,5476.258046768375,355.3865098345947
0.0007662109375,4.7224609375e-08,186718750.0,26552734.375,9.265494521395327e-05,0.0004757616236419995,0.00010026495963428436,11375.841862575628,12376.256223874625,10525.267452387656,31.723262006444976
0.0014669921875,4.7224609375e-08,186718750.0,26552734.375,0.00011535564769325444,0.0005516506036187887,0.00012268815181132404,14220.222849040794,15421.699452002074,13176.311775607892,44.2095681742726
0.0007662109375,2.5787109374999998e-08,186718750.0,26552734.375,9.06995661747151e-05,0.0004657395993129708,9.833417299508105e-05,11124.489479145434,12856.981169879422,9694.574491281144,28.31549457450027
0.0007662109375,4.7224609375e-08,424218750.0,26552734.375,9.731421283128012e-05,0.0005660615318641537,0.00010499986734669249,11904.982100023464,12923.38136190703,10999.687582358232,25.726104555977333
0.0007662109375,4.7224609375e-08,186718750.0,2052734.375,0.00011771817405917324,0.0005746607536137,0.00012448703469790146,14084.305967884027,15314.314908749768,13020.91422735259,42.53279113131063
0.0007662109375,2.5787109374999998e-08,424218750.0,2052734.375,0.0001221378056487596,0.0006826692833056364,0.00013006678221099115,14587.71854971063,16843.06234487328,12651.937545990206,49.41761369741507
0.0014669921875,4.7224609375e-08,424218750.0,2052734.375,0.00015095593608412784,0.0007862927252416382,0.00015782616780234292,18072.46270463592,19604.18398594034,16685.841751879114,311.9705215845141
0.0014669921875,2.5787109374999998e-08,186718750.0,2052734.375,0.00015035219506962172,0.0006799472814344635,0.00015626284997895392,18011.83190504737,20716.936904453287,15696.048620802063,247.6693192849892
0.0014669921875,2.5787109374999998e-08,424218750.0,26552734.375,0.00012210703355816088,0.0006608982985727306,0.00012996009241265545,14959.172152620808,17168.610530388694,13019.886799027567,56.69562518346337
0.0014669921875,2.5787109374999998e-08,424218750.0,2052734.375,0.00015556511200875305,0.0008048083106516925,0.0001628753738816291,18608.124945675976,21409.326471011307,16176.606773206548,328.9213283319611
0.0006037109375,1.6599609375e-08,236718750.0,32677734.375,8.128197855514627e-05,0.00043080782011116134,9.006796839409632e-05,9990.697408612503,12375.663916193762,8115.639351084404,68.41552830129902
0.0013044921875,1.6599609375e-08,236718750.0,32677734.375,0.00010672990364775691,0.000516720558802668,0.0001146561830721988,13149.441275405952,16157.447453462697,10734.774525986662,1.1447769395605236
0.0006037109375,4.4162109374999995e-08,236718750.0,32677734.375,8.519724763076159e-05,0.00046257026148983807,9.318752925961709e-05,10474.404342721795,11441.417855170683,9638.851466863069,56.15465397614933
0.0006037109375,1.6599609375e-08,274218750.0,32677734.375,8.229144571336262e-05,0.0004471594633557883,9.125960656041927e-05,10106.240523165516,12514.258623942604,8194.777747971564,62.65663981732008
0.0006037109375,1.6599609375e-08,236718750.0,32677734.375,8.128197855514627e-05,0.00043080782011116134,9.006796839409632e-05,9990.697408612503,12375.663916193762,8115.639351084404,68.41552830129902
0.0006037109375,4.4162109374999995e-08,274218750.0,32677734.375,8.604710279145083e-05,0.0004788423594696718,9.426616778434907e-05,10570.529417267207,11544.96361571752,9719.833515687378,52.471686267359175
0.0013044921875,1.6599609375e-08,274218750.0,32677734.375,0.0001080477904907597,0.000537518795327534,0.00011624204410417329,13299.931111123427,16340.822340137747,10835.947779757886,2.483211648345528
0.0013044921875,4.4162109374999995e-08,236718750.0,32677734.375,0.00010783075822855608,0.0005421965106009423,0.00011499621372184801,13312.138962970193,14495.617026628952,12268.526643964675,24.032314567184628
0.0013044921875,4.4162109374999995e-08,274218750.0,32677734.375,0.00010893157800434755,0.000558971743666507,0.00011636706135148675,13436.756581429274,14627.232248113933,12378.26206546808,26.389443632792755
0.0013044921875,4.4162109374999995e-08,274218750.0,32677734.375,0.00010893157800434755,0.000558971743666507,0.00011636706135148675,13436.756581429274,14627.232248113933,12378.26206546808,26.389443632792755
0.0012537109375,4.1099609374999997e-08,436718750.0,8177734.375,0.00012862378651551376,0.0007062383145228474,0.0001358792493240891,15585.057111588914,17090.162422487996,14243.006446674028,110.25479184954892
0.0006544921875,4.1099609374999997e-08,436718750.0,8177734.375,0.00010494169259590002,0.0006157164504349604,0.00011252423816385425,12685.411983336531,13940.004503845736,11576.640096221372,23.04435708852358
0.0012537109375,1.9662109374999997e-08,436718750.0,8177734.375,0.00013059401040890097,0.0007070349174755284,0.00013829019361960825,15801.479742581303,18914.94676306549,13179.09770182652,91.9113848997564
0.0012537109375,4.1099609374999997e-08,474218750.0,8177734.375,0.00012894932539556144,0.0007191188737188083,0.00013613680637696496,15621.739005372303,17129.158710268588,14266.647660623345,114.29440012905916
0.0012537109375,4.1099609374999997e-08,436718750.0,8177734.375,0.00012862378651551376,0.0007062383145228474,0.0001358792493240891,15585.057111588914,17090.162422487996,14243.006446674028,110.25479184954892
0.0012537109375,1.9662109374999997e-08,474218750.0,8177734.375,0.000130799007875343,0.0007201769601674851,0.0001384987699485295,15826.889309128235,18944.146472208675,13208.63991998973,96.03829903071328
0.0006544921875,4.1099609374999997e-08,474218750.0,8177734.375,0.00010521860134029586,0.0006235513008800199,0.00011265468091720455,12716.71615995545,13975.790655459914,11596.79641072025,23.875946683445136
0.0006544921875,1.9662109374999997e-08,436718750.0,8177734.375,0.0001041062078364614,0.0006070176985680805,0.00011221672345963282,12577.094251108785,15118.370893226822,10462.288584982254,7.593949305497781
0.0006544921875,1.9662109374999997e-08,474218750.0,8177734.375,0.00010430107580159166,0.0006158001129460533,0.00011248250605654304,12599.864909186965,15138.426825957295,10486.392748784783,8.468498402293688
0.0006544921875,1.9662109374999997e-08,474218750.0,8177734.375,0.00010430107580159166,0.0006158001129460533,0.00011248250605654304,12599.864909186965,15138.426825957295,10486.392748784783,8.468498402293688
0.0009287109375,4.349609375e-09,136718750.0,44927734.375,7.586175765738172e-05,0.0002619683423743442,7.671853479503591e-05,9468.4112395346,15959.28218454264,5935.762418892,148.2794726423008
0.00032949218750000003,4.349609375e-09,136718750.0,44927734.375,5.624761338751022e-05,0.00020264791593250999,5.8967473579835564e-05,7014.372331495665,12158.468983332048,4338.176038852875,308.5753738393097
0.0009287109375,7.412109374999999e-09,136718750.0,44927734.375,7.734831165333199e-05,0.00028047217109710814,8.503967019839568e-05,9639.2743827419,14145.543728674313,6827.442313339804,111.0972017138838
0.0009287109375,4.349609375e-09,174218750.0,44927734.375,7.822295871504728e-05,0.00028350098825488456,8.209291180216928e-05,9739.909548407604,16640.727732877345,6058.389545714078,136.9749968018984
0.0009287109375,4.349609375e-09,136718750.0,20427734.375,9.120843494732891e-05,0.000356636537608217,9.860777798944916e-05,11201.716546264079,19834.942738933903,6616.457333929816,127.36830833262982
0.0009287109375,7.412109374999999e-09,174218750.0,20427734.375,9.68568084479051e-05,0.0004251781793637862,0.00010450445794870199,11854.714632861247,17822.834686618953,7997.647444542339,44.67127689089175
0.00032949218750000003,4.349609375e-09,174218750.0,20427734.375,7.073950318919402e-05,0.0002966526215638368,7.924898498799347e-05,8654.363557842842,15697.421298123965,5060.358221772168,191.9572782471978
0.00032949218750000003,7.412109374999999e-09,136718750.0,20427734.375,7.062581581202371e-05,0.0003210933684306678,7.90017276852668e-05,8645.13476151062,13225.311069345471,5807.61105279068,164.19061071926637
0.00032949218750000003,7.412109374999999e-09,174218750.0,44927734.375,5.966723081270157e-05,0.00024165685491312492,6.916402409464806e-05,7416.291632684422,11188.34420398066,5126.252556601465,264.13875204654045
0.00032949218750000003,7.412109374999999e-09,174218750.0,20427734.375,7.292061543409956e-05,0.0003443956181779792,8.13968238298052e-05,8909.840503256466,13613.144219320258,5965.272099422162,146.17622750442382
0.0002787109375,2.8849609374999996e-08,336718750.0,20427734.375,8.024846989386157e-05,0.0004857073133494738,8.872526633644888e-05,9758.299588459367,11145.84121263023,8578.208598435167,80.32845717604134
0.0009794921875,2.8849609374999996e-08,336718750.0,20427734.375,0.00010718858190828194,0.0005860633376513197,0.0001150163445689057,13072.090600645433,14851.210267821472,11529.185863456032,13.149495620805443
0.0002787109375,3.1912109375e-08,336718750.0,20427734.375,8.07220633265511e-05,0.0004865735134689769,8.913772021841305e-05,9815.650720286087,11081.647378211459,8732.283887846228,78.45983604162531
0.0002787109375,2.8849609374999996e-08,374218750.0,20427734.375,8.068318356597495e-05,0.0004973749514970901,8.90504595491399e-05,9807.982482038175,11194.496289977493,8615.81327635062,78.14003058161022
0.0002787109375,2.8849609374999996e-08,336718750.0,44927734.375,6.829408913207571e-05,0.0004149127461713944,7.764002802358564e-05,8421.910759452043,9597.852919859353,7407.94107269401,164.30149761856137
0.0002787109375,3.1912109375e-08,374218750.0,44927734.375,6.937590276639574e-05,0.0004305089476449477,7.86266953273706e-05,8549.62731808171,9629.989698162059,7603.792187216975,154.9415031906979
0.0009794921875,2.8849609374999996e-08,374218750.0,44927734.375,9.226355969195296e-05,0.0005169575722463947,0.0001009334672733571,11410.306450325681,12926.653648995674,10071.470163654016,24.00246722780196
0.0009794921875,3.1912109375e-08,336718750.0,44927734.375,9.186762759441314e-05,0.0005060922712200234,0.0001004562763559523,11370.537080110891,12741.917447141808,10160.79547877749,26.328817403708904
0.0009794921875,3.1912109375e-08,374218750.0,20427734.375,0.00010780893575238355,0.0005996721651887575,0.00011567659470251585,13145.752819029878,14764.48255582418,11717.59344374863,17.277175689932534
0.0009794921875,3.1912109375e-08,374218750.0,44927734.375,9.252743549106464e-05,0.0005196775517911575,0.0001010829048030235,11445.469726860441,12823.907847199936,10218.25682452092,24.938816295155775
0.0002583984375,1.8896484374999996e-08,417968750.0,4349609.375,9.210470528766461e-05,0.0005578423187510689,0.00010067893495160001,11040.949349936913,13426.440635901716,9096.727196682446,28.604308210046177
0.0005529296875,1.8896484374999996e-08,417968750.0,4349609.375,0.00010624446101419056,0.0006123268011572597,0.00011455595993508834,12745.893100893376,15447.66524224704,10523.559334701842,7.349236689221697
0.0002583984375,2.6552734374999996e-08,417968750.0,4349609.375,9.31248838981672e-05,0.0005671865928544524,0.00010135627468743196,11161.576635613941,12884.294726561153,9698.519540727075,28.988783786575347
0.0002583984375,1.8896484374999996e-08,192968750.0,4349609.375,8.795708218205307e-05,0.0004729505549740611,9.566747232246166e-05,10571.845470667518,12927.01421633913,8748.025416722183,40.9951355581718
0.0002583984375,1.8896484374999996e-08,417968750.0,38037109.375,6.951552512958336e-05,0.000437714339795842,7.916995698913322e-05,8535.230953136777,10358.077347357808,7042.711162764167,153.25976135650976
0.0002583984375,2.6552734374999996e-08,192968750.0,38037109.375,6.700351109685177e-05,0.0003732433425588846,7.60215545879857e-05,8258.802201490464,9544.921502310744,7209.298771941732,178.12022614140415
0.0005529296875,1.8896484374999996e-08,192968750.0,38037109.375,7.544989196641665e-05,0.000391869359141281,8.426959667153063e-05,9315.401125114062,11281.065258620903,7750.690430164935,106.54571700783961
0.0005529296875,2.6552734374999996e-08,417968750.0,38037109.375,8.160219558470121e-05,0.0004932722096298123,9.051104526927882e-05,10028.13225107274,11517.18364368681,8737.743544739458,68.2582531875678
0.0005529296875,2.6552734374999996e-08,192968750.0,4349609.375,0.00010226555585002685,0.0005279348112993776,0.00010968737228533001,12299.92042200751,14214.49458009999,10734.678842866128,8.238882743993104
0.0005529296875,2.6552734374999996e-08,192968750.0,38037109.375,7.694179084383879e-05,0.00040745070823002975,8.546431578162807e-05,9496.869992773874,10932.043736670994,8302.41084316849,97.30111625190497
0.0009083984374999999,4.3396484375e-08,217968750.0,28849609.375,9.678838330779698e-05,0.0004996319708690741,0.00010410629563918563,11897.261178184615,13004.732356201777,10938.560267801593,22.197825050487147
0.0012029296875,4.3396484375e-08,217968750.0,28849609.375,0.0001064451452066526,0.0005337342386681482,0.00011356320149824841,13105.776317906491,14309.365284101697,12058.957482105261,21.057914321220494
0.0009083984374999999,2.052734375e-09,217968750.0,28849609.375,8.710902015905082e-05,0.0003624557228418919,9.551826501024571e-05,10740.219006739537,23557.144791584124,5743.800752323603,268.1064538696433
0.0009083984374999999,4.3396484375e-08,392968750.0,28849609.375,0.00010026137700560373,0.0005687983977937965,0.00010812933886228241,12291.729116834122,13422.058516297344,11285.986139266477,21.22722334908891
0.0009083984374999999,4.3396484375e-08,217968750.0,13537109.375,0.00010770094994702624,0.0005519279633384152,0.00011501727470041357,13099.882710939826,14343.360344492074,12041.980987209652,21.494716537146395
0.0009083984374999999,2.052734375e-09,392968750.0,13537109.375,0.00010719282992598125,0.00047989436052969434,0.00011516410962381449,13016.226499693832,29387.59226265226,6831.578527510017,494.23637135609687
0.0012029296875,4.3396484375e-08,392968750.0,13537109.375,0.00012159765206242671,0.0006598111598895602,0.00012888562252140522,14786.422604772735,16140.359509512471,13580.001840530302,70.12393871069361
0.0012029296875,2.052734375e-09,217968750.0,13537109.375,0.00011330274197143902,0.00047774584648901084,0.00012034748745315526,13809.471037003503,30617.99343784427,7300.3378456236105,559.1598841483989
0.0012029296875,2.052734375e-09,392968750.0,28849609.375,0.0001060192182721359,0.00046299588182525226,0.00011430830841520413,13014.910493034698,28820.80058536376,6913.902793355226,456.4299997367897
0.0012029296875,2.052734375e-09,392968750.0,13537109.375,0.00012046067153693554,0.000533352545637839,0.00012806388324801944,14637.288196752297,32784.252384763204,7694.587628069902,709.2057560060059
0.0012333984375000001,6.646484375e-09,317968750.0,16599609.375,0.00011878742680365465,0.0005525902247806434,0.00012653243317844553,14466.347755857507,22403.84069546487,9426.124333852924,108.44178472175794
0.0008779296874999999,6.646484375e-09,317968750.0,16599609.375,0.00010352945331958034,0.0004961911257275274,0.00011161655311170434,12596.252207881636,19626.269725618204,8186.010805724856,60.172444890936
0.0012333984375000001,1.4302734375e-08,317968750.0,16599609.375,0.0001197693000318889,0.0006071816564198696,0.00012765797707938036,14579.655631269037,18502.959199657016,11491.566218845028,30.775314009244184
0.0012333984375000001,6.646484375e-09,292968750.0,16599609.375,0.00011807324751366022,0.0005409741368831923,0.00012573045486986755,14383.500172512266,22274.982726142007,9361.88709613866,104.51426386383113
0.0012333984375000001,6.646484375e-09,317968750.0,1287109.375,0.00014827334963610502,0.0006803469358974502,0.00015571769575600293,17699.747038845297,27619.424205013816,11400.037478786915,366.9841408272418
0.0012333984375000001,1.4302734375e-08,292968750.0,1287109.375,0.00014720635042752357,0.0007096095210785643,0.0001543383256366443,17571.82854605415,22376.582066073188,13821.99250758977,205.61983663445125
0.0008779296874999999,6.646484375e-09,292968750.0,1287109.375,0.00012868665978702672,0.000601051040407695,0.00013635880146527305,15354.512020902119,24064.243748926998,9871.931826336135,170.34731922568403
0.0008779296874999999,1.4302734375e-08,317968750.0,1287109.375,0.00012938152174340618,0.0006566549071254019,0.00013707553474463406,15432.138605436028,19700.607112933172,12098.844089570264,69.19739986145834
0.0008779296874999999,1.4302734375e-08,292968750.0,16599609.375,0.00010444447608178004,0.0005436385414164464,0.00011252845038704697,12704.780367105215,16180.415139915829,10003.392997757948,2.6393699562963753
0.0008779296874999999,1.4302734375e-08,292968750.0,1287109.375,0.00012895842257610728,0.0006466990127709493,0.000136437057321194,15384.18225806288,19643.06949869526,12078.568085953204,66.07042908163349
0.0005833984375,3.1146484374999997e-08,117968750.0,41099609.375,7.310374214778482e-05,0.0003574103627125895,8.161846369086727e-05,9081.965195575041,10270.914824760868,8110.076081751611,126.93288540534982
0.0002279296875,3.1146484374999997e-08,117968750.0,41099609.375,6.212614506280337e-05,0.00032125724325640474,7.109475214361228e-05,7701.984824165671,8749.190012057345,6864.557929818252,228.73518559361455
0.0005833984375,3.8802734374999996e-08,117968750.0,41099609.375,7.430621823000525e-05,0.0003655995200635089,8.278345389536747e-05,9232.48859457693,10214.071675980647,8424.161216512637,118.93721691027807
0.0005833984375,3.1146484374999997e-08,492968750.0,41099609.375,8.250284310492091e-05,0.0005145761797248571,9.136776898687354e-05,10150.943336139473,11437.129227181022,9007.103766103515,64.85455435058894
0.0005833984375,3.1146484374999997e-08,117968750.0,25787109.375,8.160771879359819e-05,0.00040637543383281066,8.941269766740275e-05,10027.955819105346,11362.722152658122,8952.512685217578,71.90434237558243
0.0005833984375,3.8802734374999996e-08,492968750.0,25787109.375,9.133549971015294e-05,0.0005619596983242477,9.940131528632007e-05,11146.684466718367,12299.10142090557,10113.323308307938,35.679139018675
0.0002279296875,3.1146484374999997e-08,492968750.0,25787109.375,7.724101450504467e-05,0.0005054353290211322,8.585860290409276e-05,9408.624959859342,10641.244407313688,8329.972891795036,99.47682830722182
0.0002279296875,3.8802734374999996e-08,117968750.0,25787109.375,7.092110710291514e-05,0.0003733435879412489,7.922545333078685e-05,8696.412717355215,9670.649724181638,7915.434493733153,148.6821308629927
0.0002279296875,3.8802734374999996e-08,492968750.0,41099609.375,7.158630473066949e-05,0.000469181836979516,8.050712942213843e-05,8789.37475550697,9719.433509376411,7963.612706902767,138.13514803776
0.0002279296875,3.8802734374999996e-08,492968750.0,25787109.375,7.844500749086654e-05,0.0005101242240078218,8.68239072361763e-05,9554.512218803358,10571.542280886437,8655.485845409683,93.48936473833247
0.0007458984374999999,1.2771484374999999e-08,267968750.0,47224609.375,7.845104865444175e-05,0.0003917487276234919,8.764486710143527e-05,9728.078373548104,12635.40611030336,7511.834166673717,86.58021608838035
0.0003904296875,1.2771484374999999e-08,267968750.0,47224609.375,6.615879708429055e-05,0.00034719599464155424,7.584769352084777e-05,8195.48909841916,10737.813378375638,6306.000264344579,186.33688592145162
0.0007458984374999999,3.2677734375e-08,267968750.0,47224609.375,8.177279081435854e-05,0.00044402822805990756,9.07138597188506e-05,10137.464063249428,11353.647212166563,9079.186438458186,67.2444483595505
0.0007458984374999999,1.2771484374999999e-08,242968750.0,47224609.375,7.768561215344455e-05,0.00037935434039029395,8.683453420996605e-05,9640.24261116257,12520.067788040637,7453.064799713484,92.15143270038178
0.0007458984374999999,1.2771484374999999e-08,267968750.0,7412109.375,0.00010647937803761564,0.0005463407131829693,0.00011408878956144733,12867.14678195636,16855.357833678274,9867.191785685893,5.5263555383058005
0.0007458984374999999,3.2677734375e-08,242968750.0,7412109.375,0.00010706697393621535,0.000564366132185228,0.00011411691998664187,12944.727603588466,14564.47334465394,11578.875423634208,13.85059723999505
0.0003904296875,1.2771484374999999e-08,242968750.0,7412109.375,8.975914264121119e-05,0.0004792647568904782,9.773505827768002e-05,10838.16563736423,14287.621300403658,8297.522585760724,34.774489548667184
0.0003904296875,3.2677734375e-08,267968750.0,7412109.375,9.285507565413933e-05,0.0005205622500451034,0.00010026505370030952,11208.70652519846,12627.895566188676,10003.108938443507,28.82360375736472
0.0003904296875,3.2677734375e-08,242968750.0,47224609.375,6.985318601742e-05,0.00039316092493637525,7.919035315788955e-05,8648.305620350817,9718.273310968503,7734.614201984652,151.07872932995215
0.0003904296875,3.2677734375e-08,242968750.0,7412109.375,9.246574191553398e-05,0.0005128881208576776,9.976114390797974e-05,11163.482385466104,12586.62392003811,9972.368430041455,29.600585327540937
0.0013958984375,3.7271484375e-08,467968750.0,22724609.375,0.00012248094339644265,0.0006820230973495602,0.00012990184079978806,14977.794217841943,16537.263998606926,13575.565502890571,74.76698074991783
0.0010404296875,3.7271484375e-08,467968750.0,22724609.375,0.00010955420548242177,0.0006318255536133694,0.00011713866206917387,13376.61365307445,14785.183992918312,12115.333615238696,27.261683599331374
0.0013958984375,8.177734375e-09,467968750.0,22724609.375,0.00012303045716160398,0.000622546549505357,0.0001313689620326591,15025.17888637848,21843.620917293312,10333.548262835644,94.47733170248925
0.0013958984375,3.7271484375e-08,442968750.0,22724609.375,0.00012222064667168607,0.0006732465149559613,0.00012971239097480847,14946.270729028716,16499.542168694923,13554.131770804606,72.31462974642788
0.0013958984375,3.7271484375e-08,467968750.0,31912109.375,0.00011583875014255578,0.0006460273366105441,0.000123510275198596,14242.565632820737,15709.515701375594,12906.47049265907,45.32528874290921
0.0013958984375,8.177734375e-09,442968750.0,31912109.375,0.00011489193627598039,0.0005718514614504203,0.00012342873996643047,14109.78337913445,20444.207000048256,9732.756971050001,54.99662935696747
0.0010404296875,3.7271484375e-08,442968750.0,31912109.375,0.0001033023333177154,0.0005911080234636061,0.00011119142399854207,12683.263438245158,14007.886330247244,11485.477759165447,18.751306127473363
0.0010404296875,8.177734375e-09,467968750.0,31912109.375,0.00010135040806041715,0.0005271107829340178,0.00011027674884281131,12432.051743226413,18111.52649242219,8540.039272611622,31.768043940588022
0.0010404296875,8.177734375e-09,442968750.0,22724609.375,0.00010789901037130161,0.0005581107504292655,0.00011645785125677564,13167.227707340751,19219.19763854386,9030.677003099583,38.556613795563734
0.0010404296875,8.177734375e-09,442968750.0,31912109.375,0.00010099433340531378,0.0005194157735080514,0.00010984493666864976,12391.271311931438,18044.90001025411,8520.704233264643,31.346606404933627
0.0010708984375,2.5021484374999996e-08,167968750.0,34974609.375,9.463005167046164e-05,0.0004581514447585856,0.0001023651318187948,11696.368621443686,13523.125840602223,10184.437039456394,16.109843658027774
0.0013654296875,2.5021484374999996e-08,167968750.0,34974609.375,0.00010441901787084618,0.0004903070885536824,0.00011194810400043226,12921.634944288046,14907.371780672096,11264.344042452502,6.3175678786484495
0.0010708984375,2.0427734375e-08,167968750.0,34974609.375,9.406200755453842e-05,0.00044985758320414493,0.00010188747841796453,11625.280822326818,13832.215275668512,9829.571247355974,15.094330284040309
0.0010708984375,2.5021484374999996e-08,142968750.0,34974609.375,9.299259857643041e-05,0.00044044348277612436,0.00010078222614157951,11509.907985973417,13314.425963558035,10030.642886733473,20.404470791178703
0.0010708984375,2.5021484374999996e-08,167968750.0,44162109.375,8.907909588132507e-05,0.0004249189439421576,9.724254545911063e-05,11076.172835272613,12777.810540125329,9648.058561377395,32.46482042123936
0.0010708984375,2.0427734375e-08,142968750.0,44162109.375,8.677005816255477e-05,0.00039553270064116816,9.50372315337564e-05,10805.73151676531,12828.335858988397,9166.95739296763,40.663540654436915
0.0013654296875,2.5021484374999996e-08,142968750.0,44162109.375,9.658768018430005e-05,0.0004354860020334771,0.00010450151033842618,12044.134388160179,13869.544064297148,10515.558201328435,12.776984834223322
0.0013654296875,2.0427734375e-08,167968750.0,44162109.375,9.785727970184282e-05,0.000445236900922195,0.00010585800542203256,12180.85221112889,14420.838362348297,10329.81764612453,7.5002742053803155
0.0013654296875,2.0427734375e-08,142968750.0,34974609.375,0.00010215726608913306,0.00046219774083754866,0.00010975806297597434,12658.030153311265,15028.925874350278,10730.941832665185,3.273974587624491
0.0013654296875,2.0427734375e-08,142968750.0,44162109.375,9.603972979979398e-05,0.0004245242670584959,0.00010402758116768854,11973.916862649101,14176.621093153446,10168.834682624038,11.311703656184966
0.0004208984375,4.9521484375e-08,367968750.0,10474609.375,9.443074618716157e-05,0.0005503409449531845,0.00010218653357033132,11422.146272571146,12393.70395429132,10573.478278025914,32.102498628089386
0.0007154296874999999,4.9521484375e-08,367968750.0,10474609.375,0.00010547576838009641,0.0005930965863282844,0.00011291855331872907,12778.636277513093,13842.441342671034,11837.578310900575,25.243294808935097
0.0004208984375,4.4927734375e-08,367968750.0,10474609.375,9.407576537775471e-05,0.0005498115165611385,0.00010187450549126699,11377.61625369041,12433.844618936073,10452.673116822034,31.435211830832614
0.0004208984375,4.9521484375e-08,342968750.0,10474609.375,9.422951222777733e-05,0.0005433363255967646,0.00010183821613604215,11398.728280184008,12365.08733115415,10556.711941732525,32.29003798360015
0.0004208984375,4.9521484375e-08,367968750.0,19662109.375,8.886708328494825e-05,0.0005238022014530014,9.684759566235381e-05,10810.040345451094,11724.121302560694,10013.073376457996,45.94978703513478
0.0004208984375,4.4927734375e-08,342968750.0,19662109.375,8.814822669515943e-05,0.000516446730967245,9.622489769518315e-05,10722.669019593968,11714.75024919251,9861.933012739297,47.128254433183045
0.0007154296874999999,4.9521484375e-08,342968750.0,19662109.375,9.895673613989023e-05,0.0005540204018438267,0.00010668690728456553,12061.116856953839,13062.679483220869,11180.734554976938,24.164159243904
0.0007154296874999999,4.4927734375e-08,367968750.0,19662109.375,9.901984072197025e-05,0.000565023311137263,0.00010686953034311179,12063.07819104773,13157.654844522613,11099.589654663445,22.94037581444289
0.0007154296874999999,4.4927734375e-08,342968750.0,10474609.375,0.00010513453497093314,0.000586591143711037,0.00011245709968417306,12734.75841239951,13894.720468685853,11714.141943618852,22.394583002086172
0.0007154296874999999,4.4927734375e-08,342968750.0,19662109.375,9.872228211694411e-05,0.0005552700649613279,0.00010651185039260049,12029.15436483454,13118.980677536621,11071.825287113292,22.72521112693002
0.0005021484375,3.5839843749999996e-09,192968750.0,19662109.375,7.863144595135458e-05,0.0003252164618304177,8.685857678167175e-05,9614.639348043293,18436.89473327764,5405.878598440059,175.56825577439787
0.0012841796875,3.5839843749999996e-09,192968750.0,19662109.375,0.00010997629775343324,0.00043797887498727485,0.00011710503336428244,13476.70689461924,25218.53529478156,7634.670120863226,247.06160748078054
0.0005021484375,4.1865234375e-08,192968750.0,19662109.375,8.781621299126734e-05,0.0004679330819425021,9.544379205021032e-05,10708.697748031092,11787.539264094092,9807.285638490755,46.546074775131046
0.0005021484375,3.5839843749999996e-09,217968750.0,19662109.375,7.991942866362641e-05,0.0003356436013209916,8.821736020361006e-05,9763.275590055764,18732.18077087381,5481.059938263071,172.6269108216172
0.0005021484375,3.5839843749999996e-09,192968750.0,10474609.375,8.664872844363523e-05,0.0003665836346884136,9.426460456590655e-05,10512.19462986844,20291.258689805374,5874.15385137682,170.38811728176097
0.0005021484375,4.1865234375e-08,217968750.0,10474609.375,9.489598034588214e-05,0.0005098030289190319,0.000102300836587781,11492.407971233279,12652.878384899965,10514.826368060938,26.620262031194024
0.0012841796875,3.5839843749999996e-09,217968750.0,10474609.375,0.00012249075684049306,0.0005051022145649627,0.00012917455416760443,14882.795615723644,28135.58746239342,8360.244490488876,376.7780941038988
0.0012841796875,4.1865234375e-08,192968750.0,10474609.375,0.00012364374358790454,0.0005946293830269217,0.0001302764966359351,15033.19025405526,16470.0405427292,13791.523098339858,71.14846551543576
0.0012841796875,4.1865234375e-08,217968750.0,19662109.375,0.00011608486791300447,0.0005743378445124642,0.000123294148180094,14205.856589017172,15567.45062390527,13025.63303065104,41.26777642146673
0.0012841796875,4.1865234375e-08,217968750.0,10474609.375,0.0001244148383415228,0.0006096507695401288,0.00013147713512744232,15120.81035006996,16574.868867460336,13859.150839669881,75.83248287541672
0.0011521484375,2.8083984374999998e-08,392968750.0,44162109.375,9.868571444921934e-05,0.0005464796135090042,0.00010722922795722864,12204.560742755986,13856.149419887171,10740.975524077627,12.155830358357365
0.0006341796875,2.8083984374999998e-08,392968750.0,44162109.375,8.127933827269174e-05,0.00048052650835829426,9.027184715967037e-05,10028.997905568944,11425.214977512167,8804.187666277283,69.27054861582505
0.0011521484375,1.7365234374999997e-08,392968750.0,44162109.375,9.781497104200583e-05,0.0005269233041289467,0.00010671700713895204,12091.298387872514,14714.260482363097,9918.58994606913,6.126488926225624
0.0011521484375,2.8083984374999998e-08,417968750.0,44162109.375,9.906146758990699e-05,0.0005538133115070045,0.00010763512079021482,12247.51816817353,13901.755395219321,10773.3461598931,12.138568745703216
0.0011521484375,2.8083984374999998e-08,392968750.0,34974609.375,0.00010427669736220022,0.0005771149386995342,0.00011248116061331885,12828.634867165683,14578.01561397816,11279.708294513934,11.19065682562569
0.0011521484375,1.7365234374999997e-08,417968750.0,34974609.375,0.00010402509565793954,0.0005687440854996396,0.00011273422478893483,12788.675541685718,15588.398568807288,10469.960818352478,2.937990513649214
0.0006341796875,2.8083984374999998e-08,417968750.0,34974609.375,8.629717593214341e-05,0.0005164645386728556,9.491927254580924e-05,10591.026068230074,12072.874158178254,9297.198181895837,46.48191771678424
0.0006341796875,1.7365234374999997e-08,392968750.0,34974609.375,8.443751964729732e-05,0.0004895565103028839,9.359519846002477e-05,10366.085786665142,12704.35416379153,8460.372780729364,51.15858617624474
0.0006341796875,1.7365234374999997e-08,417968750.0,44162109.375,7.989639042340729e-05,0.00046550483042177897,8.940539321690643e-05,9856.48793323387,12065.818919287065,8051.428182461287,74.5301454838369
0.0006341796875,1.7365234374999997e-08,417968750.0,34974609.375,8.475896321971047e-05,0.0004977190345580001,9.396893928401235e-05,10402.81333808977,12748.8565897124,8484.234835717773,49.77309397699449
0.0014771484375,1.5833984374999998e-08,292968750.0,7412109.375,0.00013970863957096465,0.0006823910743642364,0.00014658237178890815,16913.33947732058,21031.470167225707,13614.739034519767,148.76143494652166
0.0003091796875,1.5833984374999998e-08,292968750.0,7412109.375,8.739784481386007e-05,0.0004969161415463711,9.587799769739111e-05,10547.06003269657,13276.847498728866,8431.657866283209,42.6357284894335
0.0014771484375,5.115234375e-09,292968750.0,7412109.375,0.00013943404840224634,0.0006125363207586861,0.00014652066012615174,16882.8018365331,28457.47768246375,10211.307593724903,390.6523419436415
0.0014771484375,1.5833984374999998e-08,117968750.0,7412109.375,0.00013136306156781642,0.0005700352156168368,0.00013675206186852028,15946.685941253758,19832.72265551063,12905.211894720247,81.100222293445
0.0014771484375,1.5833984374999998e-08,292968750.0,47224609.375,0.00010458794796108473,0.0005061365889377016,0.00011316846156434638,12988.049396461643,16014.700849407736,10529.250454966299,0.3565279520666457
0.0014771484375,5.115234375e-09,117968750.0,47224609.375,9.118503716123289e-05,0.00029487066017532535,8.815399729595939e-05,11414.935154285724,17923.584798493986,7519.704452355375,78.38154437738325
0.0003091796875,1.5833984374999998e-08,117968750.0,47224609.375,5.824642718753331e-05,0.0002588967352949793,6.791440858489227e-05,7266.941695378442,9118.17727032299,5896.290898885243,276.4142253131946
0.0003091796875,5.115234375e-09,292968750.0,47224609.375,6.0749795753767605e-05,0.0002600315159144907,7.023169859588478e-05,7526.418853772656,12827.121290228888,4712.283781344051,253.11745767336
0.0003091796875,5.115234375e-09,117968750.0,7412109.375,7.754384970063098e-05,0.0003361975434594162,8.49067450585979e-05,9392.103403252337,16333.185293560224,5677.782348377987,146.09169785225643
0.0003091796875,5.115234375e-09,117968750.0,47224609.375,5.442673069661435e-05,0.00018799910972800614,5.536570769851124e-05,6799.46231292615,11128.96849062258,4384.589456285542,333.0570480914573
0.0008271484375,4.0333984375e-08,492968750.0,31912109.375,9.656848394434272e-05,0.0005781901681266619,0.0001046406877141956,11842.520657113217,13004.441273692006,10793.969643802442,24.577918522955816
0.0009591796875,4.0333984375e-08,492968750.0,31912109.375,0.00010110263307986983,0.0005957242493633576,0.00010907780962290722,12407.155407184693,13618.002910502946,11311.638550869355,21.320945434072748
0.0008271484375,2.9615234374999997e-08,492968750.0,31912109.375,9.585328916374614e-05,0.0005750735986087672,0.00010424644756178164,11747.289381548599,13294.285248081316,10382.905261861557,20.14466256215178
0.0008271484375,4.0333984375e-08,317968750.0,31912109.375,9.440542767290073e-05,0.0005239027562326486,0.00010259706583711013,11596.507919531594,12742.96790812428,10581.33993335058,25.550835658728282
0.0008271484375,4.0333984375e-08,492968750.0,22724609.375,0.00010207584031902979,0.00060641442918869,0.00010977305261490475,12452.502978560182,13684.265057982024,11348.975276858298,22.010397323253997
0.0008271484375,2.9615234374999997e-08,317968750.0,22724609.375,9.951085463616867e-05,0.0005503627224686652,0.00010750104932341642,12148.481966282921,13772.238982819963,10746.907034785685,13.195725683495713
0.0009591796875,4.0333984375e-08,317968750.0,22724609.375,0.00010482010105953904,0.0005689565948386272,0.00011242374455499145,12811.774127590748,14077.478408549756,11700.951053672574,19.141198098028998
0.0009591796875,2.9615234374999997e-08,492968750.0,22724609.375,0.0001066286447048153,0.0006261514998385997,0.00011454275115048936,13007.04290002619,14716.607188039561,11485.635781828576,17.420125601288593
0.0009591796875,2.9615234374999997e-08,317968750.0,31912109.375,9.82287331053102e-05,0.0005372182609578073,0.00010649556517060188,12066.07911216078,13654.754028349511,10687.077013950282,13.790030883562507
0.0009591796875,2.9615234374999997e-08,317968750.0,22724609.375,0.00010444055593380269,0.0005683748262348702,0.00011230397835224745,12757.282441246884,14449.341296838347,11290.62452274498,11.584357387944955
0.0006646484375,2.1958984374999998e-08,342968750.0,25787109.375,9.101487245216557e-05,0.0005181006598022175,9.952977757286658e-05,11120.59070633164,13122.77340603038,9451.27431322554,26.533260346440418
0.0011216796875,2.1958984374999998e-08,342968750.0,25787109.375,0.00010841162059265542,0.0005823088859878581,0.0001165918633481409,13267.325636479089,15602.763909102163,11295.461228115922,8.066578060017667
0.0006646484375,4.7990234375e-08,342968750.0,25787109.375,9.338369425808743e-05,0.000530934822961006,0.00010142279312123779,11420.64939539104,12396.221834352451,10561.935522818045,31.450690946540483
0.0006646484375,2.1958984374999998e-08,167968750.0,25787109.375,8.611303627800688e-05,0.000439222169440717,9.389683208281965e-05,10559.522174843567,12502.363380908675,9000.730612201834,45.090406503724545
0.0006646484375,2.1958984374999998e-08,342968750.0,41099609.375,8.221134688292576e-05,0.00046736914068124723,9.127316817299866e-05,10135.134753440429,11936.51472695198,8614.335712507182,62.514524122009185
0.0006646484375,4.7990234375e-08,167968750.0,41099609.375,8.078836591648075e-05,0.00041263477876286224,8.877787645683046e-05,10016.495812093026,10871.659392717413,9289.153393682287,77.93455697589486
0.0011216796875,2.1958984374999998e-08,167968750.0,41099609.375,9.2095683427222e-05,0.00043589836771639265,0.00010013064368133141,11430.356416909895,13427.578925914046,9785.633182366699,21.023106852175857
0.0011216796875,4.7990234375e-08,342968750.0,41099609.375,9.950412007421274e-05,0.0005397231625495572,0.00010764850354000087,12318.848177090713,13331.59700691183,11409.874603306214,21.966938647165854
0.0011216796875,4.7990234375e-08,167968750.0,25787109.375,0.00010390827830219999,0.0005054939743310372,0.00011143622554839441,12786.973437179042,13872.668627388344,11862.429270394288,20.959443183786817
0.0011216796875,4.7990234375e-08,167968750.0,41099609.375,9.426238737769875e-05,0.00045686094108972596,0.00010193408414036013,11725.698196564777,12701.371876002502,10887.771855302472,27.61295388268328
0.0013146484375,4.6458984374999996e-08,142968750.0,1287109.375,0.00014118183387982979,0.0006259939632907601,0.00014613806237494535,16891.024999867124,18335.701715940842,15626.04718510134,185.46259401001765
0.0004716796875,4.6458984374999996e-08,142968750.0,1287109.375,0.00010596994402356884,0.0005138269970670212,0.00011220560556357476,12644.411450648393,13779.445473500073,11679.608725262811,19.71346198925133
0.0013146484375,2.3490234374999997e-08,142968750.0,1287109.375,0.0001444277501658766,0.000636220304429016,0.00014975966881256388,17265.726163698935,20128.214725650592,14867.052900873416,178.33408759099507
0.0013146484375,4.6458984374999996e-08,367968750.0,1287109.375,0.00014638318423129532,0.0007507319639660755,0.00015305601700703575,17487.65465530752,19000.13257767701,16138.843321152412,252.44104413350632
0.0013146484375,4.6458984374999996e-08,142968750.0,16599609.375,0.00011629532478851738,0.0005375413869261229,0.0001224490034499867,14236.450946333827,15453.914293464284,13177.551788296205,43.9051311911418
0.0013146484375,2.3490234374999997e-08,367968750.0,16599609.375,0.00012392622796195523,0.0006569306675664476,0.00013159951589874314,15086.887330972859,17564.914613898953,12958.251568555332,58.04873285112145
0.0004716796875,4.6458984374999996e-08,367968750.0,16599609.375,9.221941093313957e-05,0.0005399499232288347,0.0001001359937516878,11199.043091126643,12200.58595264021,10326.333905254098,35.504311474256326
0.0004716796875,2.3490234374999997e-08,142968750.0,16599609.375,8.429763513697384e-05,0.00043284868985921977,9.191880011680928e-05,10268.843751155633,12090.402659140813,8827.625577567907,56.30833367499885
0.0004716796875,2.3490234374999997e-08,367968750.0,1287109.375,0.00010921660623689344,0.0006157059994994827,0.00011735388018064157,13016.33031317895,15258.036752749134,11120.199190669531,11.000298382053188
0.0004716796875,2.3490234374999997e-08,367968750.0,16599609.375,8.989851020468487e-05,0.0005316510515896289,9.820649135271865e-05,10912.690883527584,12781.19146389407,9337.474333691907,33.37543582448817
0.0009896484375,9.708984375e-09,442968750.0,38037109.375,9.530781004370453e-05,0.0005018190162278501,0.00010437773849862839,11731.142555241171,16276.608123259486,8442.200732193665,23.490353915931845
0.0007966796875,9.708984375e-09,442968750.0,38037109.375,8.800477309839427e-05,0.0004754094741487047,9.728718973523968e-05,10826.599978751272,15075.044416953178,7776.408768609299,44.435108121936196
0.0009896484375,1.1240234375e-08,442968750.0,38037109.375,9.56045639275673e-05,0.0005144339858398134,0.00010466007449423401,11766.640835913522,15729.246027580195,8784.760468868531,16.515212924679602
0.0009896484375,9.708984375e-09,267968750.0,38037109.375,9.145996539390336e-05,0.00043290350167914153,0.00010004381534803932,11290.591917102896,15626.83476740793,8190.751806100396,32.39861595492575
0.0009896484375,9.708984375e-09,442968750.0,4349609.375,0.0001274344494186683,0.0006682015171861775,0.00013572930125221823,15304.733168476474,21403.21926415156,10941.62563413003,93.06497406635174
0.0009896484375,1.1240234375e-08,267968750.0,4349609.375,0.0001239050127516402,0.0006057230304033335,0.00013130208639389965,14903.868803148769,20089.74485074026,11095.792866320406,54.071513455153564
0.0007966796875,9.708984375e-09,267968750.0,4349609.375,0.00011437142779005766,0.0005628260622508121,0.00012204169681007137,13753.030162267869,19297.126507240308,9862.551929971714,32.375934607808404
0.0007966796875,1.1240234375e-08,442968750.0,4349609.375,0.00011792438278114,0.0006407534035626951,0.00012640321659803012,14155.639941008421,19094.35450768306,10500.285728805624,36.28823640444823
0.0007966796875,1.1240234375e-08,267968750.0,38037109.375,8.488301398348223e-05,0.00042169500691291467,9.369918255952542e-05,10470.631673267853,14024.384692170084,7844.021320226213,53.32545930606298
0.0007966796875,1.1240234375e-08,267968750.0,4349609.375,0.00011463608895785916,0.000572488641989957,0.0001222695612118207,13782.433764146946,18619.085466185126,10247.386252936654,21.837709848747757
0.0003396484375,3.4208984375e-08,242968750.0,13537109.375,8.623745400797396e-05,0.00048396021231007286,9.36930928961259e-05,10452.528466951655,11725.307573900795,9375.905868872,52.20236712449561
0.0014466796875,3.4208984375e-08,242968750.0,13537109.375,0.00012869951041015936,0.0006339329409152754,0.00013566154118589138,15673.135264450193,17481.096038859218,14104.47655972379,95.3040394574057
0.0003396484375,3.5740234375e-08,242968750.0,13537109.375,8.642363526484052e-05,0.0004852331662697062,9.384238733579545e-05,10475.739237851305,11699.138424246172,9438.92955300224,51.89602240116422
0.0003396484375,3.4208984375e-08,467968750.0,13537109.375,8.861866628788725e-05,0.0005557792864458964,9.650021316222614e-05,10727.056838469929,12003.95977520797,9601.80431589792,44.91814885338364
0.0003396484375,3.4208984375e-08,242968750.0,28849609.375,7.715838852109685e-05,0.000440761462834855,8.557042761510723e-05,9444.888229539514,10581.818409854515,8482.293082801778,99.23196858010986
0.0003396484375,3.5740234375e-08,467968750.0,28849609.375,8.0370411993323e-05,0.0005114545938893203,8.883977524805082e-05,9812.817369995359,10926.703595015884,8824.857841962512,80.50299281314895
0.0014466796875,3.4208984375e-08,467968750.0,28849609.375,0.00011986645297713644,0.000665187432921217,0.00012749149412755179,14709.388301607907,16357.70765521989,13218.461241262003,58.88134656665004
0.0014466796875,3.5740234375e-08,242968750.0,28849609.375,0.00011545445605777924,0.0005747670775059949,0.00012249845634655236,14210.93104394354,15753.388098294152,12855.977014463966,36.22788183699905
0.0014466796875,3.5740234375e-08,467968750.0,13537109.375,0.00013210248846497478,0.0007248053539614133,0.0001393767258340423,16070.251710330795,17820.126433166624,14493.305215994802,132.37438048283715
0.0014466796875,3.5740234375e-08,467968750.0,28849609.375,0.00011980506007083441,0.0006652806260668846,0.00012738404930661158,14704.52450180518,16285.024945594343,13271.85828620089,60.34804385636697
0.0002990234375,8.177734375e-09,380468750.0,36505859.375,6.838868613232393e-05,0.0003735653650892285,7.815576326791349e-05,8403.976503929496,12457.120087204818,5743.038286854162,172.873703878148
0.0002685546875,8.177734375e-09,380468750.0,36505859.375,6.720824032601619e-05,0.0003690407067816731,7.703482065611603e-05,8258.343769678047,12257.876212460975,5645.577313736188,182.90165391223536
0.0002990234375,2.5021484374999996e-08,380468750.0,36505859.375,7.258429497573932e-05,0.0004490553374711806,8.17286300291491e-05,8906.272712303184,10337.768670505855,7692.874013522427,128.768161164258
0.0002990234375,8.177734375e-09,380468750.0,36505859.375,6.838868613232393e-05,0.0003735653650892285,7.815576326791349e-05,8403.976503929496,12457.120087204818,5743.038286854162,172.873703878148
0.0002990234375,8.177734375e-09,380468750.0,5880859.375,8.852041673753161e-05,0.0004897647322650612,9.742754541529623e-05,10655.687411541769,15833.049089392325,7239.621081658292,59.589175665644106
0.0002990234375,2.5021484374999996e-08,380468750.0,5880859.375,9.164929634161565e-05,0.0005494906428900986,9.998301267658543e-05,11022.860388835688,12824.565990563828,9506.896190954323,31.02827682219175
0.0002685546875,8.177734375e-09,380468750.0,5880859.375,8.70170457300281e-05,0.00048411927744639786,9.59543688008715e-05,10474.071903142281,15576.213684719458,7114.023834725001,65.02046589163056
0.0002685546875,2.5021484374999996e-08,380468750.0,5880859.375,9.026067864305598e-05,0.0005443343376039913,9.862227413449595e-05,10855.667343689542,12634.035962453705,9358.566906214115,35.753935037316424
0.0002685546875,2.5021484374999996e-08,380468750.0,36505859.375,7.148602793366208e-05,0.0004446788809738982,8.06643992652318e-05,8770.406829040803,10184.609732854888,7573.6811318448545,137.61428250906042
0.0002685546875,2.5021484374999996e-08,380468750.0,5880859.375,9.026067864305598e-05,0.0005443343376039913,9.862227413449595e-05,10855.667343689542,12634.035962453705,9358.566906214115,35.753935037316424
0.0009490234375,3.2677734375e-08,180468750.0,12005859.375,0.00010915702923955525,0.0005400045310012017,0.00011620987260304226,13264.418633666293,14904.630368170669,11880.845203931542,15.10639920690992
0.0009185546875,3.2677734375e-08,180468750.0,12005859.375,0.00010798474762786642,0.0005363678359415831,0.00011508812660795049,13120.36949451408,14745.879191903177,11750.474809197236,13.714117492318449
0.0009490234375,4.9521484375e-08,180468750.0,12005859.375,0.00010940875009401074,0.0005384548238431052,0.00011637720284518446,13308.429298406447,14417.162021393757,12362.85091496079,26.676664525987853
0.0009490234375,3.2677734375e-08,180468750.0,12005859.375,0.00010915702923955525,0.0005400045310012017,0.00011620987260304226,13264.418633666293,14904.630368170669,11880.845203931542,15.10639920690992
0.0009490234375,3.2677734375e-08,180468750.0,30380859.375,9.491072293406803e-05,0.0004761958714057974,0.00010248279905914182,11686.180236345115,13115.987832369998,10477.766402858431,20.08189649194855
0.0009490234375,4.9521484375e-08,180468750.0,30380859.375,9.601196659146546e-05,0.00048061645271188285,0.00010362806105576082,11838.165230370761,12820.821097591961,11002.492731103428,25.434175756794144
0.0009185546875,3.2677734375e-08,180468750.0,30380859.375,9.38852689477951e-05,0.00047268181110112,0.00010146313096879671,11558.017742778837,12974.45064057648,10362.553662700897,22.370452216498677
0.0009185546875,4.9521484375e-08,180468750.0,30380859.375,9.505819752809876e-05,0.0004774470789614379,0.00010268350828824169,11718.084283400189,12692.278701317977,10889.99922743697,27.009633095534276
0.0009185546875,4.9521484375e-08,180468750.0,12005859.375,0.00010832700526134704,0.0005350945124797308,0.00011535813095874555,13174.455897323382,14274.034455240215,12239.471302582206,24.995748906488352
0.0009185546875,4.9521484375e-08,180468750.0,30380859.375,9.505819752809876e-05,0.0004774470789614379,0.00010268350828824169,11718.084283400189,12692.278701317977,10889.99922743697,27.009633095534276
0.0012740234375,2.0427734375e-08,480468750.0,48755859.375,0.000100830056887554,0.0005624479138889725,0.00010989791830987361,12488.992105816691,14783.062994676673,10514.275161285655,5.385590087732976
0.0012435546875,2.0427734375e-08,480468750.0,48755859.375,9.978901872059169e-05,0.0005581690015164301,0.00010887675194879662,12359.165587906347,14632.117860102577,10402.945861644146,6.084166143446779
0.0012740234375,3.7271484375e-08,480468750.0,48755859.375,0.00010163034958849841,0.0005775243065582126,0.00011010708371738697,12609.30088492815,13898.776263372592,11432.077508079708,18.02848868252669
0.0012740234375,2.0427734375e-08,480468750.0,48755859.375,0.000100830056887554,0.0005624479138889725,0.00010989791830987361,12488.992105816691,14783.062994676673,10514.275161285655,5.385590087732976
0.0012740234375,2.0427734375e-08,480468750.0,42630859.375,0.00010451962636182382,0.0005862743617590069,0.00011338719986122946,12902.801357205943,15285.670482317644,10866.188213178482,5.82818614982511
0.0012740234375,3.7271484375e-08,480468750.0,42630859.375,0.00010511056472862488,0.0005990098342445648,0.0001133458669927733,12995.380712452872,14330.18813906201,11779.5145936494,20.54739345693681
0.0012435546875,2.0427734375e-08,480468750.0,42630859.375,0.00010344763881113454,0.0005821776113560001,0.00011233494690178297,12769.314750572728,15130.443804334844,10751.432531804441,5.56706397002558
0.0012435546875,3.7271484375e-08,480468750.0,42630859.375,0.00010411757386482489,0.0005951728945470997,0.00011237504731125293,12870.668188124031,14194.217430067545,11665.961643469453,19.659647307612147
0.0012435546875,3.7271484375e-08,480468750.0,48755859.375,0.00010066818791708201,0.0005741574098696644,0.00010916144206348656,12487.986925500303,13767.235471865033,11321.966932735404,18.031653093870528
0.0012435546875,3.7271484375e-08,480468750.0,42630859.375,0.00010411757386482489,0.0005951728945470997,0.00011237504731125293,12870.668188124031,14194.217430067545,11665.961643469453,19.659647307612147
0.0006240234375,4.4927734375e-08,280468750.0,24255859.375,9.170366681382438e-05,0.000507610379431647,9.945951096908482e-05,11207.84392349178,12228.792815217079,10315.31852471345,34.39198039266998
0.0005935546875,4.4927734375e-08,280468750.0,24255859.375,9.065140306501494e-05,0.0005038869245711351,9.844952320695952e-05,11076.922658823425,12088.185677748601,10193.543466689724,37.46143314268152
0.0006240234375,1.2771484374999999e-08,280468750.0,24255859.375,8.773471974429534e-05,0.0004652720323245044,9.637301064968264e-05,10720.144425912093,14027.385976223979,8237.48663118455,39.41832124218977
0.0006240234375,4.4927734375e-08,280468750.0,24255859.375,9.170366681382438e-05,0.000507610379431647,9.945951096908482e-05,11207.84392349178,12228.792815217079,10315.31852471345,34.39198039266998
0.0006240234375,4.4927734375e-08,280468750.0,18130859.375,9.554631115526943e-05,0.0005257261632367006,0.00010294358380621604,11631.85061304558,12695.187550405206,10708.667292886104,26.391674372773643
0.0006240234375,1.2771484374999999e-08,280468750.0,18130859.375,9.211679913189985e-05,0.0004892840884128264,0.00010052870219384725,11210.265354074023,14685.547943557707,8598.78416560699,24.53332952210179
0.0005935546875,4.4927734375e-08,280468750.0,18130859.375,9.445284833062418e-05,0.0005218733485472103,0.00010188876057230559,11496.874223518134,12549.397401906499,10583.511059846342,28.547367196300357
0.0005935546875,1.2771484374999999e-08,280468750.0,18130859.375,9.08404995691765e-05,0.00048473856575968375,9.929532025218336e-05,11054.035941999262,14487.777937717136,8476.247315185923,28.788370623424253
0.0005935546875,1.2771484374999999e-08,280468750.0,24255859.375,8.652025060734482e-05,0.0004608927731923122,9.519372643187381e-05,10570.25357144734,13838.570471524477,8120.128953654051,44.76179725962689
0.0005935546875,1.2771484374999999e-08,280468750.0,18130859.375,9.08404995691765e-05,0.00048473856575968375,9.929532025218336e-05,11054.035941999262,14487.777937717136,8476.247315185923,28.788370623424253
0.0007865234375,1.4302734375e-08,130468750.0,18130859.375,9.251913734064752e-05,0.0004364603153754839,9.98139399275433e-05,11308.771639868624,14467.205251573125,8951.388658353844,21.18424076762266
0.0007560546875,1.4302734375e-08,130468750.0,18130859.375,9.134746906508284e-05,0.0004327124312890482,9.868076689304967e-05,11164.092376424316,14289.61719246599,8835.249792776398,25.037654501957086
0.0007865234375,1.8896484374999996e-08,130468750.0,18130859.375,9.34977269590479e-05,0.0004489997538435841,0.00010076008688332722,11425.063451569702,13857.72150993795,9534.071981116313,17.599872832987085
0.0007865234375,1.4302734375e-08,430468750.0,18130859.375,0.00010151520506596983,0.0005743911142794462,0.00011013429506473256,12342.904373220881,15718.349172162174,9681.895992933541,6.5483530645920185
0.0007865234375,1.4302734375e-08,130468750.0,48755859.375,7.304876246062038e-05,0.00030522745705658755,8.204358888961729e-05,9129.072949883668,11543.415179204843,7298.05902925124,129.73375774501227
0.0007865234375,1.8896484374999996e-08,430468750.0,48755859.375,8.334385533604383e-05,0.0004802382362848458,9.28093223046725e-05,10311.18759493965,12407.742297101779,8551.877426578221,54.53533952402777
0.0007560546875,1.4302734375e-08,430468750.0,48755859.375,8.151496267187649e-05,0.00045867383660649094,9.106149790278485e-05,10085.19969092074,12791.04196285687,7945.183932746389,64.73694716152953
0.0007560546875,1.8896484374999996e-08,130468750.0,48755859.375,7.330328990352286e-05,0.0003277527142301384,8.224754801542368e-05,9154.977744903095,11025.677352678264,7671.948661474178,124.76732481146948
0.0007560546875,1.8896484374999996e-08,430468750.0,18130859.375,0.00010068709912229388,0.0005818507846438808,0.00010905681316256884,12241.434053810795,14782.794501001414,10135.809017279214,7.440296492718465
0.0007560546875,1.8896484374999996e-08,430468750.0,48755859.375,8.229011566593298e-05,0.0004763928903208806,9.179155130508935e-05,10180.108228591911,12254.339737012784,8441.361800479075,60.12090827118972
0.0014365234375,3.8802734374999996e-08,330468750.0,42630859.375,0.00010803982065113011,0.0005673141987331498,0.00011619939398324898,13395.461770688575,14716.260734391031,12204.538497202537,22.767962700482528
0.0014060546875,3.8802734374999996e-08,330468750.0,42630859.375,0.00010706968952017246,0.0005638481762629026,0.00011524883103820345,13273.948314229985,14584.507020253393,12092.913357708874,21.18282160355467
0.0014365234375,4.3396484375e-08,330468750.0,42630859.375,0.00010805640790145663,0.0005665943840523802,0.00011615390474376333,13407.780371303808,14599.098807172008,12332.332953378664,25.92085730394316
0.0014365234375,3.8802734374999996e-08,230468750.0,42630859.375,0.00010528401013832539,0.0005195520253283168,0.00011293777400619721,13083.940866975141,14375.123625408234,11940.165079849377,18.070741506164254
0.0014365234375,3.8802734374999996e-08,330468750.0,24255859.375,0.00012077554073743292,0.0006292855134058646,0.00012811899325503476,14804.390225512754,16285.551546174027,13485.569969190325,62.46166002293228
0.0014365234375,4.3396484375e-08,230468750.0,24255859.375,0.00011800594102391848,0.0005833194882963581,0.00012499108575412377,14496.462123429199,15820.185232582271,13345.541439491857,51.78745816219053
0.0014060546875,3.8802734374999996e-08,230468750.0,24255859.375,0.00011710589448383831,0.0005802770242383856,0.00012409348539266078,14376.22753398132,15834.894111581436,13108.94594280122,44.09885583678719
0.0014060546875,4.3396484375e-08,330468750.0,24255859.375,0.00011952410782030001,0.0006243965013904875,0.00012680598647379937,14656.814338486523,15980.488913777659,13478.465724165553,60.78120062808546
0.0014060546875,4.3396484375e-08,230468750.0,42630859.375,0.00010444729018068676,0.0005166330797490237,0.00011203612268112746,12987.310293283907,14142.888942793223,11960.640928148447,20.126133894278876
0.0014060546875,4.3396484375e-08,230468750.0,24255859.375,0.00011698021366820892,0.0005798276214175913,0.00012396626280367675,14368.479262444287,15681.648888767562,13226.996221752643,47.60974006381211
0.0011115234375,2.052734375e-09,230468750.0,5880859.375,0.00012034423308231405,0.0005162267322991385,0.00012704555684582203,14557.166010760011,32661.48790504707,7635.384089651334,700.8986693979343
0.0010810546875,2.052734375e-09,230468750.0,5880859.375,0.00011893643392791925,0.0005105932450996725,0.00012569407828050166,14385.687307543076,32297.660003142028,7544.037594893669,674.8930777237654
0.0011115234375,3.1146484374999997e-08,230468750.0,5880859.375,0.00012389913470840945,0.0006180145990869883,0.00013096430578080792,14970.613500254154,16899.97207580833,13327.25019711148,59.63669817531734
0.0011115234375,2.052734375e-09,330468750.0,5880859.375,0.0001239097882812305,0.0005442323948391845,0.00013100810650822368,14974.658030190674,33652.37595806777,7833.637555387381,777.5180591955162
0.0011115234375,2.052734375e-09,230468750.0,12005859.375,0.00011205012527985775,0.0004766319956788357,0.00011911708808913126,13630.870529110418,30354.504985141648,7190.631935707293,544.7601689580109
0.0011115234375,3.1146484374999997e-08,330468750.0,12005859.375,0.00011916926777128295,0.0006342508320642223,0.00012634379120458826,14463.093332884138,16288.513753512705,12863.322025079395,44.131218015623396
0.0010810546875,2.052734375e-09,330468750.0,12005859.375,0.00011498877396824726,0.000502286051532506,0.00012240833156919068,13962.386188580522,31255.166036498922,7341.0565431786945,602.7685615556417
0.0010810546875,3.1146484374999997e-08,230468750.0,12005859.375,0.00011589054615530684,0.0005860340265100013,0.00012298859473470423,14077.56490207145,15886.14144436862,12538.566756008031,29.57588174609844
0.0010810546875,3.1146484374999997e-08,330468750.0,5880859.375,0.00012528412604002036,0.0006615810174481924,0.00013230330677577027,15114.284742871418,17029.8317900824,13445.472389423918,70.67347428005542
0.0010810546875,3.1146484374999997e-08,330468750.0,12005859.375,0.00011795216642367567,0.0006296377084739814,0.0001251559389683983,14314.277222268749,16123.095430394624,12729.697856215444,39.45546500237562
0.0004615234375,2.6552734374999996e-08,430468750.0,30380859.375,8.240903308591646e-05,0.0005077230483529106,9.109706588398151e-05,10079.168498801379,11590.844556483658,8770.099402135276,65.75180846800181
0.0004310546875,2.6552734374999996e-08,430468750.0,30380859.375,8.127493403671568e-05,0.0005036024357562043,9.000324387630551e-05,9938.872209769092,11432.751174802339,8644.65485005306,72.02554202828863
0.0004615234375,6.646484375e-09,430468750.0,30380859.375,7.822299248717033e-05,0.000414040069763517,8.768277283147116e-05,9577.792946681056,15082.274942099382,6181.5297130175995,112.95934919089807
0.0004615234375,2.6552734374999996e-08,130468750.0,30380859.375,7.480760060260059e-05,0.0003823815741594529,8.30151893356889e-05,9210.997862919252,10654.06962555616,8061.827782273542,114.01298189685677
0.0004615234375,2.6552734374999996e-08,430468750.0,36505859.375,7.924595199524687e-05,0.000488901875458703,8.820122412753903e-05,9725.384628014359,11179.611514103995,8468.687632748488,82.38289249970462
0.0004615234375,6.646484375e-09,130468750.0,36505859.375,6.489376153780397e-05,0.0002513938959704725,7.408328882430811e-05,8054.6386216478795,12520.077417980112,5344.878824357455,218.32481300800953
0.0004310546875,2.6552734374999996e-08,130468750.0,36505859.375,7.056111989675559e-05,0.0003595264601528368,7.905516654643027e-05,8723.83530647854,10081.415339321155,7637.690621390367,147.15635547200264
0.0004310546875,6.646484375e-09,430468750.0,36505859.375,7.36378076582753e-05,0.00038653690855084354,8.33524559295507e-05,9048.356508291188,14253.514369276761,5846.675758162581,139.91902093267245
0.0004310546875,6.646484375e-09,130468750.0,30380859.375,6.715456765306537e-05,0.00027413180087455645,7.601294278749944e-05,8295.740858531888,12984.109362936186,5455.5913561901125,197.98546157752563
0.0004310546875,6.646484375e-09,130468750.0,36505859.375,6.384330118199879e-05,0.000247998719313325,7.309018107168281e-05,7923.882268313984,12333.124973739934,5256.268933842368,228.24309952036776
0.00038027343749999997,2.3490234374999997e-08,205468750.0,39568359.375,7.018212671769597e-05,0.0003845846567944293,7.927317296896166e-05,8661.421403787532,10159.280661586115,7440.548856778325,148.54494463280412
0.0009998046875,2.3490234374999997e-08,205468750.0,39568359.375,9.109636098642754e-05,0.0004546608238450577,9.928352466694145e-05,11271.402472461592,13126.511418896243,9725.497286441077,24.57606966369213
0.00038027343749999997,9.708984375e-09,205468750.0,39568359.375,6.63687162277237e-05,0.00031898599793043895,7.567643306561727e-05,8204.702807152144,11519.935669278337,5925.498072530835,190.99532112905106
0.00038027343749999997,2.3490234374999997e-08,405468750.0,39568359.375,7.406251926793506e-05,0.000458415800125917,8.336015063633778e-05,9104.212348557516,10649.776023612969,7788.5096656423875,116.41350049205376
0.00038027343749999997,2.3490234374999997e-08,205468750.0,45693359.375,6.735865087102663e-05,0.00036525268793661554,7.680807308376784e-05,8344.440384999605,9781.010368647658,7173.589575218416,173.0748019903195
0.00038027343749999997,9.708984375e-09,405468750.0,45693359.375,6.800933328909595e-05,0.00037606540172610613,7.798983845063801e-05,8397.94061723135,11811.918834085143,6014.685159017743,170.8984101429926
0.0009998046875,2.3490234374999997e-08,405468750.0,45693359.375,9.250146413877375e-05,0.0005208663672316116,0.0001014368362724529,11437.856553286958,13291.741089601594,9825.499789823827,20.556583503682102
0.0009998046875,9.708984375e-09,205468750.0,45693359.375,8.465397346989404e-05,0.0003651804358049656,9.335245499035829e-05,10523.925809060434,14497.819732088778,7679.897180175838,60.22977490986219
0.0009998046875,9.708984375e-09,405468750.0,39568359.375,9.414516470831761e-05,0.0004844884160080294,0.00010315097830685764,11603.557618535173,16082.44401045856,8363.316498856044,25.38926754829621
0.0009998046875,9.708984375e-09,405468750.0,45693359.375,9.048370962128783e-05,0.00046089235215421775,9.967382189036296e-05,11190.714436446733,15488.284901341767,8087.444064663597,34.12830542299146
0.0010302734375,4.7990234375e-08,405468750.0,15068359.375,0.00011400115174116874,0.0006333882466422115,0.00012148154452650076,13870.796952033998,15041.279470063377,12832.99452485825,42.96140272451231
0.00034980468749999996,4.7990234375e-08,405468750.0,15068359.375,8.91252628187813e-05,0.000537488290275831,9.69238022188174e-05,10803.806354241015,11749.915047082044,9977.915747201023,45.960828760771705
0.0010302734375,3.4208984375e-08,405468750.0,15068359.375,0.00011421552846238284,0.0006388442790348826,0.00012186633360977365,13882.51070127853,15483.651219057583,12464.456475241628,33.61145248918293
0.0010302734375,4.7990234375e-08,205468750.0,15068359.375,0.0001104908630710105,0.0005529933639811888,0.00011785736552735148,13470.238332189258,14626.201674830427,12477.470388326396,28.55746626616942
0.0010302734375,4.7990234375e-08,405468750.0,21193359.375,0.00010963104520139186,0.0006132034833593359,0.00011723439252315994,13390.90110147812,14513.006648580642,12384.945840799333,31.950990053151862
0.0010302734375,3.4208984375e-08,205468750.0,21193359.375,0.00010539334716733337,0.0005328251718773785,0.00011270949834179733,12892.279857747213,14405.524699280613,11601.386291840392,13.49935413144119
0.00034980468749999996,4.7990234375e-08,205468750.0,21193359.375,8.267000840435286e-05,0.00045217348684820953,9.018111922896602e-05,10080.277222514753,10979.158380617171,9323.64674403394,71.4993723562482
0.00034980468749999996,3.4208984375e-08,405468750.0,21193359.375,8.406476308348987e-05,0.000518131650310083,9.217418149404054e-05,10224.541129890085,11441.448534031739,9158.479219465895,61.83744904195224
0.00034980468749999996,3.4208984375e-08,205468750.0,15068359.375,8.471532417274243e-05,0.0004666879494259143,9.221749803589263e-05,10285.452078668377,11552.7478586711,9237.451208991799,58.49918120249067
0.00034980468749999996,3.4208984375e-08,205468750.0,21193359.375,8.0850244316081e-05,0.00044631650931371304,8.8520190054306e-05,9857.122132702045,11061.75098455499,8850.650011599953,77.9739710930613
0.0013552734375000001,1.1240234375e-08,105468750.0,27318359.375,0.0001015982681471631,0.000419047482595544,0.00010886280081213586,12565.031808614907,16747.20209791827,9518.25283334066,9.752804398632774
0.0006748046875,1.1240234375e-08,105468750.0,27318359.375,7.793471480379099e-05,0.00034512467537362463,8.598343194336135e-05,9615.757907617006,12974.65176746492,7254.740359252734,96.43473511784961
0.0013552734375000001,4.6458984374999996e-08,105468750.0,27318359.375,0.0001055545111722452,0.00047108242108030203,0.000111861550681684,13065.927326853523,14171.337662106795,12115.53434815049,22.872281764170634
0.0013552734375000001,1.1240234375e-08,305468750.0,27318359.375,0.00011451087930497414,0.0005566857469504508,0.00012258068235853774,14044.316181574502,18731.126457239483,10527.491643144123,21.886856607344985
0.0013552734375000001,1.1240234375e-08,105468750.0,8943359.375,0.00012182411981963027,0.0005204722645062055,0.00012759307120929403,14817.976336723412,19907.37792635875,11148.455056560886,44.52289399519253
0.0013552734375000001,4.6458984374999996e-08,305468750.0,8943359.375,0.00013009572870017875,0.0006652278498876249,0.0001364322354772955,15790.74842372324,17153.737927003913,14581.89350255389,118.77947830450474
0.0006748046875,1.1240234375e-08,305468750.0,8943359.375,0.00010224593354071966,0.0005354286705799234,0.00011035255455356248,12364.502470941594,16702.874014040615,9194.666480598084,11.132551321885753
0.0006748046875,4.6458984374999996e-08,105468750.0,8943359.375,9.83196560407664e-05,0.0004649573791929033,0.00010389211352778165,11932.916276838436,12992.257615248624,11037.294117387963,23.397169214297648
0.0006748046875,4.6458984374999996e-08,305468750.0,27318359.375,9.217658491063251e-05,0.0005139301783788219,0.00010016125278872605,11288.016107549909,12277.547641533747,10421.357458957782,33.35194541369033
0.0006748046875,4.6458984374999996e-08,305468750.0,8943359.375,0.0001043784114750844,0.0005712339134471406,0.00011136299483698419,12631.36955720412,13752.102114425004,11651.034281025832,21.77104562337574
0.0007052734375,3.5740234375e-08,305468750.0,2818359.375,0.00011581314498919708,0.00062063569090373,0.00012283711295042719,13863.2845386456,15441.13392151287,12487.627468784112,32.558968591812665
0.0013248046875,3.5740234375e-08,305468750.0,2818359.375,0.00014302588364796016,0.000717986591404377,0.00014973864885813054,17149.77452404184,19058.65236512897,15468.729571751199,203.31633988957577
0.0007052734375,2.1958984374999998e-08,305468750.0,2818359.375,0.00011588404401331893,0.0006165238971231543,0.00012329020695896352,13869.157260831547,16402.05516430977,11774.066146553147,19.11506203517218
0.0007052734375,3.5740234375e-08,105468750.0,2818359.375,0.00010801431051783893,0.0005032087084077375,0.00011313942019338993,12977.889844167687,14454.299770775056,11734.733960679974,14.752510546511653
0.0007052734375,3.5740234375e-08,305468750.0,33443359.375,8.878960094168086e-05,0.0004981897020236713,9.719217058218533e-05,10908.781947694048,12125.46379257748,9843.78977727364,39.08205541585644
0.0007052734375,2.1958984374999998e-08,105468750.0,33443359.375,7.827421795983321e-05,0.00036956533546644074,8.644100552482392e-05,9690.72411195779,11468.352413886116,8295.121402404266,88.71437526143106
0.0013248046875,3.5740234375e-08,105468750.0,33443359.375,9.973799407631639e-05,0.0004461877445509226,0.00010698417511782401,12388.397927009783,13736.483358837519,11243.411787716703,16.41523737800965
0.0013248046875,2.1958984374999998e-08,305468750.0,33443359.375,0.00010945961545582623,0.0005643805333029299,0.0001176760730386238,13474.16829242422,15810.202263850282,11491.7719366915,8.680312432180836
0.0013248046875,2.1958984374999998e-08,105468750.0,2818359.375,0.00013403953002930034,0.0005827848455390463,0.0001387850076170767,16135.412409854918,19016.076503106233,13791.896489331148,98.65050104918492
0.0013248046875,2.1958984374999998e-08,105468750.0,33443359.375,9.838128936348888e-05,0.00043092728154202196,0.00010583957995137722,12211.3814796534,14345.886419225855,10477.514131114267,8.740257444224524
0.0005427734375,5.115234375e-09,455468750.0,8943359.375,9.664296195916625e-05,0.0004952019896941389,0.00010540292816341637,11678.065515718252,20106.78390605814,6980.948098056493,107.07152830392829
0.0014873046875000001,5.115234375e-09,455468750.0,8943359.375,0.00014111555169685596,0.0006688525976299548,0.00014888158327327198,17091.223887871973,28913.644646329747,10304.156584206998,426.9627025335572
0.0005427734375,3.5839843749999996e-09,455468750.0,8943359.375,9.612109280251009e-05,0.0004641991197070875,0.00010483853861380009,11617.08637332875,22606.196909135735,6436.970145293458,192.92260775652394
0.0005427734375,5.115234375e-09,355468750.0,8943359.375,9.546299707977842e-05,0.0004654536514678175,0.00010385866209758419,11541.049773223258,19811.329053390422,6933.814510843269,104.07759578928292
0.0005427734375,5.115234375e-09,455468750.0,2818359.375,0.00010806893774839907,0.0005483307638319922,0.00011686204610033253,12927.196114351824,22282.599551613297,7698.402048518628,137.28699230458992
0.0005427734375,3.5839843749999996e-09,355468750.0,2818359.375,0.0001059959861868264,0.0004865448494671958,0.00011418764319728235,12689.27818864148,24608.506428946057,6999.065555893979,241.00706277008226
0.0014873046875000001,5.115234375e-09,355468750.0,2818359.375,0.00015580112594114207,0.0007015449362599143,0.00016315199671111642,18681.449702948954,31626.398651209856,11221.444888442575,635.3615554429138
0.0014873046875000001,3.5839843749999996e-09,455468750.0,2818359.375,0.00015761541849892047,0.0007167963171328833,0.00016527652883152928,18890.778848878468,36140.48311334301,10442.499881676697,1016.7339067880258
0.0014873046875000001,3.5839843749999996e-09,355468750.0,8943359.375,0.00013888602361140565,0.0006066713836494427,0.00014599135362612168,16832.788996543088,31890.013209535737,9402.813833520342,623.6307641258943
0.0014873046875000001,3.5839843749999996e-09,355468750.0,2818359.375,0.0001553287603701798,0.0006787516599983196,0.00016240401330441857,18629.301669144705,35459.14734533486,10340.18407268415,942.9665436270549
0.0011927734375,2.9615234374999997e-08,255468750.0,33443359.375,0.00010383921100080275,0.0005328887985346821,0.00011161216629520314,12794.15581011773,14462.903529936548,11343.386411214226,10.160226125001163
0.0008373046874999999,2.9615234374999997e-08,255468750.0,33443359.375,9.16148608756413e-05,0.0004899450508223159,9.981291329002378e-05,11270.632995231736,12768.793111790455,9979.520453437804,26.853751962666628
0.0011927734375,2.8083984374999998e-08,255468750.0,33443359.375,0.00010376378201435486,0.000531582014976535,0.00011157684425655435,12783.617967799897,14539.227651621675,11263.610769161089,8.878433894925973
0.0011927734375,2.9615234374999997e-08,155468750.0,33443359.375,9.931046143436236e-05,0.0004728136790198983,0.00010693997847012457,12279.18599885024,13906.77507580184,10908.777870023401,11.547506529965439
0.0011927734375,2.9615234374999997e-08,255468750.0,27318359.375,0.00010815869426610121,0.0005527896094546905,0.00011556606544312077,13274.42372687251,15014.396282347663,11773.081076217257,13.361913024388999
0.0011927734375,2.8083984374999998e-08,155468750.0,27318359.375,0.00010362051486763252,0.0004940150250987525,0.00011103542470950237,12756.15087026412,14545.04452085588,11263.74870048934,8.357969610322975
0.0008373046874999999,2.9615234374999997e-08,155468750.0,27318359.375,9.153462112973343e-05,0.0004560967252655284,9.924969015857027e-05,11251.319701403649,12787.86180030348,9981.938472815988,27.449845211745007
0.0008373046874999999,2.8083984374999998e-08,255468750.0,27318359.375,9.534063187853034e-05,0.0005089675652888442,0.00010320801565077975,11683.645381837934,13327.474895675436,10287.878606378144,17.2845699233111
0.0008373046874999999,2.8083984374999998e-08,155468750.0,33443359.375,8.74381586680364e-05,0.0004342379179498842,9.528189498594131e-05,10792.864692111008,12330.351654860966,9519.614316512094,40.834862657404706
0.0008373046874999999,2.8083984374999998e-08,155468750.0,27318359.375,9.136463520609875e-05,0.00045450072165455387,9.905796348505239e-05,11229.788073727292,12843.630740032228,9903.495413549861,27.19839309000685
0.0008677734375,1.7365234374999997e-08,355468750.0,21193359.375,0.00010185123877308932,0.0005589643241296235,0.00011026844627677563,12416.810937835262,15213.056201775056,10156.938560296421,3.8396414629417133
0.0005123046875,1.7365234374999997e-08,355468750.0,21193359.375,8.748555624995019e-05,0.000505102949391926,9.622259966668461e-05,10653.231494212623,13101.369528054393,8691.519042759348,39.441430212858435
0.0008677734375,4.0333984375e-08,355468750.0,21193359.375,0.00010313884022515426,0.0005773284206338935,0.0001109641360165901,12584.234695876023,13832.753012997513,11481.24232932362,19.283461077655932
0.0008677734375,1.7365234374999997e-08,455468750.0,21193359.375,0.00010313843781988485,0.000592571552389495,0.00011168133788762934,12564.883765748637,15382.803224679963,10245.105830471735,5.534589570771285
0.0008677734375,1.7365234374999997e-08,355468750.0,39568359.375,8.978400417071089e-05,0.0004921743026710913,9.875426057940192e-05,11065.171505268554,13516.290720435178,9053.568627312794,27.152289465241726
0.0008677734375,4.0333984375e-08,455468750.0,39568359.375,9.338190264333235e-05,0.0005502169894346974,0.00010167544798272022,11507.363085186078,12627.005596845867,10500.143427506744,28.40627375964703
0.0005123046875,1.7365234374999997e-08,455468750.0,39568359.375,7.821740115866315e-05,0.0004747537757234356,8.776437260018871e-05,9617.231051307392,11800.895522899758,7843.565991609671,85.9823827998321
0.0005123046875,4.0333984375e-08,355468750.0,39568359.375,8.051652566353233e-05,0.0004738924541252484,8.901667278324215e-05,9910.851193667046,10897.949384438945,9032.5127453783,77.82775957314325
0.0005123046875,4.0333984375e-08,455468750.0,21193359.375,9.122710150119058e-05,0.0005566244290682427,9.905208770791097e-05,11102.96842460547,12220.527663255485,10115.166181430084,36.7711630606512
0.0005123046875,4.0333984375e-08,455468750.0,39568359.375,8.164000787827001e-05,0.0005032983540902451,9.024692166058302e-05,10038.276147532164,11040.0056763172,9147.174187958244,71.85167595854425
0.0002177734375,4.1865234375e-08,155468750.0,45693359.375,6.400630588117884e-05,0.0003436761071719693,7.302064283242583e-05,7934.270612105898,8731.53558907966,7268.991937280846,208.8325129180271
0.0011623046875,4.1865234375e-08,155468750.0,45693359.375,9.183547625560896e-05,0.0004362766573327091,9.969377786673149e-05,11460.758501060738,12532.420168639608,10533.890141780197,30.9545922095545
0.0002177734375,1.5833984374999998e-08,155468750.0,45693359.375,5.805720335276205e-05,0.00028874630066993317,6.779950377366542e-05,7211.938639602304,9081.70955065659,5815.087143210595,275.41535966434003
0.0002177734375,4.1865234375e-08,255468750.0,45693359.375,6.693095503739851e-05,0.00039072686095594693,7.622712618867464e-05,8265.512777859105,9084.89236870795,7555.396802049371,178.85724465513465
0.0002177734375,4.1865234375e-08,155468750.0,15068359.375,7.928969686945726e-05,0.00042680857722975183,8.727286953287672e-05,9629.857799538308,10633.693841992845,8816.347603949898,90.90735207781202
0.0002177734375,1.5833984374999998e-08,255468750.0,15068359.375,7.730044796091037e-05,0.00044077689979655376,8.58808082300821e-05,9377.761579847565,11823.829750497876,7508.6725466896405,97.75469780963455
0.0011623046875,4.1865234375e-08,255468750.0,15068359.375,0.00011786900791192839,0.0006049406431280953,0.00012742694748029787,14225.55410977332,15602.688749116496,12962.206427872135,43.00746265361204
0.0011623046875,1.5833984374999998e-08,155468750.0,15068359.375,0.00011229844722851696,0.0005197524453055551,0.00011917896141673896,13693.628142583328,17080.251741954762,11066.214505100965,6.70326317590961
0.0011623046875,1.5833984374999998e-08,255468750.0,45693359.375,9.37059692818354e-05,0.0004571269420051132,0.00010243194814928476,11626.258472696692,14381.949207834292,9407.480900624858,13.99194181740523
0.0011623046875,1.5833984374999998e-08,255468750.0,15068359.375,0.00011681467721246324,0.0005793117130226916,0.00012409658766999744,14212.887695555091,17698.06160455038,11445.490948324126,18.422936098029066
0.00021269531250000002,9.134765625e-09,460156250.0,24447265.625,7.2381805592143e-05,0.000433588785819272,8.205404747444619e-05,8820.93186632185,12715.92447387764,6180.151099573479,138.56722862116686
0.0003650390625,9.134765625e-09,460156250.0,24447265.625,7.8830399663191e-05,0.00045753805533460345,8.828268694873002e-05,9610.17259210673,13781.873922678727,6744.264761666392,94.77675218805786
0.00021269531250000002,3.5931640625e-08,460156250.0,24447265.625,7.789307642126264e-05,0.0005024386339348534,8.62932899425657e-05,9480.942296324163,10562.84988317194,8527.89598361567,96.62146386392794
0.00021269531250000002,9.134765625e-09,300781250.0,24447265.625,7.031690226666364e-05,0.0003854887776005866,7.953459376892812e-05,8583.724717300367,12361.250663346602,6044.298550614528,156.51925342320538
0.00021269531250000002,9.134765625e-09,460156250.0,20236328.125,7.475415676692612e-05,0.0004474101873556358,8.429095921246347e-05,9086.956754490026,13098.523958340102,6351.4840104256045,122.74054791036676
0.00021269531250000002,3.5931640625e-08,300781250.0,20236328.125,7.848976317272619e-05,0.00047046128592408035,8.684860743875197e-05,9542.756124009215,10649.304242076085,8594.491864161639,93.11527119689873
0.0003650390625,9.134765625e-09,300781250.0,20236328.125,7.925967660162018e-05,0.0004249795543809962,8.807664872271247e-05,9652.326961765926,13835.742277920865,6796.985749641709,93.70980840159943
0.0003650390625,3.5931640625e-08,460156250.0,20236328.125,8.5845184923506e-05,0.0005359174874087548,9.390212844744877e-05,10433.22892627917,11615.527643604164,9395.81075465637,54.81201936105661
0.0003650390625,3.5931640625e-08,300781250.0,24447265.625,8.178468164821758e-05,0.00047944669134840774,9.015538217949795e-05,9976.784666387126,11116.40316055366,8996.24783573496,72.57189328202479
0.0003650390625,3.5931640625e-08,300781250.0,20236328.125,8.419130347641157e-05,0.0004916074556374539,9.233949357227052e-05,10244.056298981413,11418.314289639424,9232.841374152515,61.10140463139086
0.0008626953125,3.3634765625e-08,260156250.0,48947265.625,8.451562606923531e-05,0.00044901444965088073,9.340335015462956e-05,10497.907285692043,11711.067628819845,9439.21851966476,53.46975232274257
0.0010150390625,3.3634765625e-08,260156250.0,48947265.625,8.92599401062988e-05,0.00046609951039997346,9.800231111328208e-05,11096.213133242338,12366.274903381658,9983.383915431199,34.369607940474545
0.0008626953125,1.1431640625e-08,260156250.0,48947265.625,8.096217063668806e-05,0.00038438884912809747,9.00608548167609e-05,10056.969720295521,13356.22088189423,7601.270794123493,73.06184966893748
0.0008626953125,3.3634765625e-08,100781250.0,48947265.625,7.656895892513875e-05,0.00034123655397892016,8.523422261495207e-05,9596.279445918366,10716.727607505827,8666.774411131366,102.73565973700583
0.0008626953125,3.3634765625e-08,260156250.0,44736328.125,8.665780174637939e-05,0.0004635651843391559,9.534299097304543e-05,10736.433256300736,11983.414891108449,9643.945368292685,44.64511849329123
0.0008626953125,1.1431640625e-08,100781250.0,44736328.125,7.36892708229783e-05,0.00027218243294939995,8.24380481488581e-05,9219.850355361908,12175.172306217693,7144.0990182190735,129.24340225000577
0.0010150390625,3.3634765625e-08,100781250.0,44736328.125,8.300401943875556e-05,0.0003713825642046025,9.133766549462189e-05,10381.38409840914,11592.939547276676,9376.670355652035,63.948710713876736
0.0010150390625,1.1431640625e-08,260156250.0,44736328.125,8.850271723273086e-05,0.0004198476695056728,9.729793476434794e-05,10970.742228017156,14551.415733996952,8282.081401186731,36.40215234686833
0.0010150390625,1.1431640625e-08,100781250.0,48947265.625,7.665620902806801e-05,0.00026580567184775195,8.34115921646342e-05,9590.363201182387,12535.547161393417,7579.677880672963,107.8157887417451
0.0010150390625,1.1431640625e-08,100781250.0,44736328.125,7.839680521060198e-05,0.00028733342318595874,8.701828964936353e-05,9815.14057306347,12925.134011518718,7594.784090940459,95.67939788193812
0.0011876953125,2.1384765624999996e-08,360156250.0,12197265.625,0.00012281864879158997,0.0006525450807544337,0.00013046851660597004,14903.130639474273,17609.236765027297,12624.570373934186,48.72481837492872
0.0013400390625,2.1384765624999996e-08,360156250.0,12197265.625,0.00012916991530052748,0.000675548110379667,0.0001366878180307268,15681.055929352913,18514.691327658707,13293.988387685737,83.33334762286361
0.0011876953125,2.3681640624999997e-08,360156250.0,12197265.625,0.0001227410884540123,0.0006546444025622954,0.00013029405728693204,14894.969893120862,17339.314056451487,12813.13078316907,51.6716555935662
0.0011876953125,2.1384765624999996e-08,400781250.0,12197265.625,0.00012333689326954935,0.0006663370439805176,0.00013109341534235712,14962.347696185503,17679.360708799515,12656.440972104932,52.43804634449326
0.0011876953125,2.1384765624999996e-08,360156250.0,32486328.125,0.00010633343432224799,0.0005706612481109302,0.00011470871925183134,13065.271585184319,15401.670221439092,11074.404950072898,5.622740610978961
0.0011876953125,2.3681640624999997e-08,400781250.0,32486328.125,0.00010712977335031105,0.0005899187296993994,0.00011540134369042104,13158.366831536201,15280.342741162784,11315.007298107525,9.444514640949643
0.0013400390625,2.1384765624999996e-08,400781250.0,32486328.125,0.0001126058499549165,0.0006074063028694826,0.00012088566998590378,13836.617679028885,16292.717319715648,11733.64837736078,16.20115087065643
0.0013400390625,2.3681640624999997e-08,360156250.0,32486328.125,0.00011193999324181983,0.0005950076771361898,0.00012013958446462497,13762.512903921584,15972.83592450951,11849.082944201547,16.200154426512803
0.0013400390625,2.3681640624999997e-08,400781250.0,12197265.625,0.00012954965427824824,0.0006925317155851846,0.0001371113570960063,15725.33641693161,18293.574390798498,13513.404800137992,91.07108949297944
0.0013400390625,2.3681640624999997e-08,400781250.0,32486328.125,0.00011265527135822945,0.0006100954797121832,0.00012082476542866046,13844.49909434566,16065.76783191396,11912.518812286038,18.880127670169244
0.0005376953125,4.5884765625e-08,160156250.0,36697265.625,7.850914864286325e-05,0.00040589913181019724,8.650499896800833e-05,9698.967556524396,10579.906522473837,8956.633331117317,91.90297216032995
0.0006900390625,4.5884765625e-08,160156250.0,36697265.625,8.316465435225835e-05,0.0004220197515552077,9.108798730620912e-05,10285.695967277845,11209.184215511943,9502.776127828574,65.68559411821005
0.0005376953125,4.8181640625e-08,160156250.0,36697265.625,7.87888325335005e-05,0.00040715694045278714,8.677723667169861e-05,9734.742492702677,10580.114282545945,9022.679201467907,90.54670080073512
0.0005376953125,4.5884765625e-08,200781250.0,36697265.625,8.014581697426066e-05,0.00042840733211977526,8.816780195909918e-05,9884.632367497537,10771.618533906189,9127.24385754066,81.75538765381596
0.0005376953125,4.5884765625e-08,160156250.0,7986328.125,9.699759755396319e-05,0.0004907810859968182,0.00010393622594639379,11736.04116563047,12811.408080141522,10831.956468729068,24.57785640245074
0.0005376953125,4.8181640625e-08,200781250.0,7986328.125,9.822732516616973e-05,0.0005141372313449386,0.00010579020694217631,11880.570472415902,12933.554526116493,10999.896253585777,23.53518539391276
0.0006900390625,4.5884765625e-08,200781250.0,7986328.125,0.00010387220994746895,0.0005339099908996378,0.00011127842102782317,12571.730155910258,13723.164570774221,11600.829767868752,19.52765502411563
0.0006900390625,4.8181640625e-08,160156250.0,7986328.125,0.00010280765332788635,0.0005091406799087718,0.00010948383175936247,12450.55391688726,13523.72410685652,11538.474295077622,20.404309865062586
0.0006900390625,4.8181640625e-08,200781250.0,36697265.625,8.512379788808445e-05,0.00044541371726998204,9.291040399675971e-05,10511.943647577944,11403.779140176686,9744.875538880347,56.81941003185377
0.0006900390625,4.8181640625e-08,200781250.0,7986328.125,0.00010395065239319157,0.0005335887019218455,0.00011135219927168387,12582.81544374635,13684.317887034189,11654.31729379846,20.600227543218875
0.0007001953125,1.5259765625e-08,210156250.0,30572265.625,8.491820650832028e-05,0.0004320540635202677,9.332250222915566e-05,10435.593607250616,13128.243468455741,8361.352307432997,49.275343626324016
0.0005275390625,1.5259765625e-08,210156250.0,30572265.625,7.852564552156448e-05,0.00041050381498872245,8.718667812406482e-05,9644.649587468793,12168.885378047664,7716.864719824828,86.204237651451
0.0007001953125,2.9806640625e-08,210156250.0,30572265.625,8.724902126224272e-05,0.000460013117839072,9.508644671224302e-05,10719.322268913424,12159.749622212878,9503.003140721376,42.768864891847606
0.0007001953125,1.5259765625e-08,450781250.0,30572265.625,8.989479058927489e-05,0.0005248969143495933,9.902265358124223e-05,11005.5785317076,13820.990908420607,8753.16123976046,29.281518068221434
0.0007001953125,1.5259765625e-08,210156250.0,26361328.125,8.767897645902644e-05,0.0004468154157664952,9.585245866199535e-05,10744.46122256773,13526.761259398852,8590.993769071161,37.41260532561919
0.0007001953125,2.9806640625e-08,450781250.0,26361328.125,9.41515976001901e-05,0.0005639553661299901,0.00010233769462171703,11500.072544194261,13018.745661635223,10158.126497249354,23.843467817282477
0.0005275390625,1.5259765625e-08,450781250.0,26361328.125,8.56202444793009e-05,0.000513026299550855,9.482174445936848e-05,10451.189958835892,13163.822637943098,8305.212769287018,47.71200427649784
0.0005275390625,2.9806640625e-08,210156250.0,26361328.125,8.369447741085294e-05,0.00045332391527503463,9.152134072639372e-05,10246.09388164588,11646.401567843288,9072.752117984477,59.89461138795448
0.0005275390625,2.9806640625e-08,450781250.0,30572265.625,8.537224603486366e-05,0.000525741536152174,9.389889594772713e-05,10444.074779533663,11836.778934620212,9219.555712694599,52.52915460164186
0.0005275390625,2.9806640625e-08,450781250.0,26361328.125,8.770455892319123e-05,0.0005388651020662151,9.605890473524787e-05,10704.175614234879,12134.589668700106,9447.575540827187,43.646350547088204
0.0013501953125,3.9759765625e-08,410156250.0,6072265.625,0.00013654266412309795,0.0007289388916297921,0.0001435802489156924,16483.996503711664,18122.51332076718,15011.732501131506,164.02480040658529
0.0011775390625,3.9759765625e-08,410156250.0,6072265.625,0.000129485606454963,0.0007020556405359349,0.00013676534035189368,15624.150028305257,17187.573630866766,14224.960953431904,109.87763390306812
0.0013501953125,5.306640624999999e-09,410156250.0,6072265.625,0.00013900953991430196,0.0006543218398456121,0.00014662254390483443,16780.56595530859,28077.774847976867,10218.900332857658,373.7552919580178
0.0013501953125,3.9759765625e-08,250781250.0,6072265.625,0.00013318713229210582,0.0006588487717028186,0.00014018555734809213,16111.780214447926,17736.176515702933,14700.597519069488,129.6775588358066
0.0013501953125,3.9759765625e-08,410156250.0,1861328.125,0.00014779158634877675,0.0007735715891684587,0.00015479707171485273,17675.59972055675,19432.71676531306,16088.001934324006,263.363257999694
0.0013501953125,5.306640624999999e-09,250781250.0,1861328.125,0.00014952036863951019,0.0006460092965350713,0.00015643705122320468,17893.347535365723,29974.556921951487,10858.483111773498,500.7060346829765
0.0011775390625,3.9759765625e-08,250781250.0,1861328.125,0.00013795047263972713,0.0006764219186674448,0.00014523194647310245,16502.044143060833,18181.66509647804,15034.840143442525,156.92738653072374
0.0011775390625,5.306640624999999e-09,410156250.0,1861328.125,0.00014452846285117223,0.0006800921761870095,0.00015243358406181193,17272.529757747656,29047.915214256023,10429.6027073969,440.65925428611547
0.0011775390625,5.306640624999999e-09,250781250.0,6072265.625,0.0001262108078226502,0.0005556846566191731,0.00013322694089095715,15258.158987424258,25539.401058257536,9327.319882747348,231.3181176404001
0.0011775390625,5.306640624999999e-09,250781250.0,1861328.125,0.00014059705930253848,0.0006136760888543695,0.00014763665127244744,16817.66724884466,28226.938221720204,10195.193852818096,378.69972276194807
0.0010251953125,3.0097656249999995e-09,110156250.0,42822265.625,7.59005042836945e-05,0.00025799246810225186,7.441507957970825e-05,9499.082282255895,17359.2789249294,5553.213663053765,173.42641002891662
0.0008525390625,3.0097656249999995e-09,110156250.0,42822265.625,7.046031692873473e-05,0.00024191991317796567,6.973319092057334e-05,8815.559743894291,16226.14820539127,5139.550487528099,200.06657590630886
0.0010251953125,1.7556640624999996e-08,110156250.0,42822265.625,8.26552227976133e-05,0.00035393657147798766,9.100842621396579e-05,10313.289611543538,12551.659074504678,8554.163994007238,62.4879511215394
0.0010251953125,3.0097656249999995e-09,350781250.0,42822265.625,8.888921006822351e-05,0.00036960294046499556,9.784140193454333e-05,11006.451437931002,21695.336004469034,6136.1203910182385,189.34110532313264
0.0010251953125,3.0097656249999995e-09,110156250.0,14111328.125,9.563642226796618e-05,0.0003787701959559592,0.00010257581499385413,11718.069327433803,23421.579673765693,6459.7283356263815,225.215202916946
0.0010251953125,1.7556640624999996e-08,350781250.0,14111328.125,0.00011408725607581158,0.0006083572053874292,0.00012209958791682094,13853.710982828678,16929.563086383983,11342.32392182639,14.218198813364515
0.0008525390625,3.0097656249999995e-09,350781250.0,14111328.125,0.00010377423900243403,0.00045675946322514416,0.00011173084258912319,12606.41668314945,25480.22730093104,6853.740666887784,284.1245104904309
0.0008525390625,1.7556640624999996e-08,110156250.0,14111328.125,9.762383722961021e-05,0.00045355713393120396,0.00010420616712243721,11905.266539855624,14615.321703463453,9811.91319045194,8.173549111509638
0.0008525390625,1.7556640624999996e-08,350781250.0,42822265.625,8.735028028640872e-05,0.0004784333683419788,9.641148832757084e-05,10785.424501983525,13143.382524935998,8845.362995689014,36.224062103939545
0.0008525390625,1.7556640624999996e-08,350781250.0,14111328.125,0.00010679678986718117,0.000582699606319586,0.00011496736228128876,12962.095884559014,15865.304612301801,10602.664663220894,4.052538911939869
0.0003751953125,2.7509765624999996e-08,310156250.0,18322265.625,8.472567942804289e-05,0.0004963053766309319,9.302626918525903e-05,10296.46188555503,11824.134545837032,9012.340879726897,55.83602574569609
0.0002025390625,2.7509765624999996e-08,310156250.0,18322265.625,7.789689413979134e-05,0.00046994486384832894,8.640527420183009e-05,9459.703575498093,10882.243928791808,8271.981050780043,94.99484419408633
0.0003751953125,4.2056640625e-08,310156250.0,18322265.625,8.65706376372331e-05,0.0005013244979505487,9.453964567640157e-05,10521.730303779847,11559.932424476227,9618.66985339788,52.68326199052673
0.0003751953125,2.7509765624999996e-08,150781250.0,18322265.625,8.049116975676076e-05,0.00042441740538573953,8.83327320725399e-05,9810.609641051875,11315.725241906874,8607.925153472388,78.45516429455483
0.0003751953125,2.7509765624999996e-08,310156250.0,38611328.125,7.372752231402705e-05,0.00043671539355590885,8.275703136121825e-05,9068.716252097498,10394.668878733388,7934.643452432935,120.09377163605127
0.0003751953125,4.2056640625e-08,150781250.0,38611328.125,7.162404071445422e-05,0.0003774048480284131,7.994665553530564e-05,8851.971753762833,9735.939571942825,8118.156675192628,140.27151622295136
0.0002025390625,2.7509765624999996e-08,150781250.0,38611328.125,6.34151162677347e-05,0.0003436382788724637,7.232754266732323e-05,7831.661522751827,9027.50043387688,6869.380186600111,214.4386535271759
0.0002025390625,4.2056640625e-08,310156250.0,38611328.125,7.039415556703886e-05,0.0004260533911342136,7.926302128464076e-05,8647.810188215717,9503.838107002606,7904.480072429432,149.29917372608088
0.0002025390625,4.2056640625e-08,150781250.0,18322265.625,7.655486103822748e-05,0.0004132040171848054,8.468351614945837e-05,9320.259431027673,10290.820708922804,8533.162048742082,108.01708803100375
0.0002025390625,4.2056640625e-08,150781250.0,38611328.125,6.629801594684617e-05,0.00035901415406385293,7.484855178203963e-05,8182.867077986096,9013.723966907179,7499.011054970592,187.39242662399369
0.00045644531250000004,2.4447265624999998e-08,135156250.0,3009765.625,9.839591429450696e-05,0.00048602797421059396,0.00010489118506193009,11806.376046354324,13796.961474941352,10197.795933197165,11.99746967348097
0.0010962890625,2.4447265624999998e-08,135156250.0,3009765.625,0.00012675895075755855,0.0005755967202567825,0.0001323536816024403,15236.495719716579,17688.198658689176,13189.13519511718,58.141947690508694
0.00045644531250000004,4.5119140624999996e-08,135156250.0,3009765.625,0.00010018054672491583,0.0004908403716307359,0.00010647874242596662,12023.584599339021,13137.973657732808,11085.266742872393,21.108821568815436
0.00045644531250000004,2.4447265624999998e-08,475781250.0,3009765.625,0.00010536330653498975,0.0006310537253694052,0.00011344644558258402,12598.636711180428,14672.424161752991,10815.956335355932,13.348928348701994
0.00045644531250000004,2.4447265624999998e-08,135156250.0,29423828.125,7.506979931387077e-05,0.00038546032007224097,8.324842919122907e-05,9234.719664542083,10801.300626837337,7993.455510811666,111.70408488832788
0.00045644531250000004,4.5119140624999996e-08,475781250.0,29423828.125,8.541475594159187e-05,0.0005275343839394764,9.356062575069089e-05,10440.900271100785,11389.558326878065,9595.202075038922,57.29572448598567
0.0010962890625,2.4447265624999998e-08,475781250.0,29423828.125,0.00010684893247956948,0.0006139401256366774,0.00011512678187754836,13088.707274555674,15142.376473558877,11299.07698738617,12.112107942424876
0.0010962890625,4.5119140624999996e-08,135156250.0,29423828.125,9.855333345984822e-05,0.0004671781570787642,0.00010593406507314966,12174.132399407818,13262.06350663209,11251.82110955877,21.19134938670804
0.0010962890625,4.5119140624999996e-08,475781250.0,3009765.625,0.00013341277853860375,0.0007376910997801917,0.00014083572156050754,15988.16161280321,17423.125643155105,14707.461656872276,142.90632185708634
0.0010962890625,4.5119140624999996e-08,475781250.0,29423828.125,0.00010725332500948039,0.0006159860726337062,0.0001148673641849774,13160.350877929033,14316.214279825164,12114.994302779833,28.041201204145143
0.0011064453125,4.8947265625e-08,335156250.0,27509765.625,0.00010709009315407013,0.0005764419834982166,0.00011476685871446053,13147.660537088623,14222.138842794588,12191.316427181924,26.49507031157642
0.00044628906249999996,4.8947265625e-08,335156250.0,27509765.625,8.502529705072323e-05,0.0004953637533792688,9.327504937076453e-05,10395.385398673554,11277.513506676907,9622.147981463731,59.27554299013927
0.0011064453125,2.0619140624999998e-08,335156250.0,27509765.625,0.00010634387115130574,0.0005685121756114387,0.00011462754884271941,13028.151595852461,15467.162521521612,10989.594722428685,4.814377842161963
0.0011064453125,4.8947265625e-08,275781250.0,27509765.625,0.00010597576150489228,0.000553524747702572,0.00011325333702784784,13021.093332406961,14086.308469261692,12077.333996051259,24.009225376744578
0.0011064453125,4.8947265625e-08,335156250.0,4923828.125,0.0001274463713487952,0.0006676572771004632,0.00013411263439357977,15353.140369249248,16628.233778887716,14221.376479685732,99.69423146947358
0.0011064453125,2.0619140624999998e-08,275781250.0,4923828.125,0.00012807456901448315,0.000644046619623128,0.00013504417517134815,15425.043288216384,18378.557789462007,12988.372683064785,67.300898355405
0.00044628906249999996,4.8947265625e-08,275781250.0,4923828.125,0.00010029214382603006,0.0005483025165568032,0.00010735342313929159,12056.884883669414,13099.839989759523,11161.468978002893,23.22601304188021
0.00044628906249999996,2.0619140624999998e-08,335156250.0,4923828.125,9.910015320830502e-05,0.0005629553815947275,0.00010730217459324459,11906.407167604277,14247.817678869425,9979.237703326733,10.594136982107923
0.00044628906249999996,2.0619140624999998e-08,275781250.0,27509765.625,8.020260619008726e-05,0.0004553960522902185,8.900183273564063e-05,9811.044227004972,11730.08088245611,8246.265117214723,76.24845799064055
0.00044628906249999996,2.0619140624999998e-08,275781250.0,4923828.125,9.803927081542987e-05,0.00053929711863087,0.00010573902005994257,11786.686383844528,14117.335710046511,9898.801055706519,11.064550254942787
0.0014314453125,1.2197265624999999e-08,235156250.0,15259765.625,0.00012677465545911623,0.0005935346533744971,0.00013385652679806062,15444.886172641875,20276.459042999868,11817.789128250677,65.9711830237506
0.0007712890625,1.2197265624999999e-08,235156250.0,15259765.625,9.930171182400019e-05,0.0004993629180465293,0.00010706613674308767,12074.6368254033,15968.76635529465,9203.523359734527,9.164849794971465
0.0014314453125,8.369140625e-09,235156250.0,15259765.625,0.0001261869563751748,0.0005674935149049337,0.00013334343879876546,15377.511331797026,22218.128854677278,10693.234393298104,102.06685435660233
0.0014314453125,1.2197265624999999e-08,375781250.0,15259765.625,0.0001304899980383751,0.0006600916448685153,0.00013841751682286096,15872.594205616288,20818.281646028492,12094.00574285117,92.83484220216256
0.0014314453125,1.2197265624999999e-08,235156250.0,17173828.125,0.00012471128474915455,0.0005837186492674976,0.00013188607874139037,15214.36804864575,19964.44511105689,11645.896582299623,55.42084577644522
0.0014314453125,8.369140625e-09,375781250.0,17173828.125,0.00012832737142048743,0.0006239709325756994,0.00013616285957806064,15630.511734811325,22564.620158079088,10838.7778225038,119.62609221076887
0.0007712890625,1.2197265624999999e-08,375781250.0,17173828.125,0.00010068093802694001,0.0005474991224685878,0.00010916319190843996,12239.072345660898,16154.462678751806,9281.433319200893,9.251149501644804
0.0007712890625,8.369140625e-09,235156250.0,17173828.125,9.667723310484101e-05,0.0004623845961874408,0.00010455477863493617,11775.749470496294,17158.010259223793,8170.658264310346,33.48322825035835
0.0007712890625,8.369140625e-09,375781250.0,15259765.625,0.00010159281819122351,0.0005279324069733582,0.00010995417292321836,12337.031843522507,17981.24371314289,8498.174514627684,31.4474326316943
0.0007712890625,8.369140625e-09,375781250.0,17173828.125,0.00010001105275984825,0.0005197372192427373,0.00010844513035123332,12159.635861845385,17715.274815336656,8397.707167235358,31.154099782142076
0.0007814453124999999,3.6697265625e-08,435156250.0,39759765.625,8.739944572667904e-05,0.0005393092889181225,0.00010622753980641749,10106.555736770346,11486.05255129646,8448.799389840686,73.30489946345689
0.0014212890625,3.6697265625e-08,435156250.0,39759765.625,0.00011113702106257961,0.0006126036638613999,0.00011907154289504194,13732.02691167486,15156.320809878958,12445.238859605739,30.053881740208283
0.0007814453124999999,3.2869140625e-08,435156250.0,39759765.625,8.957452567431597e-05,0.0005299036043701574,9.812198264128023e-05,11030.208114543944,12340.642587753004,9865.70348594226,35.34115983469753
0.0007814453124999999,3.6697265625e-08,175781250.0,39759765.625,8.414614323281285e-05,0.00042732232339304823,9.211956001270146e-05,10420.007297027465,11555.69712924289,9451.784321457806,57.9599897708468
0.0007814453124999999,3.6697265625e-08,435156250.0,41673828.125,8.89358056464152e-05,0.0005258002139337339,9.744673190861769e-05,10965.976091304185,12135.72699180261,9916.679144113521,38.679804435307275
0.0007814453124999999,3.2869140625e-08,175781250.0,41673828.125,8.268056693742591e-05,0.0004195007318155682,9.08392830793789e-05,10249.161495785702,11486.134024427836,9196.535771201012,63.87652830157903
0.0014212890625,3.6697265625e-08,175781250.0,41673828.125,0.00010280374952431426,0.00048725283794770615,0.00011034495687841132,12790.653421742087,14134.021783426235,11623.033108537391,15.235311152737602
0.0014212890625,3.2869140625e-08,435156250.0,41673828.125,0.00010993064780138954,0.0006062289554131583,0.0001180643831880316,13591.161583341778,15153.986742313664,12180.265551914601,23.832279593899468
0.0014212890625,3.2869140625e-08,175781250.0,39759765.625,0.00010387387477247657,0.0004916998801237145,0.00011139218857370885,12901.803280451302,14412.541303072914,11599.75649188337,12.754037425016396
0.0014212890625,3.2869140625e-08,175781250.0,41673828.125,0.00010264870246295147,0.00048433890704781426,0.00011023182357878209,12765.636329953517,14254.116271914125,11477.471057802948,12.582933099215353
0.0006189453125,6.072265625e-09,385156250.0,45884765.625,7.497196684450402e-05,0.00035291737275351415,8.467597083928048e-05,9274.119977057266,14869.726872087675,5898.585171380341,136.48078676752198
0.0012587890625000001,6.072265625e-09,385156250.0,45884765.625,9.811589367180025e-05,0.0004383432909526338,0.00010707758781331681,12155.153018045781,19147.236894064044,7793.0647027975265,64.96905710069947
0.0006189453125,3.8994140625e-08,385156250.0,45884765.625,8.124636946904409e-05,0.0004796706125106118,8.995639014640119e-05,10038.710899708198,11058.13466061666,9128.901750561572,72.0780391440715
0.0006189453125,6.072265625e-09,325781250.0,45884765.625,7.374876593529373e-05,0.0003302555183116577,8.336085713461708e-05,9133.861868512726,14597.530011600978,5834.838401372679,145.5608500226852
0.0006189453125,6.072265625e-09,385156250.0,23298828.125,8.834043490726418e-05,0.0004426392029777825,9.723835034150118e-05,10780.201659648952,17388.360250684,6809.249996019052,81.9035937495989
0.0006189453125,3.8994140625e-08,325781250.0,23298828.125,9.233452744478846e-05,0.0005268529577106601,0.00010039927456120313,11268.575206529113,12437.6125849975,10247.451177039713,31.154389619664446
0.0012587890625000001,6.072265625e-09,325781250.0,23298828.125,0.00011349027615258752,0.0005167017069557407,0.00012150817413534203,13883.441989228551,22049.740498538293,8830.481300810467,103.56070991693593
0.0012587890625000001,3.8994140625e-08,385156250.0,23298828.125,0.00011606418020307847,0.0006326101333953402,0.00012373750387470684,14199.971471136307,15626.81297417036,12919.904780019599,44.10716296064208
0.0012587890625000001,3.8994140625e-08,325781250.0,45884765.625,0.00010043340954239375,0.0005341338681696694,0.00010879566644701052,12467.64578407704,13694.231101728368,11365.025454734385,17.116514547999333
0.0012587890625000001,3.8994140625e-08,325781250.0,23298828.125,0.00011515606302333237,0.000608558118771803,0.00012257447489744198,14096.75082855718,15512.604398372363,12842.891152448507,39.17405424301706
0.0012689453125,3.0572265624999995e-08,185156250.0,21384765.625,0.00011284631752713367,0.0005460717928266955,0.00012011762849729471,13823.760243918363,15610.926047671137,12307.998933619612,21.39308268702481
0.0006087890625,3.0572265624999995e-08,185156250.0,21384765.625,8.898483442444935e-05,0.00046739584405392295,9.658388336330222e-05,10869.341426063102,12332.637086203827,9655.384749918525,37.42375722299551
0.0012689453125,1.4494140625e-08,185156250.0,21384765.625,0.00011196818299339654,0.0005221119183507304,0.00011920632510039642,13710.849744459447,17359.424481183923,10891.59371533264,7.341387535602584
0.0012689453125,3.0572265624999995e-08,125781250.0,21384765.625,0.00010901288208906544,0.0005003512014308812,0.00011560064408830228,13387.439743462024,15100.983036728936,11941.160791836443,14.301427178724126
0.0012689453125,3.0572265624999995e-08,185156250.0,47798828.125,9.467738669594161e-05,0.00045144262206637696,0.00010274162674936294,11803.963792871837,13270.61057133381,10532.665559929914,18.93896466619558
0.0012689453125,1.4494140625e-08,125781250.0,47798828.125,8.820398014572292e-05,0.0003541687144276125,9.658108970180461e-05,11038.73464346993,13822.779343044953,8878.498160860672,37.349635138625324
0.0006087890625,3.0572265624999995e-08,125781250.0,47798828.125,7.122751124904683e-05,0.0003423381276673275,8.002052472058771e-05,8883.965779207696,10045.745278941713,7926.708356504018,141.54826366744857
0.0006087890625,1.4494140625e-08,185156250.0,47798828.125,7.103625987218805e-05,0.00033807628354142263,8.029561167098464e-05,8834.367318647475,11200.34988537144,7025.434048163052,142.88485909456693
0.0006087890625,1.4494140625e-08,125781250.0,21384765.625,8.282241857669306e-05,0.0003980811623459534,9.053254288930489e-05,10146.115514256851,12977.994483572755,8056.940369243137,62.587114707589976
0.0006087890625,1.4494140625e-08,125781250.0,47798828.125,6.760808542516944e-05,0.0002879860077645305,7.681562420348293e-05,8442.419221586968,10690.564838961314,6755.669856927702,177.2461474198755
0.0009439453124999999,1.8322265624999998e-08,485156250.0,33634765.625,9.806150996953015e-05,0.0005695289675051422,0.00010698854739449963,12031.950111809178,14560.66969641806,9915.850560288438,9.086637901441094
0.0002837890625,1.8322265624999998e-08,485156250.0,33634765.625,7.304048487405935e-05,0.00046909318612308896,8.254887819274932e-05,8941.79989521692,10905.603878625578,7331.085293901097,125.09953563475166
0.0009439453124999999,2.244140625e-09,485156250.0,33634765.625,9.429611040568792e-05,0.0004264705712442505,0.0001033906968836351,11586.466549570334,25485.400452604696,6173.892048976999,315.71120956930986
0.0009439453124999999,1.8322265624999998e-08,425781250.0,33634765.625,9.73680135156264e-05,0.0005497899226478437,0.00010618296688665881,11952.72024852505,14464.41644824132,9865.152957431901,8.997607135585762
0.0009439453124999999,1.8322265624999998e-08,485156250.0,35548828.125,9.686903466679401e-05,0.0005627709459030651,0.00010585770639213629,11898.266190020882,14396.693846726137,9806.086878326003,10.65755420116592
0.0009439453124999999,2.244140625e-09,425781250.0,35548828.125,9.183529097926982e-05,0.00040563715382543284,0.00010087331731673058,11306.700949489783,24668.166796760815,6048.687351498192,289.0183314213759
0.0002837890625,1.8322265624999998e-08,425781250.0,35548828.125,7.15779455553098e-05,0.000449686701050551,8.115210644374811e-05,8776.607840197641,10706.38085353223,7202.665538225773,136.25710040618807
0.0002837890625,2.244140625e-09,485156250.0,35548828.125,6.66999049751142e-05,0.0003170021331163017,7.710911996298102e-05,8194.804525545147,18686.806743505804,4349.847651567276,252.84159699538367
0.0002837890625,2.244140625e-09,425781250.0,33634765.625,6.680694373210282e-05,0.00031036645224844764,7.700417618604638e-05,8205.216996872003,18580.31378443656,4359.362509516668,251.99742427892951
0.0002837890625,2.244140625e-09,425781250.0,35548828.125,6.581916740602004e-05,0.00030552195562118825,7.612157832496088e-05,8093.539201388947,18320.63727690275,4303.294673364673,254.5174255225064
0.0002939453125,4.2822265624999995e-08,285156250.0,9134765.625,8.904528771409518e-05,0.0005088318467790756,9.645527414769278e-05,10756.898378980946,11813.555217687224,9846.640170931625,44.93261903878637
0.0009337890624999999,4.2822265624999995e-08,285156250.0,9134765.625,0.00011379893756788231,0.0006011552547098897,0.00012047679659493843,13788.619607242013,15096.329960696863,12642.718047724247,34.35739425808635
0.0002939453125,2.6744140624999995e-08,285156250.0,9134765.625,8.707400715236387e-05,0.0005034251605825483,9.493888160658185e-05,10518.187988310126,12141.932866358515,9170.82388188082,46.59014357824049
0.0002939453125,4.2822265624999995e-08,225781250.0,9134765.625,8.813649797459912e-05,0.0004884218132859366,9.546967793067398e-05,10651.343833374201,11716.099339114808,9756.283268692356,47.84530404237747
0.0002939453125,4.2822265624999995e-08,285156250.0,11048828.125,8.779023822014303e-05,0.0005032156560488225,9.52979266138473e-05,10618.394071953679,11659.73262162677,9721.438012761842,49.31680021705285
0.0002939453125,2.6744140624999995e-08,225781250.0,11048828.125,8.472367665078508e-05,0.00047329340803209044,9.22228140777623e-05,10252.492171911876,11849.859777942678,8940.597415667964,56.8778047500228
0.0009337890624999999,4.2822265624999995e-08,225781250.0,11048828.125,0.00011093396607823286,0.0005682257306719254,0.0001181823400454584,13467.962279782145,14761.115287500961,12361.615036739244,26.319728602949276
0.0009337890624999999,2.6744140624999995e-08,285156250.0,11048828.125,0.00011216486099811347,0.0005929176497402881,0.00011923772818302901,13597.778368944455,15613.636844424294,11886.904923949141,16.96080061637303
0.0009337890624999999,2.6744140624999995e-08,225781250.0,9134765.625,0.00011262077376409635,0.0005735111734062726,0.00011972064660103697,13642.047198982098,15693.211295880285,11933.182252387905,16.141414093339453
0.0009337890624999999,2.6744140624999995e-08,225781250.0,11048828.125,0.000110785003585977,0.000565889958143899,0.00011788457319675682,13438.582121962505,15454.059170979113,11753.136766629385,12.90946925381599
0.0003345703125,1.6791015625e-08,347656250.0,41291015.625,6.943938317788632e-05,0.00041141243637953244,7.910797962622828e-05,8552.536541100326,10595.815278976861,6926.26086014726,153.52425203706844
0.0007306640625,1.6791015625e-08,347656250.0,41291015.625,8.368451897120327e-05,0.0004642402049689814,9.283208951942099e-05,10320.392796933429,12700.279948513258,8387.039173387462,53.74414749034026
0.0003345703125,1.6025390624999997e-08,347656250.0,41291015.625,6.926041002568194e-05,0.00040804854975083876,7.893693302080662e-05,8531.100253037184,10666.584053303062,6851.610977930264,155.10867969745817
0.0003345703125,1.6791015625e-08,113281250.0,41291015.625,6.152300382131909e-05,0.0002901020479528944,7.076272557269944e-05,7646.87541269364,9503.968833725285,6254.543655073592,236.96550911764263
0.0003345703125,1.6791015625e-08,347656250.0,37080078.125,7.142776185073806e-05,0.0004247660932982296,8.095871577910697e-05,8776.076526292762,10876.115121037912,7104.757398836792,137.291909951359
0.0003345703125,1.6025390624999997e-08,113281250.0,37080078.125,6.322465215365076e-05,0.00030354287854506793,7.222606491896279e-05,7835.97780413658,9840.368861698344,6351.00323125106,218.33103646428165
0.0007306640625,1.6791015625e-08,113281250.0,37080078.125,7.655789021580823e-05,0.0003494716843494297,8.494631713184777e-05,9501.124874160085,11731.637166019873,7790.079109974309,100.48527715249
0.0007306640625,1.6025390624999997e-08,347656250.0,37080078.125,8.588903273823459e-05,0.0004749468302701676,9.4926721426874e-05,10566.764721739028,13126.719886398389,8511.334481447464,43.641798604893935
0.0007306640625,1.6025390624999997e-08,113281250.0,41291015.625,7.40757889036017e-05,0.00032810514728023806,8.272373005173605e-05,9221.504797604217,11462.186477850715,7508.009884447417,119.66262398896671
0.0007306640625,1.6025390624999997e-08,113281250.0,37080078.125,7.634603555488844e-05,0.00034591317290654433,8.474391032243412e-05,9475.730975636458,11799.984867557581,7704.542366943023,102.3389984898814
0.0009845703125,4.1291015625e-08,147656250.0,16791015.625,0.00010498018569181152,0.0005054711110883871,0.00011180730551686687,12823.91769743441,14077.317000548745,11756.4095936093,17.625504882736156
0.0013806640625,4.1291015625e-08,147656250.0,16791015.625,0.00011879750499598552,0.0005478274023190718,0.00012505964280928744,14540.220872647147,15926.416534060181,13341.289218505328,49.71087641157591
0.0009845703125,4.0525390625e-08,147656250.0,16791015.625,0.0001049529736307012,0.0005055904481051517,0.00011178552291928101,12819.932852082815,14095.284051908655,11735.717502019123,17.18075750518073
0.0009845703125,4.1291015625e-08,313281250.0,16791015.625,0.0001099736571045507,0.0005916490271351465,0.0001171969158714197,13393.7392515227,14688.911250702597,12246.017152532611,26.012346470773842
0.0009845703125,4.1291015625e-08,147656250.0,12580078.125,0.00010867130433240154,0.0005197328478718329,0.00011511510416198847,13230.311849205631,14522.474219369795,12122.62296935235,20.653142662852396
0.0009845703125,4.0525390625e-08,313281250.0,12580078.125,0.00011329866138156365,0.000606491716445279,0.00012030301027508333,13759.382566528537,15119.358218067653,12563.323001045284,32.807480214796854
0.0013806640625,4.1291015625e-08,313281250.0,12580078.125,0.00012817792586417587,0.0006584861273833193,0.00013477550261819057,15592.74257450042,17081.045502189038,14273.284151434598,102.71674328110444
0.0013806640625,4.0525390625e-08,147656250.0,12580078.125,0.00012297874244150507,0.0005652907166808147,0.00012875294499327074,14998.697571148641,16449.563140582944,13733.693633241382,66.35195721624135
0.0013806640625,4.0525390625e-08,313281250.0,16791015.625,0.0001244825327643871,0.0006435528915879787,0.0001313082601271127,15186.195953565008,16658.616298596822,13874.497204182206,80.78820044792113
0.0013806640625,4.0525390625e-08,313281250.0,12580078.125,0.00012824566940351014,0.0006585020235825941,0.0001348517581800653,15599.64102678648,17114.980951367477,14256.120502665992,102.24090131734197
0.0013095703125,4.5410156249999995e-09,447656250.0,29041015.625,0.0001128034953684874,0.0005174627626722216,0.00012137738483954677,13833.599622479403,24189.96775333074,8173.252913012826,189.0743909290302
0.0010556640625,4.5410156249999995e-09,447656250.0,29041015.625,0.00010257747495179694,0.00047861219910022725,0.00011139971792262644,12571.60213816142,22100.352971580563,7410.379033869499,139.52258879092136
0.0013095703125,2.8275390624999998e-08,447656250.0,29041015.625,0.0001147013893465013,0.0006378798793243532,0.00012260561024321034,14064.59734806868,15967.702512090638,12371.894192088295,31.122872058998304
0.0013095703125,4.5410156249999995e-09,213281250.0,29041015.625,0.00010464069512379917,0.0004155860009292756,0.00011236228464553192,12896.314660210923,22226.52208645083,7714.7309888004065,136.83101045199814
0.0013095703125,4.5410156249999995e-09,447656250.0,24830078.125,0.00011637591293444,0.0005383408060294124,0.0001248032434719699,14235.518869569096,24938.919224123863,8393.661529478524,215.75986553584306
0.0013095703125,2.8275390624999998e-08,213281250.0,24830078.125,0.0001126810134355552,0.0005536997254255748,0.00011982747697827792,13825.574860343788,15735.709455350607,12202.346947437385,19.489400322722226
0.0010556640625,4.5410156249999995e-09,213281250.0,24830078.125,9.85349917095648e-05,0.0004015953431632065,0.00010632656181176486,12098.958018352092,21047.12710217962,7192.902909542314,123.90301306068757
0.0010556640625,2.8275390624999998e-08,447656250.0,24830078.125,0.00010832208471956697,0.0006168894808581032,0.00011624390295546258,13237.306248092516,15051.87716954163,11636.801264653697,16.67321579295558
0.0010556640625,2.8275390624999998e-08,213281250.0,29041015.625,0.0001005778836155978,0.0005086126495190754,0.00010801687051602475,12362.77865590612,14077.68939760572,10904.01412384288,9.604222925960043
0.0010556640625,2.8275390624999998e-08,213281250.0,24830078.125,0.0001036029342532689,0.0005237787375153171,0.00011089071235377233,12699.017126093026,14471.806694678842,11198.312968347558,8.600125092589316
0.0006595703125,2.9041015624999996e-08,247656250.0,4541015.625,0.00010839590318622128,0.000572404827074035,0.00011561625201008089,13032.753284820155,14870.757002366381,11496.898726426887,11.889014239830852
0.0004056640625,2.9041015624999996e-08,247656250.0,4541015.625,9.726207663641876e-05,0.0005329954680377712,0.00010460310733726305,11684.940679539945,13354.210245904089,10297.323940976637,17.243158573183297
0.0006595703125,3.775390625e-09,247656250.0,4541015.625,0.00010331195757269457,0.00045167551526804244,0.00011107391080463764,12479.962258790281,23633.498174562585,7010.253865732729,204.14820802271768
0.0006595703125,2.9041015624999996e-08,413281250.0,4541015.625,0.0001111144942554134,0.0006373797326360694,0.00011912039799926211,13340.000622928692,15182.358661215489,11745.387751105194,20.76864670002362
0.0006595703125,2.9041015624999996e-08,247656250.0,49330078.125,7.699932106001481e-05,0.000416025794476139,8.618766697641059e-05,9557.621127264763,10850.17253459833,8447.853076813486,95.11438494462158
0.0006595703125,3.775390625e-09,413281250.0,49330078.125,7.413383296027517e-05,0.00032193746870062335,8.30693330834756e-05,9182.82781422283,17110.730900418544,5371.192230949065,169.71448003360362
0.0004056640625,2.9041015624999996e-08,413281250.0,49330078.125,7.168253726688033e-05,0.00044344999049602407,8.111610235522255e-05,8857.302493591858,10067.235389309482,7802.102203142975,133.76657815744855
0.0004056640625,3.775390625e-09,247656250.0,49330078.125,6.145537443446107e-05,0.0002423929375307781,6.670444605214469e-05,7643.882100795354,14043.574632347056,4535.571794980582,253.5901849092782
0.0004056640625,3.775390625e-09,413281250.0,4541015.625,9.549634108405748e-05,0.0004604649926946398,0.00010434072642755363,11470.060420397813,22016.15585238035,6376.692853723737,178.34980066848541
0.0004056640625,3.775390625e-09,413281250.0,49330078.125,6.492985714852054e-05,0.00028806063002604905,7.392057685162132e-05,8039.05708677721,15167.94409167089,4689.900179980376,222.5239394047281
0.0008220703125,1.0666015625e-08,197656250.0,10666015.625,0.0001041309636473285,0.0005001145418945373,0.000111399926291946,12629.928843906335,17284.79810230389,9316.97379051133,11.742799898060767
0.0002431640625,1.0666015625e-08,197656250.0,10666015.625,7.872698158026243e-05,0.0004124808233370817,8.678402026205138e-05,9532.217340390012,13198.127958335108,6991.5414719782,94.7805055644298
0.0008220703125,2.2150390624999997e-08,197656250.0,10666015.625,0.00010552096787985074,0.0005325504568318027,0.00011268783543905202,12795.01129702277,15127.91769196709,10914.257646941633,3.663223003207059
0.0008220703125,1.0666015625e-08,263281250.0,10666015.625,0.00010624833625595555,0.000531740595721016,0.00011395604376569677,12874.734809304606,17587.379284173723,9487.795009058633,12.528790702440562
0.0008220703125,1.0666015625e-08,197656250.0,18705078.125,9.662404892272874e-05,0.00046328478002327997,0.0001042873537502772,11791.150967153611,16091.668521255619,8719.786475931423,18.05071245879544
0.0008220703125,2.2150390624999997e-08,263281250.0,18705078.125,0.0001005940699085063,0.0005330454209654212,0.00010822953157682306,12254.90189127435,14444.30106287273,10433.464629969132,6.242002444741674
0.0002431640625,1.0666015625e-08,263281250.0,18705078.125,7.479047954468858e-05,0.00040965464124364495,8.362131524162025e-05,9099.069802309725,12559.317778817123,6678.86104245764,119.15060104322987
0.0002431640625,2.2150390624999997e-08,197656250.0,18705078.125,7.600101202265221e-05,0.0004240876267701737,8.399247710608133e-05,9249.607506234142,10993.784281103191,7870.37821993928,106.43348502841388
0.0002431640625,2.2150390624999997e-08,263281250.0,10666015.625,8.280123931151331e-05,0.00047577574721495886,9.080631578894877e-05,10012.743345210078,11881.835540442415,8502.347154945897,65.4643016816553
0.0002431640625,2.2150390624999997e-08,263281250.0,18705078.125,7.756776304535006e-05,0.0004518048730571455,8.607386487429093e-05,9429.68313281819,11189.383603085193,8003.887659003543,95.60891939528231
0.0014720703125,3.5166015624999996e-08,397656250.0,35166015.625,0.00011530141890863036,0.0006229236985107108,0.00012318799545523433,14213.85851631946,15755.480576046875,12820.96588080917,39.87246638772173
0.0008931640625,3.5166015624999996e-08,397656250.0,35166015.625,9.564259637129069e-05,0.0005469303226453531,0.00010379395350346444,11759.393546293177,13066.700069753275,10589.451503219874,21.494816185478374
0.0014720703125,4.6650390625e-08,397656250.0,35166015.625,0.00011502044517103038,0.0006190252087907296,0.00012270860964037997,14203.381165119099,15390.988288540037,13130.644362595644,48.374263687350506
0.0014720703125,3.5166015624999996e-08,463281250.0,35166015.625,0.00011622128871490304,0.0006438707077665825,0.00012403531547155382,14318.25738320585,15868.037921500423,12911.943304379343,45.17885192790307
0.0014720703125,3.5166015624999996e-08,397656250.0,43205078.125,0.00011007014315330333,0.0005936845657850854,0.00011813848053711075,13633.875472009877,15102.614951983871,12312.395903943978,25.385426661673673
0.0014720703125,4.6650390625e-08,463281250.0,43205078.125,0.00011090779987323866,0.0006129866289916573,0.00011877784953159319,13753.73594435259,14894.824557363565,12717.233220995526,37.38217810784668
0.0008931640625,3.5166015624999996e-08,463281250.0,43205078.125,9.200363008196542e-05,0.0005413291434149289,0.00010057523970874143,11356.193762540048,12609.205911814362,10225.188664633937,28.95667961150034
0.0008931640625,4.6650390625e-08,397656250.0,43205078.125,9.206247612908893e-05,0.0005231033061758283,0.00010024616324611418,11384.486707640213,12351.793432343251,10516.301380591569,32.221163768036625
0.0008931640625,4.6650390625e-08,463281250.0,35166015.625,9.704422283720484e-05,0.0005654974904329783,0.0001049968481191702,11936.837322856687,12957.246732910666,11015.276770633687,25.309160604989067
0.0008931640625,4.6650390625e-08,463281250.0,43205078.125,9.280521078850113e-05,0.0005442185987637474,0.00010110335101945047,11468.526409419883,12445.308226159043,10588.760771735346,31.225882471336188
0.0011470703125,2.2916015624999995e-08,297656250.0,22916015.625,0.00011071587989896624,0.0005786385135531909,0.00011849457897533909,13534.287379682917,15824.152606079937,11598.66811640044,11.18954914230625
0.0012181640625,2.2916015624999995e-08,297656250.0,22916015.625,0.00011342703358935398,0.0005881510207670605,0.00012110173124895446,13868.922605759042,16206.938583756804,11890.200842331602,16.792318902576923
0.0011470703125,3.4400390625e-08,297656250.0,22916015.625,0.00011093518066537006,0.0005835406712040533,0.00011835748672670854,13569.619780734696,15114.67061135225,12214.86589499387,22.82398480737192
0.0011470703125,2.2916015624999995e-08,163281250.0,22916015.625,0.00010562816221743278,0.0005052728516586198,0.00011291779416021119,12953.402102023483,15177.795460466556,11130.910881481932,4.220479062233235
0.0011470703125,2.2916015624999995e-08,297656250.0,30955078.125,0.00010470218803654533,0.0005486693600561713,0.00011289844054762185,12863.445071393182,15022.88445398696,11034.70219439551,5.271980930990388
0.0011470703125,3.4400390625e-08,163281250.0,30955078.125,0.00010030877823320259,0.0004862852358863585,0.0001079339491286043,12378.120580891993,13806.449633088265,11171.732666023492,13.839267213133573
0.0012181640625,2.2916015624999995e-08,163281250.0,30955078.125,0.00010187143951430963,0.0004828541502522521,0.00010940547184239479,12566.619225713244,14700.267505308748,10808.17195557831,4.687339115020417
0.0012181640625,3.4400390625e-08,297656250.0,30955078.125,0.00010765875910062703,0.0005663991341082527,0.00011545825116784931,13239.961123825655,14732.618593503694,11918.701704009929,17.66437462240317
0.0012181640625,3.4400390625e-08,163281250.0,22916015.625,0.00010872539712425552,0.000521401932847217,0.00011596097795939758,13344.424367652098,14882.328040508659,12039.429664092258,17.095692574581722
0.0012181640625,3.4400390625e-08,163281250.0,30955078.125,0.00010264041642267495,0.000493855713702876,0.000110233884204239,12670.15344366674,14126.727489873834,11437.792059645313,13.149803529900256
0.0004970703125,4.7416015624999996e-08,497656250.0,47416015.625,7.885395242503303e-05,0.0004900451115582781,8.75862078635232e-05,9736.607785321352,10574.054393229479,8986.517797085966,87.14014861708132
0.0005681640625,4.7416015624999996e-08,497656250.0,47416015.625,8.105810410443527e-05,0.0004990019781224694,8.974475914006923e-05,10014.660223570496,10871.388327789835,9246.165437854972,74.70361280337256
0.0004970703125,9.900390625e-09,497656250.0,47416015.625,7.261021319083773e-05,0.00041612586670485165,8.263112469071083e-05,8967.383410480203,12517.140684212165,6450.224636753016,130.50332224220526
0.0004970703125,4.7416015624999996e-08,363281250.0,47416015.625,7.748188025386813e-05,0.00045602370710734106,8.615919615195914e-05,9581.404172591197,10399.383540728422,8854.497176026662,95.57048392773997
0.0004970703125,4.7416015624999996e-08,497656250.0,6455078.125,0.00010199768075829642,0.000614323506298222,0.00010942180333806357,12282.673087033512,13359.094619205225,11327.054561548777,26.418403356585888
0.0004970703125,9.900390625e-09,363281250.0,6455078.125,9.719662732981155e-05,0.0005301617291036864,0.00010581150592169539,11719.313383024506,16407.2076559696,8415.772787206271,24.56359659694767
0.0005681640625,4.7416015624999996e-08,363281250.0,6455078.125,0.00010356388870611243,0.0005883124736341424,0.00011112747208563639,12486.892716610642,13580.780930212564,11528.121188733947,23.4143908653214
0.0005681640625,9.900390625e-09,497656250.0,6455078.125,0.00010236070242900735,0.0005853402340659032,0.00011132934770146893,12330.101480441437,17245.05730509576,8821.658567756844,22.577156624797503
0.0005681640625,9.900390625e-09,363281250.0,47416015.625,7.34280829552882e-05,0.0003839056648009136,8.310738855574968e-05,9085.937408723477,12619.301101239758,6571.8973913642485,126.1209789907327
0.0005681640625,9.900390625e-09,363281250.0,6455078.125,0.00010059263640196798,0.0005430984463445788,0.00010912242896396766,12130.597221207041,16961.36825638707,8716.181779994586,20.404201684386585
0.0004158203125,1.478515625e-09,272656250.0,32103515.625,6.811156549224499e-05,0.000311431683508301,7.857042082805571e-05,8395.548416770753,20519.47803205211,4427.726790067834,278.4304774595259
0.0014619140625,1.478515625e-09,272656250.0,32103515.625,0.00010772654993639256,0.000460771429478321,0.0001158707083668972,13306.88588943471,30862.76583912757,7043.426008514702,584.3515537133169
0.0004158203125,6.837890624999999e-09,272656250.0,32103515.625,7.251958342268914e-05,0.00034888897305352133,8.171294627445944e-05,8910.085718475471,13864.441579504064,5831.642669464275,149.79284238601574
0.0004158203125,1.478515625e-09,288281250.0,32103515.625,6.87272452181992e-05,0.0003154034410830852,7.912990419188016e-05,8466.436888729355,20716.5553941004,4458.799078524846,279.44312394483165
0.0004158203125,1.478515625e-09,272656250.0,15642578.125,7.945210490813677e-05,0.0003651026561928589,8.828218253366474e-05,9670.6837922409,23804.158102863796,5026.003502744406,319.85713965158754
0.0004158203125,6.837890624999999e-09,288281250.0,15642578.125,8.358644739072532e-05,0.0004193101161243545,9.213529585757208e-05,10153.406043121862,15860.97573477571,6604.861127749958,89.10779669861024
0.0014619140625,1.478515625e-09,288281250.0,15642578.125,0.00012512665135213367,0.0005487938955883075,0.00013239253720350813,15265.063845087237,36196.76266081857,7967.268513229018,1000.4402068890292
0.0014619140625,6.837890624999999e-09,272656250.0,15642578.125,0.0001281516177215564,0.0005741307010192211,0.0001355147774946216,15613.945240582274,23905.531830455133,10262.342832550545,159.88712914146197
0.0014619140625,6.837890624999999e-09,288281250.0,32103515.625,0.00011294335716606478,0.000496329718494032,0.00012096693722595663,13909.53506399703,21123.49493663765,9206.882490868236,72.91725278378654
0.0014619140625,6.837890624999999e-09,288281250.0,15642578.125,0.00012870447422656868,0.0005815190882835351,0.00013611744570423431,15678.322714412288,24012.20811524117,10295.544933207637,164.75305165871427
0.0010658203125,2.5978515624999997e-08,472656250.0,7603515.625,0.00012322867615421242,0.0006965960823159798,0.00013076005460969936,14893.830011313086,17136.530803925973,12932.80965792878,60.95161559376385
0.0008119140624999999,2.5978515624999997e-08,472656250.0,7603515.625,0.00011227684902587794,0.0006547418876759753,0.00011997176201872974,13559.57316522246,15616.63066483513,11764.502289648754,22.593492161848832
0.0010658203125,3.1337890625e-08,472656250.0,7603515.625,0.00012298537895431169,0.0006957333096418114,0.00013037362239266462,14866.694441107153,16731.402562628882,13209.099241258747,66.59232530204625
0.0010658203125,2.5978515624999997e-08,488281250.0,7603515.625,0.0001233957231887936,0.0007020800976319844,0.00013088006290011642,14912.542802980037,17153.047934417595,12948.75229247946,62.61287460291215
0.0010658203125,2.5978515624999997e-08,472656250.0,40142578.125,9.900569720633077e-05,0.0005723062333634253,0.00010765831849337247,12200.451624649208,13996.392445751062,10614.556815191505,12.01451392991383
0.0010658203125,3.1337890625e-08,488281250.0,40142578.125,9.94877896363423e-05,0.0005795038382875871,0.00010795521897440265,12262.833890951595,13764.265381660976,10911.517261579484,15.68904876817142
0.0008119140624999999,2.5978515624999997e-08,488281250.0,40142578.125,9.028165119077601e-05,0.000543022288652085,9.912719508429322e-05,11112.86991928263,12767.460462250921,9655.33521078121,30.417933019354688
0.0008119140624999999,3.1337890625e-08,472656250.0,40142578.125,9.065953554190364e-05,0.0005420508247756527,9.929494479544026e-05,11163.248742268668,12547.76464041449,9925.791001704716,31.64397254132053
0.0008119140624999999,3.1337890625e-08,488281250.0,7603515.625,0.00011245212600928364,0.0006605087059528992,0.00011998420642659886,13581.578577380451,15302.510767151456,12056.62221161191,28.799205893253475
0.0008119140624999999,3.1337890625e-08,488281250.0,40142578.125,9.080812413182362e-05,0.0005468435063594752,9.945241432059572e-05,11180.175914794192,12569.237240562661,9938.66338928283,31.388083890074476
0.0013908203125000001,1.3728515625e-08,172656250.0,44353515.625,9.772691318232147e-05,0.0004234491701485963,0.00010589348438205141,12166.477376060297,15426.329279874053,9631.472938365512,7.75483045686817
0.00048691406250000004,1.3728515625e-08,172656250.0,44353515.625,6.77894400638457e-05,0.000325188073004541,7.705437811053869e-05,8415.07235712156,10829.12241998002,6612.708965280233,172.71972203581487
0.0013908203125000001,4.3587890625e-08,172656250.0,44353515.625,0.00010034150896300388,0.0004753578001044037,0.00010790656264775333,12519.301142333836,13635.123964655373,11543.383030844578,19.33988721295928
0.0013908203125000001,1.3728515625e-08,188281250.0,44353515.625,9.872409005306227e-05,0.00043532359559221,0.00010693600955717934,12280.092207834467,15572.192201301117,9706.57661972254,5.890583358414656
0.0013908203125000001,1.3728515625e-08,172656250.0,27892578.125,0.00010983427486370552,0.0004958269701964289,0.00011722820029211073,13524.018358478703,17260.381748773107,10652.037768712376,5.185891314919973
0.0013908203125000001,4.3587890625e-08,188281250.0,27892578.125,0.00011199388256953413,0.0005397263747897863,0.00011939771574517025,13806.570996960783,15065.590859408723,12715.40812818917,31.468134081978597
0.00048691406250000004,1.3728515625e-08,188281250.0,27892578.125,7.735063911251657e-05,0.00039549826809880286,8.583798377245602e-05,9490.36950048038,12261.879178725832,7423.358897006082,95.9791072765871
0.00048691406250000004,4.3587890625e-08,172656250.0,27892578.125,8.180387149164296e-05,0.0004329499359475558,8.965571945585138e-05,10037.262461671857,11007.631261535886,9225.107369890478,73.58913609004895
0.00048691406250000004,4.3587890625e-08,188281250.0,44353515.625,7.42202565058032e-05,0.0003948015337341008,8.280770652851437e-05,9197.994494871687,10060.206495105358,8458.699424138185,119.08555373744062
0.00048691406250000004,4.3587890625e-08,188281250.0,27892578.125,8.241863754748142e-05,0.0004406452439469241,9.008751042025232e-05,10107.13324704267,11078.544459254746,9292.016809082972,70.29477568533655
0.0007408203124999999,3.8228515625e-08,372656250.0,19853515.625,9.951945508258748e-05,0.000569701497710397,0.0001074327158781886,12122.094839176501,13396.698289374159,10998.109341178924,19.58035621334879
0.0011369140625,3.8228515625e-08,372656250.0,19853515.625,0.00011408788647361833,0.0006247367992387308,0.00012171563146966979,13921.695708017945,15354.54202890489,12644.478738197482,36.155228738797746
0.0007408203124999999,1.9087890625e-08,372656250.0,19853515.625,9.814101123322195e-05,0.0005546233126549723,0.00010653500628620918,11948.404479841878,14413.167255051263,9927.510165886279,9.16511436988912
0.0007408203124999999,3.8228515625e-08,388281250.0,19853515.625,9.970255441415074e-05,0.0005733080696077113,0.00010757311541954783,12143.003338319004,13416.603192574525,11012.931276720195,19.666746452520847
0.0007408203124999999,3.8228515625e-08,372656250.0,3392578.125,0.00011684353545884521,0.0006463713299346839,0.00012427538720556457,14000.598833896127,15483.547790615967,12690.776629556909,40.827767548905854
0.0007408203124999999,1.9087890625e-08,388281250.0,3392578.125,0.0001172192010980026,0.000645408356888028,0.0001253132298163921,14041.799963673311,16969.50970798672,11640.215442419452,23.42134977386782
0.0011369140625,3.8228515625e-08,388281250.0,3392578.125,0.00013417916131539792,0.0007156649072158579,0.00014129738561231202,16095.1846290871,17766.655390932254,14597.778746149346,136.37838654807607
0.0011369140625,1.9087890625e-08,372656250.0,3392578.125,0.00013603823840255323,0.0007088480404227255,0.00014368820666093543,16312.431123091015,19658.95087507018,13538.634126856263,119.66078338493192
0.0011369140625,1.9087890625e-08,388281250.0,19853515.625,0.00011431964571699437,0.000620199625843809,0.0001224443474281071,13933.792301443002,16753.35826846734,11596.851475314757,17.599812822194718
0.0011369140625,1.9087890625e-08,388281250.0,3392578.125,0.0001362618620052775,0.0007159514879532566,0.0001439964502199559,16337.98754860356,19688.502471236076,13569.819019776016,122.87238327627185
0.0005783203125,1.9853515624999997e-08,422656250.0,13728515.625,9.648895210946398e-05,0.000567948719645512,0.00010478367035978017,11692.953937861384,14034.672466828993,9751.364619796519,14.467550845299119
0.0009744140624999999,1.9853515624999997e-08,422656250.0,13728515.625,0.00011325361901552171,0.0006335735955556009,0.00012125518390406615,13741.732740676896,16443.366764751354,11481.639438625687,16.662736485255387
0.0005783203125,1.2962890625e-08,422656250.0,13728515.625,9.565133683136737e-05,0.0005494498208068062,0.00010434790917219282,11592.541145527966,15134.633454992421,8886.745100896112,17.319684787880572
0.0005783203125,1.9853515624999997e-08,138281250.0,13728515.625,8.986541562683374e-05,0.00044820087962187154,9.717742244077127e-05,10929.287303871823,13188.413916824351,9164.678961651623,30.796345804040225
0.0005783203125,1.9853515624999997e-08,422656250.0,34017578.125,8.367052604673256e-05,0.0005006235938282922,9.276343255765096e-05,10260.547860434413,12291.952969256232,8564.493872897194,55.93426802510503
0.0005783203125,1.2962890625e-08,138281250.0,34017578.125,7.401119384116513e-05,0.00034738005236419203,8.253147017028565e-05,9146.363413382534,11933.190127175225,7101.862306418059,121.33385772494601
0.0009744140624999999,1.9853515624999997e-08,138281250.0,34017578.125,8.929984544424625e-05,0.00041905062566997175,9.719441213754247e-05,11044.324205400222,13223.887090624032,9307.73168712084,30.362621637089813
0.0009744140624999999,1.2962890625e-08,422656250.0,34017578.125,9.758711444645847e-05,0.0005327136550822791,0.0001064663895665727,11984.3936854415,15508.963091621423,9237.342163036275,9.8309992280249
0.0009744140624999999,1.2962890625e-08,138281250.0,13728515.625,0.00010440882328865241,0.00047985682032295135,0.00011124616785527033,12719.904407277334,16583.254090596776,9861.422653617437,3.4949440863299723
0.0009744140624999999,1.2962890625e-08,138281250.0,34017578.125,8.771698269718977e-05,0.0003912687124343535,9.571859148894992e-05,10854.798021173332,14060.49421900955,8457.371932482749,39.07410366354982
0.0012283203125,4.4353515625e-08,222656250.0,38228515.625,0.00010141593934780067,0.0005085294518915943,0.00010887052005193422,12566.16514411949,13677.418544088267,11588.833964850352,19.17686535514577
0.0003244140625,4.4353515625e-08,222656250.0,38228515.625,7.312356182832845e-05,0.00041033596713290973,8.1785121267247e-05,9006.460027460935,9852.943351156047,8280.37194854362,128.3747937043298
0.0012283203125,3.7462890624999996e-08,222656250.0,38228515.625,0.00010116288361161055,0.000506548548442889,0.00010874839004996873,12523.971768519954,13820.416951368183,11384.458788661566,15.4498714311601
0.0012283203125,4.4353515625e-08,338281250.0,38228515.625,0.0001043304520669768,0.000559267955502505,0.00011240362631580854,12895.981228828456,14033.547384260075,11877.642019083754,21.370746390659868
0.0012283203125,4.4353515625e-08,222656250.0,9517578.125,0.00012325094534233508,0.0006079039166618757,0.00013036280671624063,14967.438197516956,16336.652236816175,13779.239839326516,71.53084650533012
0.0012283203125,3.7462890624999996e-08,338281250.0,9517578.125,0.00012586858799508758,0.0006635585174485378,0.00013270171676805446,15262.672670556149,16870.947747410584,13838.670318713408,84.10198022854543
0.0003244140625,4.4353515625e-08,338281250.0,9517578.125,9.067054422686358e-05,0.0005314037047114567,9.84165659216077e-05,10955.100135478488,11989.683054891764,10056.424098068908,40.312257795955645
0.0003244140625,3.7462890624999996e-08,222656250.0,9517578.125,8.83849615078083e-05,0.0004885309506500645,9.572807318850075e-05,10685.899123117313,11895.708685149102,9674.964614277882,44.93308973413865
0.0003244140625,3.7462890624999996e-08,338281250.0,38228515.625,7.427460468733368e-05,0.00044697124649058234,8.299797801353511e-05,9126.2131881899,10118.176632017501,8255.541485028174,118.21426853536788
0.0003244140625,3.7462890624999996e-08,338281250.0,9517578.125,8.99549228075782e-05,0.0005294095812150019,9.780877058804531e-05,10867.677576299326,12070.496642945513,9826.514464214386,40.32111774455763
0.0009033203124999999,7.603515625e-09,322656250.0,1478515.625,0.00013004514809714725,0.000626167934401641,0.00013782622874992703,15523.388512876589,23331.886248895276,10366.975343173699,145.66001358441642
0.0006494140625,7.603515625e-09,322656250.0,1478515.625,0.00011640551936573439,0.0005759258847573971,0.00012456122341933596,13891.82556024925,20960.00184218611,9260.18218789973,72.42809657962361
0.0009033203124999999,4.9712890625e-08,322656250.0,1478515.625,0.00012736904985336678,0.0006637592632943196,0.00013409473290664975,15211.93396080845,16473.16357552982,14095.93379503889,93.62655110294205
0.0009033203124999999,7.603515625e-09,238281250.0,1478515.625,0.00012797360056048153,0.0005888788294337707,0.00013527777702425123,15281.94889210664,22993.975330373585,10233.892957476335,129.15269677705132
0.0009033203124999999,7.603515625e-09,322656250.0,21767578.125,0.00010065181617067634,0.0004916279406050383,0.00010889074085207273,12286.697804056974,18335.17123004602,8292.193866217933,39.36962144917578
0.0009033203124999999,4.9712890625e-08,238281250.0,21767578.125,0.00010214091886803084,0.0005317139530641093,0.0001091409434634679,12496.66326034515,13528.803947814573,11603.501563910273,21.503006439672966
0.0006494140625,7.603515625e-09,238281250.0,21767578.125,8.778096684662003e-05,0.0004180741857458435,9.605180991244868e-05,10723.83572396864,16082.708504009917,7236.622288154988,63.04721198103893
0.0006494140625,4.9712890625e-08,322656250.0,21767578.125,9.510467315036676e-05,0.0005322345898194854,0.00010289687238235173,11604.27469811039,12566.183643263295,10761.18502124232,28.794122628962914
0.0006494140625,4.9712890625e-08,238281250.0,1478515.625,0.00011545696139549876,0.0005918350903485624,0.00012313813928047828,13782.820068976987,14956.65324191386,12776.672659500111,38.02623956587045
0.0006494140625,4.9712890625e-08,238281250.0,21767578.125,9.35662117907286e-05,0.0005010592610643635,0.00010077879835999467,11429.629763365172,12383.617517430876,10607.464675626803,31.222156493142073
0.0002533203125,3.2103515625e-08,122656250.0,25978515.625,7.071582885711886e-05,0.0003731402907177954,7.901327774614615e-05,8672.825339758154,9836.111266168431,7751.135056825979,148.7847579331546
0.0012994140625,3.2103515625e-08,122656250.0,25978515.625,0.0001060005727669098,0.0004843430222328848,0.00011290271156348294,13068.527417665542,14658.832965734426,11727.057824008789,13.035736573841575
0.0002533203125,2.5212890624999996e-08,122656250.0,25978515.625,6.928429565136522e-05,0.0003653341594211411,7.758610951475138e-05,8500.128479630534,9940.683731322819,7377.583228091934,159.80593259788157
0.0002533203125,3.2103515625e-08,438281250.0,25978515.625,7.786118840854647e-05,0.0004972564180877973,8.636985436492807e-05,9489.314446826646,10693.838900568911,8437.191905100843,95.33004439142215
0.0002533203125,3.2103515625e-08,122656250.0,46267578.125,6.128791085949476e-05,0.0003116481328078056,7.050555619665791e-05,7621.751494921804,8613.320405468665,6817.377306364928,237.77653548239022
0.0002533203125,2.5212890624999996e-08,438281250.0,46267578.125,6.735117483286584e-05,0.0004310380412843272,7.695649208338679e-05,8300.762525452481,9624.413099967303,7170.179994707528,171.38644278834198
0.0012994140625,3.2103515625e-08,438281250.0,46267578.125,0.00010318095830171183,0.0005748412464047569,0.00011162594402529526,12781.705281852383,14288.600313835363,11418.391233107732,14.320578966097084
0.0012994140625,2.5212890624999996e-08,122656250.0,46267578.125,9.163070168613329e-05,0.0004018150497768202,9.974630000176638e-05,11457.664091582445,13178.670656288754,10024.879093942223,25.369778824996764
0.0012994140625,2.5212890624999996e-08,438281250.0,25978515.625,0.00011650076116625188,0.0006427472720369241,0.00012443030063158926,14256.97109392252,16416.780821942408,12361.393394506587,32.711957718466145
0.0012994140625,2.5212890624999996e-08,438281250.0,46267578.125,0.00010289398060184883,0.0005699227373331073,0.00011158988949179255,12738.103329630889,14636.863117978097,11060.074102435892,8.564753518436476
0.0002736328125,2.2150390624999997e-08,228906250.0,48181640.625,6.317201889083231e-05,0.0003521243290992763,7.298371500421164e-05,7828.006949094224,9268.407735186636,6658.608495695767,214.20719888912703
0.00022285156250000001,2.2150390624999997e-08,228906250.0,48181640.625,6.149410617085968e-05,0.00034574219397763084,7.137806262885449e-05,7618.538371399518,9029.859887870758,6477.600872899607,232.1547180501979
0.0002736328125,1.8322265624999998e-08,228906250.0,48181640.625,6.225493210955884e-05,0.00034093308021566546,7.208138739077516e-05,7717.294692186468,9429.921207357787,6373.033839854001,224.07992389305804
0.0002736328125,2.2150390624999997e-08,219531250.0,48181640.625,6.291268311202259e-05,0.00034783995015874234,7.272013027951631e-05,7798.550797520183,9235.56820403404,6635.695807270347,217.06963124412732
0.0002736328125,2.2150390624999997e-08,228906250.0,39376953.125,6.699331259602876e-05,0.0003793889919571756,7.639906077846234e-05,8257.75877330725,9784.897404656313,7019.6298571698335,177.24136704239214
0.0002736328125,1.8322265624999998e-08,219531250.0,39376953.125,6.580043282561e-05,0.000365295109066993,7.529387002212998e-05,8115.756053858027,9929.158128582389,6695.920527530195,188.6692443222844
0.00022285156250000001,2.2150390624999997e-08,219531250.0,39376953.125,6.497260999860168e-05,0.00036844208554859866,7.442569620943007e-05,8009.378213923142,9501.533447022844,6807.643983985869,197.04286399272604
0.00022285156250000001,1.8322265624999998e-08,228906250.0,39376953.125,6.427293927890441e-05,0.000363450954585888,7.387977523340262e-05,7923.8206828246775,9704.61395798827,6537.326567457662,203.48246286107286
0.00022285156250000001,1.8322265624999998e-08,219531250.0,48181640.625,6.0287257451472346e-05,0.0003301065763379299,7.018887985350445e-05,7474.582604258932,9146.522987470467,6170.43970028808,245.97769006200525
0.00022285156250000001,1.8322265624999998e-08,219531250.0,39376953.125,6.401231716129837e-05,0.00035906721742165617,7.359419623578791e-05,7893.798116364704,9669.283198314793,6511.217431949953,206.48256696307146
0.0009236328125,4.6650390625e-08,428906250.0,23681640.625,0.00010451095026430293,0.0005962840463920226,0.00011207727054623212,12774.089638382715,13876.601109869533,11789.200640351815,24.36937301072896
0.0008728515624999999,4.6650390625e-08,428906250.0,23681640.625,0.00010274453340577454,0.0005895422461893499,0.00011032884248228744,12554.842329712797,13640.682174845817,11585.203292572705,23.432664501447782
0.0009236328125,4.2822265624999995e-08,428906250.0,23681640.625,0.00010442208063801188,0.0005988674001079197,0.00011204770017292618,12758.856307453807,13949.186059923424,11695.401389432196,22.62293724991844
0.0009236328125,4.6650390625e-08,419531250.0,23681640.625,0.00010441241749760031,0.0005932669297288553,0.00011202723317802239,12762.952215307485,13865.43680462558,11777.751395962658,24.035009282332755
0.0009236328125,4.6650390625e-08,428906250.0,14876953.125,0.00011047547260954849,0.0006281171848881624,0.0001179569600355505,13429.991309036037,14594.911598145223,12390.480680684863,33.459650318345055
0.0009236328125,4.2822265624999995e-08,419531250.0,14876953.125,0.00011039778181102,0.0006269915154263343,0.00011795384692673411,13417.178283055455,14675.68443320575,12294.870445256962,30.867968523054547
0.0008728515624999999,4.6650390625e-08,419531250.0,14876953.125,0.00010853153371920449,0.0006180906477166656,0.00011606599308120578,13190.84001000295,14337.367986850239,12170.92425381195,29.380427844700503
0.0008728515624999999,4.2822265624999995e-08,428906250.0,14876953.125,0.00010858428038814928,0.0006219670375895053,0.00011611433673541937,13193.226775329449,14432.633028992797,12086.051515788262,27.61349268795356
0.0008728515624999999,4.2822265624999995e-08,419531250.0,23681640.625,0.00010252707477695754,0.0005887035957749247,0.00011021637689125134,12524.645112583208,13696.082081979432,11478.282509123404,21.539604632353353
0.0008728515624999999,4.2822265624999995e-08,419531250.0,14876953.125,0.00010849962390072823,0.0006195195868240709,0.00011607089518611957,13183.784133328509,14422.291219346269,12079.204634420877,27.269724832082503
0.0012486328125,9.900390625e-09,128906250.0,35931640.625,9.37180274167575e-05,0.00037839007759590153,0.0001016357285932131,11639.35082900204,15938.76556498433,8575.390476159562,27.74490583909624
0.0011978515625000001,9.900390625e-09,128906250.0,35931640.625,9.201482853658127e-05,0.00037292008359816854,9.999224342401074e-05,11425.886478031263,15658.99094560201,8414.195378251958,32.481420585706566
0.0012486328125,3.0572265624999995e-08,128906250.0,35931640.625,9.754275228950812e-05,0.0004494677813288656,0.00010521231150502128,12105.005213409071,13650.189939656342,10806.295102793754,14.751384342295612
0.0012486328125,9.900390625e-09,119531250.0,35931640.625,9.268340179657097e-05,0.00036847804204885164,0.00010060775692564912,11521.028129985589,15766.569615916133,8503.806520898017,30.77012417099343
0.0012486328125,9.900390625e-09,128906250.0,2626953.125,0.00013371295341406511,0.0005759388368128407,0.00013956446536096236,16072.100551150683,22376.609956095224,11657.606197706076,120.21339754065598
0.0012486328125,3.0572265624999995e-08,119531250.0,2626953.125,0.0001329253541523856,0.0005885028846847071,0.0001376773573553949,15976.640850400168,18026.422829279127,14233.545851442981,103.3423083670301
0.0011978515625000001,9.900390625e-09,119531250.0,2626953.125,0.00013011643346444272,0.0005595411396411686,0.00013587547490805733,15645.91786824365,21801.89111500374,11358.828011251104,96.47031365609426
0.0011978515625000001,3.0572265624999995e-08,128906250.0,2626953.125,0.00013173260985166517,0.0005901494637274805,0.00013677492125587707,15823.578404807666,17859.64142732251,14090.192494380917,95.26780748029839
0.0011978515625000001,3.0572265624999995e-08,119531250.0,35931640.625,9.512876835724407e-05,0.000436119953433844,0.00010283832764407376,11810.613175065653,13321.846967342757,10546.098686013436,19.06687982098917
0.0011978515625000001,3.0572265624999995e-08,119531250.0,2626953.125,0.0001307801950174396,0.0005816427629170482,0.00013557287697641223,15716.00779238263,17737.813025909087,13998.067737709041,89.19666531164951
0.0005986328125,3.4400390625e-08,328906250.0,11431640.625,9.924306978384126e-05,0.0005607054139940646,0.0001068574177641939,12018.404219894495,13433.16391878061,10787.09558496827,17.67429206978117
0.0005478515624999999,3.4400390625e-08,328906250.0,11431640.625,9.721544909237448e-05,0.0005528443277352421,0.00010488294305109753,11770.518305844127,13161.295195654076,10562.403049487999,20.3419083587947
0.0005986328125,6.072265625e-09,328906250.0,11431640.625,9.574149988727409e-05,0.00047028535081580856,0.00010402282778105822,11597.674028846766,18751.54276040655,7300.770792865531,74.08698918528518
0.0005986328125,3.4400390625e-08,319531250.0,11431640.625,9.91284401712964e-05,0.0005582827562216641,0.00010669509817067955,12005.373123471483,13416.593708768321,10778.905541471564,17.712087874900035
0.0005986328125,3.4400390625e-08,328906250.0,27126953.125,8.893161989352612e-05,0.0005108598288194802,9.723411090342187e-05,10875.265696338385,12146.42091942196,9764.767320916317,39.31738119171135
0.0005986328125,6.072265625e-09,319531250.0,27126953.125,8.361656628955281e-05,0.00040048149432586144,9.249933175778008e-05,10237.175166612296,16471.869886641856,6485.043726604013,96.35093232152309
0.0005478515624999999,3.4400390625e-08,319531250.0,27126953.125,8.696259467532946e-05,0.0005002387376388655,9.531282946347982e-05,10633.115350305738,11880.61281611403,9546.787176802743,46.82892056299123
0.0005478515624999999,6.072265625e-09,328906250.0,27126953.125,8.1768750511112e-05,0.0003968115130657437,9.074545488067977e-05,10008.266683750688,16132.90763076912,6331.022151253757,103.89665473418152
0.0005478515624999999,6.072265625e-09,319531250.0,11431640.625,9.324542932549602e-05,0.0004585551825848888,0.00010156180608517025,11294.746136611446,18284.145865049195,7106.477405645694,76.27786479218521
0.0005478515624999999,6.072265625e-09,319531250.0,27126953.125,8.156114075737188e-05,0.00039316812779190347,9.051768751168116e-05,9984.143851693247,16091.609253834707,6319.882882923183,104.84555269173205
0.0007611328125,3.775390625e-09,478906250.0,5306640.625,0.00011277524842442782,0.0005442916084315207,0.0001214012350626031,13569.750148348228,25844.226579811904,7569.335681344576,277.06253825940826
0.0007103515624999999,3.775390625e-09,478906250.0,5306640.625,0.00011020074900242362,0.000534141066395986,0.00011888489241093902,13259.161260725143,25287.285221078666,7392.566262742575,256.7283323383353
0.0007611328125,2.4447265624999998e-08,478906250.0,5306640.625,0.00011468367536785817,0.0006668171429247276,0.0001225340284521837,13785.275865023583,16017.520671486465,11852.812619366492,26.23497222703461
0.0007611328125,3.775390625e-09,169531250.0,5306640.625,0.00010323793032071482,0.00043189003561632525,0.00010998235038099164,12476.365124425538,23606.016316791145,7036.752023419357,203.25022808141802
0.0007611328125,3.775390625e-09,478906250.0,8751953.125,0.00010723722072492514,0.0005180864438116792,0.00011573242651215134,12955.484389047206,24649.805182320015,7254.109368859167,233.6127444259731
0.0007611328125,2.4447265624999998e-08,169531250.0,8751953.125,0.0001039968049745608,0.0005176306361106269,0.00011101185365070196,12594.640079308168,14687.050810015218,10893.784955753983,5.272235173308815
0.0007103515624999999,3.775390625e-09,169531250.0,8751953.125,9.654734289987364e-05,0.00040127945033270883,0.00010360489629289359,11707.428718315974,22108.87592926676,6613.212087890096,174.5016972653859
0.0007103515624999999,2.4447265624999998e-08,478906250.0,8751953.125,0.00010673000659420481,0.0006321461887325382,0.00011453595264123239,12898.437395247594,14986.520011302657,11096.922470762831,13.37863760284374
0.0007103515624999999,2.4447265624999998e-08,169531250.0,5306640.625,0.00010561305672514363,0.000525008666660971,0.00011260587784053245,12747.019551022217,14866.691719520808,11019.416701935475,5.227932258226098
0.0007103515624999999,2.4447265624999998e-08,169531250.0,8751953.125,0.00010189982092837483,0.0005110133476170905,0.00010895741461803272,12339.055104698411,14397.889342586495,10669.563443319834,6.297438334489778
0.0014111328125,2.8275390624999998e-08,278906250.0,29806640.625,0.0001146715583858619,0.0005825942485399925,0.00012222334516500484,14100.484323117766,16009.913317540593,12436.56276441791,26.586222996925162
0.0013603515625,2.8275390624999998e-08,278906250.0,29806640.625,0.0001128838287655199,0.0005764467898299128,0.00012048947729710439,13878.01348994454,15761.924087952339,12237.695156069403,21.624073635605406
0.0014111328125,4.8947265625e-08,278906250.0,29806640.625,0.0001144037544451628,0.0005825060036165452,0.00012150966275604237,14101.22833716893,15237.501462054168,13094.698230969047,44.05331580225167
0.0014111328125,2.8275390624999998e-08,369531250.0,29806640.625,0.00011664617117723311,0.0006223465164570134,0.0001246050433450788,14325.127146970475,16259.327468245863,12625.947700404302,35.67206025291956
0.0014111328125,2.8275390624999998e-08,278906250.0,33251953.125,0.00011211636346195347,0.0005696221432333339,0.00011986774997869878,13816.566592222349,15682.145098900726,12187.988051634167,20.0732734158227
0.0014111328125,4.8947265625e-08,369531250.0,33251953.125,0.0001138241967656766,0.0006076789571642807,0.00012155740557217022,14043.899349773785,15173.203552456536,13034.83259810336,44.72492063204792
0.0013603515625,2.8275390624999998e-08,369531250.0,33251953.125,0.00011235534607703453,0.0006029816823946632,0.0001204420223113231,13823.288012006913,15689.044776817951,12178.36276826807,22.738591538699787
0.0013603515625,4.8947265625e-08,278906250.0,33251953.125,0.00011045022572090701,0.0005651588565317026,0.00011781632500860915,13641.116340361925,14737.461596173976,12665.555721938492,32.78941616803531
0.0013603515625,4.8947265625e-08,369531250.0,29806640.625,0.00011446952138695235,0.0006136778100052125,0.00012213996622621035,14088.39625918525,15228.237260623539,13064.115686110013,46.207770807064335
0.0013603515625,4.8947265625e-08,369531250.0,33251953.125,0.00011219327138787303,0.0006016001749064447,0.00011995303978420686,13838.783841093535,14953.441957653895,12843.551760759325,39.44006051936781
0.0010861328125,1.6025390624999997e-08,378906250.0,17556640.625,0.00011394798901200912,0.0006116656188558338,0.00012217962667455007,13867.471193258178,17220.49413281813,11180.357649606429,14.647430920440371
0.0010353515625,1.6025390624999997e-08,378906250.0,17556640.625,0.00011184737960381305,0.0006038477315292552,0.00012010883703539147,13609.613715503841,16907.16798691862,10970.401995647826,10.242960416652247
0.0010861328125,3.6697265625e-08,378906250.0,17556640.625,0.00011406721364881705,0.0006286445198650582,0.00012168904720943397,13893.37707718642,15383.984138742433,12569.268074463273,34.810833947893336
0.0010861328125,1.6025390624999997e-08,269531250.0,17556640.625,0.00011178311034577616,0.0005655781268696504,0.000119387605015468,13618.245665062286,16921.09498397787,11002.980807088074,7.322932653532111
0.0010861328125,1.6025390624999997e-08,378906250.0,45501953.125,9.431791456374255e-05,0.0005034553371508398,0.00010329879905025206,11667.549374911527,14410.296385622145,9431.401840010238,12.531094429335445
0.0010861328125,3.6697265625e-08,269531250.0,45501953.125,9.381699352475098e-05,0.0004919662441782878,0.00010229016453175585,11643.383531165096,12869.67137599388,10554.657379442828,23.475105492511496
0.0010353515625,1.6025390624999997e-08,269531250.0,45501953.125,9.00003866419493e-05,0.00045053108366001647,9.886190396155727e-05,11156.142457092441,13787.611118170355,9034.406030767708,25.561373835832967
0.0010353515625,3.6697265625e-08,378906250.0,45501953.125,9.444482576519557e-05,0.0005285379696770224,0.00010284549469218666,11694.283713765335,12921.338374213547,10592.240292486009,23.02325357813767
0.0010353515625,3.6697265625e-08,269531250.0,17556640.625,0.00011038652729539903,0.0005770042689528779,0.00011736077872006985,13456.200431876417,14915.047673650213,12188.158473666464,22.580589339932985
0.0010353515625,3.6697265625e-08,269531250.0,45501953.125,9.223018666736818e-05,0.00048644282539827763,0.00010075378827578506,11443.061296294949,12651.025738492353,10371.344116625934,27.199489200654035
0.0004361328125,4.0525390625e-08,178906250.0,42056640.625,7.29195147666024e-05,0.0003891002504970481,8.143249301460393e-05,9023.057019438394,9938.048661812833,8244.510721199316,129.00454730862035
0.0003853515625,4.0525390625e-08,178906250.0,42056640.625,7.135088615061324e-05,0.0003836705252500485,7.994917234051448e-05,8825.68742154574,9724.798437702219,8062.213531895994,141.53452197407026
0.0004361328125,1.2197265624999999e-08,178906250.0,42056640.625,6.694287539509715e-05,0.0003217754877543028,7.620632087696353e-05,8296.035706392253,10980.116868250478,6347.191071001522,182.01708083388164
0.0004361328125,4.0525390625e-08,469531250.0,42056640.625,7.813712958985855e-05,0.00048791298586852377,8.690015511527338e-05,9614.828023802618,10572.464839635299,8758.14149519048,91.64111781492524
0.0004361328125,4.0525390625e-08,178906250.0,21001953.125,8.400518145025767e-05,0.0004482340771256533,9.182038668463685e-05,10252.926959419934,11326.222467663416,9364.48975657268,62.71306957177357
0.0004361328125,1.2197265624999999e-08,469531250.0,21001953.125,8.474766565494006e-05,0.0005082378981249377,9.399558396629645e-05,10309.89911197932,13676.309454089533,7786.791407576984,55.638019821580734
0.0003853515625,4.0525390625e-08,469531250.0,21001953.125,8.677700519886723e-05,0.0005406295196739302,9.473019608287599e-05,10552.51409481985,11618.735487184162,9611.995154578888,52.25387299665599
0.0003853515625,1.2197265624999999e-08,178906250.0,21001953.125,7.69697480836073e-05,0.000394425730838759,8.5231419983425e-05,9399.545569994862,12525.386151923683,7158.084074018095,101.12929962488155
0.0003853515625,1.2197265624999999e-08,469531250.0,42056640.625,7.131189537686733e-05,0.00042838973332183375,8.123049909674823e-05,8778.488898297537,11647.628402554976,6633.70274019033,138.58428068399442
0.0003853515625,1.2197265624999999e-08,469531250.0,21001953.125,8.259734501342078e-05,0.0004998259899080844,9.190322234184176e-05,10046.570904288415,13340.672772409835,7581.430071872296,66.70650902834426
0.0005173828125,1.2962890625e-08,353906250.0,26744140.625,8.334354677371267e-05,0.0004691828921112072,9.234289686465915e-05,10185.475346836894,13288.921980037641,7834.984562323079,59.79399867272961
0.0009541015625,1.2962890625e-08,353906250.0,26744140.625,0.00010066436127517938,0.0005335504291970224,0.00010919838123925723,12318.48410205334,15970.374178338061,9504.55537273104,5.966306375061401
0.0005173828125,3.0097656249999995e-09,353906250.0,26744140.625,7.9507686895917e-05,0.0003512864268546219,8.860154473735082e-05,9733.992744195735,19815.469087907153,5307.777213945223,196.7188615637668
0.0005173828125,1.2962890625e-08,194531250.0,26744140.625,7.927016072566735e-05,0.0004032876421240527,8.771524114365012e-05,9718.13852336629,12708.591565391065,7510.268884304101,83.93643988495698
0.0005173828125,1.2962890625e-08,353906250.0,11814453.125,9.366941118611902e-05,0.0005245663048343109,0.00010223248974619657,11340.497649776938,14832.894098811015,8699.82629930507,21.602160009218938
0.0005173828125,3.0097656249999995e-09,194531250.0,11814453.125,8.550665932913546e-05,0.00035982291048296836,9.324675636069265e-05,10388.857744479661,21161.739607918178,5651.517349135333,202.4428582409043
0.0009541015625,1.2962890625e-08,194531250.0,11814453.125,0.00010889239372415224,0.000522569827687156,0.00011604244775242182,13224.036005827114,17241.76646622127,10237.386173283627,5.3219765262332945
0.0009541015625,3.0097656249999995e-09,353906250.0,11814453.125,0.0001107245972323664,0.0004869717389615668,0.00011844492773398959,13432.007062547686,27116.884459743425,7302.561460621675,346.9533231882057
0.0009541015625,3.0097656249999995e-09,194531250.0,26744140.625,9.020462239242749e-05,0.00035910002304570375,9.820293226147733e-05,11109.162113193377,21935.387396774513,6145.064550915624,196.4939585083411
0.0009541015625,3.0097656249999995e-09,194531250.0,11814453.125,0.0001044355486327223,0.00043017973947419915,0.00011151875799066448,12703.817909438603,25509.927163331053,6936.869411886726,283.68936512345675
0.0011673828125,3.7462890624999996e-08,153906250.0,2244140.625,0.0001331377284226638,0.0006077398810690953,0.00013871951433161043,15962.41162761019,17645.47669837309,14491.167093481563,112.94293380867666
0.0003041015625,3.7462890624999996e-08,153906250.0,2244140.625,9.60563699333215e-05,0.0004895933933948578,0.00010306950331908118,11486.704434134885,12779.888559172921,10405.539332430539,24.5906197309363
0.0011673828125,2.7509765624999996e-08,153906250.0,2244140.625,0.00013401758011986244,0.0006107381063045075,0.0001397389212882146,16063.429833905964,18355.17032312764,14125.06478922329,105.51527243568742
0.0011673828125,3.7462890624999996e-08,394531250.0,2244140.625,0.00013880492074786044,0.0007355560789541015,0.00014589899740865306,16607.360065451117,18365.30622793713,15032.038929773282,171.2802051046593
0.0011673828125,3.7462890624999996e-08,153906250.0,36314453.125,9.705318044725145e-05,0.0004647411260130346,0.00010481204551259934,12030.577848571946,13301.021641706346,10945.427399332015,18.854336307489707
0.0011673828125,2.7509765624999996e-08,394531250.0,36314453.125,0.00010395771799639005,0.0005755782000759933,0.00011220842214112583,12799.462506309466,14578.527344717704,11232.509836754498,10.650293709127807
0.0003041015625,3.7462890624999996e-08,394531250.0,36314453.125,7.515575196349095e-05,0.0004676405852165525,8.381123293629058e-05,9217.465095109532,10219.279739527396,8332.878137850614,112.17993216300242
0.0003041015625,2.7509765624999996e-08,153906250.0,36314453.125,6.798059030539122e-05,0.000363885463928651,7.658196404151783e-05,8385.895059684575,9653.585062985192,7360.769197153986,169.94820944174515
0.0003041015625,2.7509765624999996e-08,394531250.0,2244140.625,9.928682052922643e-05,0.0005877233213749586,0.00010751539062190687,11852.565878748599,13615.028709338912,10338.890489049894,17.184465107212283
0.0003041015625,2.7509765624999996e-08,394531250.0,36314453.125,7.348421131565386e-05,0.0004585684507020655,8.251374024265863e-05,9013.644909433104,10333.235155212951,7879.755016056032,122.33148274429513
0.0014923828125,2.5212890624999996e-08,453906250.0,38994140.625,0.00011433136550617504,0.0006263432617621336,0.00012262733874191602,14104.127057804537,16205.797733939686,12247.667570808564,27.181345794780803
0.0006291015625,2.5212890624999996e-08,453906250.0,38994140.625,8.400207942698616e-05,0.0005107761206155255,9.298385099530955e-05,10328.345561884376,11931.767136592638,8933.629271152471,55.38619568809252
0.0014923828125,3.9759765625e-08,453906250.0,38994140.625,0.00011416043863797603,0.0006292573973516024,0.00012195327997799461,14107.801441946818,15464.65995453927,12879.010017363491,42.2079512310664
0.0014923828125,2.5212890624999996e-08,294531250.0,38994140.625,0.00011119626770422317,0.0005633922707707789,0.00011937914974151865,13747.661665964923,15803.753249061907,11961.303290321976,15.371781436955612
0.0014923828125,2.5212890624999996e-08,453906250.0,48564453.125,0.00010815985397973772,0.0005913157175208041,0.00011683976375172843,13414.241814987437,15396.510089919177,11666.495050219335,13.218594912320896
0.0014923828125,3.9759765625e-08,294531250.0,48564453.125,0.00010536904921387221,0.0005380504573954286,0.00011367926914174395,13127.658308096174,14380.610894021042,11998.08559144679,19.49078455533779
0.0006291015625,2.5212890624999996e-08,294531250.0,48564453.125,7.690794462671596e-05,0.0004277685614478928,8.616981809588582e-05,9528.667305777897,11007.255566321986,8263.353845376438,94.85723675526737
0.0006291015625,3.9759765625e-08,453906250.0,48564453.125,8.120775394057926e-05,0.0004924839144851826,9.00706580372268e-05,10042.20266654675,11042.374077581197,9140.905330647583,72.10843293800117
0.0006291015625,3.9759765625e-08,294531250.0,38994140.625,8.351942443908854e-05,0.00047080634950329045,9.213118976482854e-05,10294.855487188599,11334.21594430852,9385.652842376549,61.58392669641422
0.0006291015625,3.9759765625e-08,294531250.0,48564453.125,7.895045263903077e-05,0.0004424716834450879,8.785665738034758e-05,9786.440036413172,10764.109591567409,8926.62841103986,84.88069455185993
0.0008423828124999999,4.9712890625e-08,253906250.0,14494140.625,0.00010557591640753646,0.0005541076924900987,0.00011240940659867476,12844.74871309298,13914.992814056095,11917.275767980113,22.966667384685543
0.0012791015625,4.9712890625e-08,253906250.0,14494140.625,0.00012101484506964855,0.0006086279874557344,0.00012789006717642227,14756.505870584147,15962.142260915634,13701.70930969829,67.30221077289609
0.0008423828124999999,1.5259765625e-08,253906250.0,14494140.625,0.00010397037683217191,0.0005333265164661731,0.00011159067481114253,12633.181070691957,15895.834265391197,10082.987531086355,1.7494176808113724
0.0008423828124999999,4.9712890625e-08,494531250.0,14494140.625,0.00010827985287343809,0.000630963060715141,0.00011545692055826826,13153.832749620895,14235.037637390215,12185.85995917968,31.94965494663532
0.0008423828124999999,4.9712890625e-08,253906250.0,24064453.125,9.898652374242374e-05,0.0005224259194055005,0.00010619445256117562,12121.446400855755,13118.920690017318,11253.495986829075,22.802754186709034
0.0008423828124999999,1.5259765625e-08,494531250.0,24064453.125,0.00010022927138741073,0.0005824118548341371,0.00010912107929221427,12227.364243096195,15344.039569451203,9731.48879997635,7.508509346969335
0.0012791015625,4.9712890625e-08,494531250.0,24064453.125,0.00011709525581362845,0.0006610632676288632,0.0001243111361739042,14341.664657149593,15492.664849604827,13306.186237302796,59.813537630100235
0.0012791015625,1.5259765625e-08,253906250.0,24064453.125,0.00011316743508728935,0.000554469422279791,0.00012083785369851847,13858.569950859568,17334.232148518455,11100.96856781159,9.914669843029147
0.0012791015625,1.5259765625e-08,494531250.0,14494140.625,0.00012621704218184165,0.0006930721559310574,0.00013443947292999237,15330.03850321607,19189.395648820195,12204.668161571188,66.68597512134404
0.0012791015625,1.5259765625e-08,494531250.0,24064453.125,0.00011782335512137668,0.0006502325213763688,0.00012634145634336373,14392.038920905612,17992.861024933078,11486.84585816154,29.732883691480247
0.0006798828125,1.9087890625e-08,103906250.0,20619140.625,8.518280469180852e-05,0.0004053746685857198,9.250685274450902e-05,10443.25475588729,12666.190581616602,8738.070810552388,50.003067465466835
0.0014416015625,1.9087890625e-08,103906250.0,20619140.625,0.00011247025601510565,0.0004886339188896125,0.00011877845427650223,13829.59774728739,16610.88487841297,11604.351803983032,9.649645886646557
0.0006798828125,9.134765625e-09,103906250.0,20619140.625,8.17733605353709e-05,0.0003571013108001874,8.946846205537431e-05,10040.70800615996,14324.946745694986,7178.094662140662,80.62168380474542
0.0006798828125,1.9087890625e-08,244531250.0,20619140.625,9.272823294922542e-05,0.0004933356266810588,0.0001006484719896548,11309.063380135294,13669.993008690155,9409.826195967315,19.858618480769458
0.0006798828125,1.9087890625e-08,103906250.0,42439453.125,7.182530169499017e-05,0.0003211900620871028,8.056762567410082e-05,8952.518443978084,10801.220060547274,7513.161943052123,137.29593508747652
0.0006798828125,9.134765625e-09,244531250.0,42439453.125,7.67752195902756e-05,0.00035907517831120265,8.583907688212982e-05,9503.093227352894,13427.131980356657,6785.718569171073,106.91647704843533
0.0014416015625,1.9087890625e-08,244531250.0,42439453.125,0.0001051682334722712,0.0005070067486311193,0.00011343471109980403,13038.828038214577,15594.496629751271,10916.573260998268,1.7593348589153694
0.0014416015625,9.134765625e-09,103906250.0,42439453.125,9.220043661832014e-05,0.00032382986027780915,0.00010032022008808849,11545.95294059754,15907.74008764777,8531.010700915242,36.75906601330784
0.0014416015625,9.134765625e-09,244531250.0,20619140.625,0.00012149516647785548,0.0005537300128753841,0.00012890031227588784,14858.50901843642,20908.5994550022,10602.709472074583,64.05398992857228
0.0014416015625,9.134765625e-09,244531250.0,42439453.125,0.00010345073567559848,0.0004501890576992844,0.00011168286667993358,12832.187804123152,17874.34529612952,9213.955190252935,18.62536912094664
0.0013298828125000001,4.3587890625e-08,303906250.0,45119140.625,0.0001027260398958754,0.0005357830433594517,0.00011096178864593721,12765.441753110867,13897.189812572096,11747.122842339535,19.57822813580728
0.0007916015625,4.3587890625e-08,303906250.0,45119140.625,8.618981638778162e-05,0.00047665083091027885,9.480269754356286e-05,10674.915825567245,11645.827139709156,9809.456982002952,49.66138659346016
0.0013298828125000001,3.3634765625e-08,303906250.0,45119140.625,0.00010243050423523143,0.0005339083002012876,0.00011082185894698747,12710.563184716948,14147.88745904375,11428.144404476943,13.395444283037058
0.0013298828125000001,4.3587890625e-08,444531250.0,45119140.625,0.00010514404279544466,0.0005863956929531253,0.00011321101211095143,13038.883883543303,14192.373529224229,11988.238702814297,23.69367096845323
0.0013298828125000001,4.3587890625e-08,303906250.0,17939453.125,0.00012134105240436022,0.0006265819658569164,0.00012815729130525607,14816.844550338517,16161.582869253747,13621.486395484419,66.80456346130049
0.0013298828125000001,3.3634765625e-08,444531250.0,17939453.125,0.00012380555251851407,0.0006834818739452391,0.00013129798016990265,15088.362082956239,16829.95164359696,13528.706066260602,75.21115015449958
0.0007916015625,4.3587890625e-08,444531250.0,17939453.125,0.00010360389885680462,0.000602292006074097,0.00011111002498523943,12606.50592107709,13774.784182180145,11561.469585158908,22.9640168283944
0.0007916015625,3.3634765625e-08,303906250.0,17939453.125,0.00010156557175068592,0.0005560993908064877,0.00010916111097617349,12363.917724682551,13830.631167015421,11083.149491831742,14.446361699033606
0.0007916015625,3.3634765625e-08,444531250.0,45119140.625,8.733613364099269e-05,0.0005174036339270947,9.609058214975051e-05,10786.522826366358,12032.19982885002,9665.945643827325,42.81443966596261
0.0007916015625,3.3634765625e-08,444531250.0,17939453.125,0.00010325891968681365,0.000605655257044224,0.00011093456433630033,12557.490112694333,14038.442857352802,11245.032430828214,17.570736480121617
0.0010048828125,6.837890624999999e-09,203906250.0,8369140.625,0.00011398601471401529,0.0005106535412636323,0.00012109806088524294,13808.911865648846,21373.215108793767,9056.608430751938,81.68798937622165
0.0004666015625,6.837890624999999e-09,203906250.0,8369140.625,8.964557298310789e-05,0.00042562978337253396,9.740246995257916e-05,10844.344954779794,16971.260574682958,7072.630179242458,70.12268292222906
0.0010048828125,4.5884765625e-08,203906250.0,8369140.625,0.00011546659332073123,0.0005739197764576252,0.0001225620221822016,14000.04421741728,15252.327603613241,12925.930678260018,39.16229684379314
0.0010048828125,6.837890624999999e-09,144531250.0,8369140.625,0.00011033038785716302,0.00047557520282434337,0.00011703035034560795,13384.45078055089,20748.711179769114,8791.321249362785,70.4710096840733
0.0010048828125,6.837890624999999e-09,203906250.0,5689453.125,0.00011746315301432926,0.0005266554476979546,0.00012445138406305808,14196.023273344663,22003.392446650425,9305.137814787942,96.64232722726281
0.0010048828125,4.5884765625e-08,144531250.0,5689453.125,0.00011618435348234742,0.0005454440720787102,0.00012181625732030703,14065.655898640027,15301.578058984227,12993.876157739567,39.4296401040594
0.0004666015625,6.837890624999999e-09,144531250.0,5689453.125,8.9680274871866e-05,0.00040996118192951147,9.693187404271464e-05,10833.38215370385,17028.64156631619,7078.401561459902,71.41059792091347
0.0004666015625,4.5884765625e-08,203906250.0,5689453.125,9.765582419628343e-05,0.0005155372237171044,0.00010538088568469354,11777.806879225009,12876.31107415147,10862.049166729532,23.76598784515111
0.0004666015625,4.5884765625e-08,144531250.0,8369140.625,9.343942452893925e-05,0.000470837804714582,0.00010021878358899237,11308.026415343462,12347.19917096862,10436.7004389159,32.23278174080792
0.0004666015625,4.5884765625e-08,144531250.0,5689453.125,9.565653792678548e-05,0.00047842432742555143,0.00010227651632378244,11551.915899207606,12610.63846270508,10659.087320676454,27.514883756267544
0.0003548828125,3.1337890625e-08,403906250.0,32869140.625,7.770381373278981e-05,0.00048310932086104695,8.636610120068034e-05,9513.988518989088,10737.30944060799,8443.00870082049,94.34020110677329
0.0011166015625,3.1337890625e-08,403906250.0,32869140.625,0.00010466306823818139,0.0005849630654921042,0.00011270783605599302,12860.410663464167,14443.800833035279,11448.878901051401,14.374680033386541
0.0003548828125,2.1384765624999996e-08,403906250.0,32869140.625,7.597791513215382e-05,0.00046898428331730536,8.514061143382828e-05,9304.78335888233,11045.850993430888,7854.12970843305,103.3506331870752
0.0003548828125,3.1337890625e-08,344531250.0,32869140.625,7.69766394245103e-05,0.0004637418426147344,8.564761250383365e-05,9431.078493384388,10649.54099502704,8378.053747914328,98.91501884801409
0.0003548828125,3.1337890625e-08,403906250.0,30189453.125,7.903835961195786e-05,0.000490328659093602,8.759031859424359e-05,9662.834758094748,10905.794168955254,8575.926075437648,86.54585485425586
0.0003548828125,2.1384765624999996e-08,344531250.0,30189453.125,7.660921047155155e-05,0.0004602937520806303,8.559992003812658e-05,9373.72140380371,11138.763983656896,7909.510286158098,99.55440249766625
0.0011166015625,3.1337890625e-08,344531250.0,30189453.125,0.0001054852508177231,0.0005741765442480657,0.00011358353698353877,12949.174297905236,14552.785121551487,11538.670502012128,13.870303795772715
0.0011166015625,2.1384765624999996e-08,403906250.0,30189453.125,0.00010603828572836472,0.0005866075272034405,0.00011438669405738634,13002.036447575349,15333.339321596424,11008.78429774581,6.591931232788107
0.0011166015625,2.1384765624999996e-08,344531250.0,32869140.625,0.0001031855751692985,0.0005536118996376304,0.00011162164964792436,12680.770249954914,14954.15724664342,10748.595005725292,4.457060923914027
0.0011166015625,2.1384765624999996e-08,344531250.0,30189453.125,0.00010503536844012987,0.0005642777971467482,0.00011337715280621699,12887.772506640946,15205.571335485998,10926.037444194786,4.8388362354268875
0.0003142578125,5.306640624999999e-09,166406250.0,19087890.625,7.142682401214362e-05,0.0003109906126779628,7.988710971218182e-05,8727.378915815218,14851.998603281647,5345.956547332736,175.15879757796802
0.0005884765625,5.306640624999999e-09,166406250.0,19087890.625,8.2537150312158e-05,0.0003495820502324994,9.052875405815032e-05,10092.124358640367,16985.03077994882,6206.9076713257155,117.27081670002944
0.0003142578125,3.2103515625e-08,166406250.0,19087890.625,7.916276206255238e-05,0.00042836913345563354,8.708686196172166e-05,9645.598837539565,10923.199424607772,8613.123498144565,87.73115475633263
0.0003142578125,5.306640624999999e-09,407031250.0,19087890.625,7.804219070157601e-05,0.00040301524609172133,8.733027483068723e-05,9490.549945364437,16214.915044529202,5744.870179828112,133.73013790495756
0.0003142578125,5.306640624999999e-09,166406250.0,4158203.125,8.490192612412375e-05,0.00038496516799295345,9.262365230250986e-05,10230.722809698096,17538.599381206048,6218.18624111844,114.53632858098432
0.0003142578125,3.2103515625e-08,407031250.0,4158203.125,9.651081701244976e-05,0.0005796365389611504,0.00010461608006221383,11565.772756638084,13048.307098417254,10281.943043237574,23.869276673941055
0.0005884765625,5.306640624999999e-09,407031250.0,4158203.125,0.00010639407809491543,0.0005300099075456749,0.00011496450076347358,12769.130722608821,21676.825697050233,7712.93618899159,118.8421470945386
0.0005884765625,3.2103515625e-08,166406250.0,4158203.125,0.00010357569057970358,0.000519767084123922,0.00011055590245596414,12460.865638312234,14057.981688064709,11126.533847090315,11.357840024722723
0.0005884765625,3.2103515625e-08,407031250.0,19087890.625,9.422775892938451e-05,0.000560028220539382,0.00010218220318611254,11458.94130457099,12887.66979045941,10202.979510557338,25.315705703281843
0.0005884765625,3.2103515625e-08,407031250.0,4158203.125,0.00010877825488876303,0.0006272857535125334,0.00011667714826355174,13045.919884657735,14688.015818175016,11609.044291404356,19.58384034581173
0.0009642578124999999,2.9806640625e-08,366406250.0,43587890.625,9.24441141580677e-05,0.000517906080345388,0.00010103053215190609,11425.135536263513,12899.860332571983,10125.671204660419,24.135499313814726
0.0012384765625,2.9806640625e-08,366406250.0,43587890.625,0.00010153367708184196,0.0005513748658450573,0.00010992723911745878,12563.904622138927,14164.18945955374,11145.605010784535,11.496091840388415
0.0009642578124999999,7.603515625e-09,366406250.0,43587890.625,8.906219511125447e-05,0.0004249210486397414,9.813865575637151e-05,11011.003523386362,16310.330074356765,7464.0729813574435,54.55975328059752
0.0009642578124999999,2.9806640625e-08,207031250.0,43587890.625,8.842820400821206e-05,0.00044711958869902063,9.672817409223401e-05,10969.049645346293,12396.621424300607,9745.05687836144,36.53363371343357
0.0009642578124999999,2.9806640625e-08,366406250.0,28658203.125,0.00010135224516704675,0.0005671162550626653,0.00010949917952366269,12418.660674738809,14044.930251764692,11000.662688373784,12.5358415105943
0.0009642578124999999,7.603515625e-09,207031250.0,28658203.125,9.361782588047616e-05,0.00041400255427208587,0.00010171576808926518,11512.834581622992,17092.09032749485,7827.553587529738,45.70682677706321
0.0012384765625,2.9806640625e-08,207031250.0,28658203.125,0.00010701332696663724,0.0005293075379719569,0.00011428880331116095,13163.957679862007,14890.450521645012,11686.785984796405,11.654637876421386
0.0012384765625,7.603515625e-09,366406250.0,28658203.125,0.00010967771672113315,0.0005274372555853549,0.00011798447461271065,13450.451693322773,19930.517053927946,9118.029445673496,48.27519815714181
0.0012384765625,7.603515625e-09,207031250.0,43587890.625,9.318805262203839e-05,0.00037798040887192095,0.00010162721820404687,11583.211193029978,16955.213325285764,7966.432959211875,44.78049103562541
0.0012384765625,7.603515625e-09,207031250.0,28658203.125,0.00010392306109146529,0.00044874807593033614,0.00011174264848038539,12790.197206067403,18898.943212699574,8717.427049957494,38.492532586409546
0.0012892578125,1.7556640624999996e-08,266406250.0,6837890.625,0.0001312690032570954,0.0006453089692527052,0.00013808451105251646,15883.732511525539,19413.943240934434,13051.442611116954,85.72757716277148
0.0009134765624999999,1.7556640624999996e-08,266406250.0,6837890.625,0.00011471395536729924,0.0005888670176168103,0.00012184138234874147,13865.377329820321,16992.4934847288,11372.486042907676,13.145768478785506
0.0012892578125,1.9853515624999997e-08,266406250.0,6837890.625,0.0001311237099858877,0.0006486997116623267,0.00013788739292508695,15866.486388506233,18993.339225917436,13298.701527494155,86.96750529597423
0.0012892578125,1.7556640624999996e-08,307031250.0,6837890.625,0.00013230104512457284,0.0006657746850792144,0.00013931436796613497,16000.522994683886,19539.537983087335,13115.531082648433,93.50172763654876
0.0012892578125,1.7556640624999996e-08,266406250.0,40908203.125,0.00010160812454861039,0.0005018713245252866,0.00011012640831791216,12572.172504649412,15271.09597538632,10368.575958303136,1.4079809244090105
0.0012892578125,1.9853515624999997e-08,307031250.0,40908203.125,0.00010301100623966496,0.0005284585925842045,0.00011160453161122598,12734.754370492892,15159.331444952706,10706.277971050895,2.441008945516768
0.0009134765624999999,1.7556640624999996e-08,307031250.0,40908203.125,8.966307512341701e-05,0.0004754313763264948,9.856671786421603e-05,11069.765760892284,13489.756664886845,9091.787719347378,27.161195926351503
0.0009134765624999999,1.9853515624999997e-08,266406250.0,40908203.125,8.895061859240005e-05,0.0004646475773124066,9.778938549695147e-05,10991.523120965006,13128.059631713231,9229.654976909584,30.21580007407638
0.0009134765624999999,1.9853515624999997e-08,307031250.0,6837890.625,0.00011567465482730576,0.0006097564749697841,0.00012300912314423733,13975.22181791095,16755.633968923434,11685.131249929316,18.059517220299714
0.0009134765624999999,1.9853515624999997e-08,307031250.0,40908203.125,8.998289733659791e-05,0.0004826395473255147,9.88748529579579e-05,11108.971601360065,13262.70771514764,9319.952421558133,26.51346517827639
0.0006392578125,4.2056640625e-08,466406250.0,31337890.625,9.033253398011006e-05,0.0005462687660243388,9.843853784172277e-05,11065.558781177677,12120.56535470349,10116.59111639117,38.25227610781364
0.00026347656250000004,4.2056640625e-08,466406250.0,31337890.625,7.736994355222898e-05,0.0004948750462945628,8.583136784081526e-05,9455.31685948983,10384.797472879045,8632.104715105343,99.36247755397156
0.0006392578125,4.4353515625e-08,466406250.0,31337890.625,9.052372949051857e-05,0.0005452102305592186,9.85797938883936e-05,11090.70378472367,12097.961349917503,10184.745950221988,38.31349078853328
0.0006392578125,4.2056640625e-08,107031250.0,31337890.625,8.071622334744073e-05,0.000392766127840297,8.863476042791357e-05,9973.481099920442,10959.684304682965,9162.95095195218,79.48002405095446
0.0006392578125,4.2056640625e-08,466406250.0,16408203.125,9.907405799941374e-05,0.0005931109097746674,0.00010658324136059537,12032.762173250518,13190.182289563341,10998.070893418588,24.03227185151227
0.0006392578125,4.4353515625e-08,107031250.0,16408203.125,9.079412636670891e-05,0.0004362197077217208,9.721970471295029e-05,11088.307910347487,12121.1146921609,10223.508266087463,38.6932363867022
0.00026347656250000004,4.2056640625e-08,107031250.0,16408203.125,7.760601638739687e-05,0.00039574375525593916,8.480475566673312e-05,9454.733739110932,10420.380551459133,8673.377176523963,102.71298451595821
0.00026347656250000004,4.4353515625e-08,466406250.0,16408203.125,8.518916877073976e-05,0.0005359566273357129,9.296985572774158e-05,10326.012122873939,11297.980654315756,9468.650623280097,60.97638694806556
0.00026347656250000004,4.4353515625e-08,107031250.0,31337890.625,6.940774015348137e-05,0.00035695412451701946,7.792475092771519e-05,8553.546669633059,9393.661170922716,7878.3682026584665,161.39895609320922
0.00026347656250000004,4.4353515625e-08,107031250.0,16408203.125,7.795607252606771e-05,0.0003961713673014733,8.509950766633174e-05,9497.560635930531,10419.037151157201,8748.356133428331,101.04785841756265
0.0008017578125,2.3681640624999997e-08,316406250.0,37462890.625,8.874786106480261e-05,0.0004912861950846864,9.747551787521573e-05,10928.548883101184,12727.484993064932,9395.783053688898,33.332309209105695
0.00042597656250000003,2.3681640624999997e-08,316406250.0,37462890.625,7.548126303278814e-05,0.00044318803324961076,8.456280590269811e-05,9280.541177157875,10848.367724082747,7962.192706564185,106.37763578804176
0.0008017578125,2.5978515624999997e-08,316406250.0,37462890.625,8.902321577268783e-05,0.0004935988413387339,9.767969574350081e-05,10962.710116894274,12610.818902441153,9543.804633319773,33.4013263392678
0.0008017578125,2.3681640624999997e-08,357031250.0,37462890.625,8.949365908321938e-05,0.0005066065201462855,9.821117721523016e-05,11013.605131080236,12818.794234156874,9469.227506317393,30.87890195775873
0.0008017578125,2.3681640624999997e-08,316406250.0,47033203.125,8.359805548815462e-05,0.00045901356491663114,9.266836962426112e-05,10351.39608506909,12039.214690148436,8905.523894412654,54.76217036624963
0.0008017578125,2.5978515624999997e-08,357031250.0,47033203.125,8.466187619585706e-05,0.0004780504646020498,9.365887027481645e-05,10475.903530014712,12031.849625748337,9119.244991236841,50.43763560618739
0.00042597656250000003,2.3681640624999997e-08,357031250.0,47033203.125,7.166024457450694e-05,0.00042807091460691544,8.117499481732421e-05,8852.723006778531,10333.015691152472,7594.661530790875,133.82748691202298
0.00042597656250000003,2.5978515624999997e-08,316406250.0,47033203.125,7.144431778373478e-05,0.00041772149000459085,8.08231319919806e-05,8831.686486976756,10183.332021003798,7675.205023163937,136.27351663107996
0.00042597656250000003,2.5978515624999997e-08,357031250.0,37462890.625,7.653046462266973e-05,0.00045988393361973866,8.550522535452976e-05,9403.128198232671,10847.378118254259,8167.743036821505,99.53838582730535
0.00042597656250000003,2.5978515624999997e-08,357031250.0,47033203.125,7.209228285756902e-05,0.00043217296210436746,8.149551752177087e-05,8905.45044625912,10263.398805736711,7735.264543112983,130.7687461864471
0.0014517578125000001,4.8181640625e-08,116406250.0,12962890.625,0.0001233875139599196,0.0005522553983208768,0.00013336871168893126,14954.673057435622,16197.125596729196,13813.439626416664,68.54252403957575
0.0010759765625,4.8181640625e-08,116406250.0,12962890.625,0.00010954747334049716,0.0005030741226160496,0.00011518955147341565,13369.870998859411,14484.94603861604,12408.120960873333,26.41296280262843
0.0014517578125000001,1.478515625e-09,116406250.0,12962890.625,0.0001106433713615169,0.00047667298194465865,0.00011779092089725211,13576.119481111597,32184.689749588862,7138.7840674068375,677.219303738175
0.0014517578125000001,4.8181640625e-08,157031250.0,12962890.625,0.00012525554455498393,0.0005759254719471962,0.00013116510720389898,15292.714770259166,16549.514859622446,14190.465071542827,85.95721942878836
0.0014517578125000001,4.8181640625e-08,116406250.0,22533203.125,0.00011346353676519549,0.0005071671101557287,0.00011940416010436965,13989.853237575953,15129.214862229532,12998.519415543971,38.1781719434294
0.0014517578125000001,1.478515625e-09,157031250.0,22533203.125,0.00010587059443528061,0.00044687043269144857,0.00011365364216372854,13065.775485043177,30345.93006695527,6915.628300307014,554.1346509401059
0.0010759765625,4.8181640625e-08,157031250.0,22533203.125,0.00010425781236343221,0.0005029649330521542,0.00011147062554582227,12801.264030821723,13882.678593985502,11874.243375960314,21.0602884521847
0.0010759765625,1.478515625e-09,116406250.0,22533203.125,8.642686849033976e-05,0.0003655626463878777,9.476574295033406e-05,10696.222159737694,24958.59646516421,5729.448584782874,322.9228449219295
0.0010759765625,1.478515625e-09,157031250.0,12962890.625,0.0001022681473496046,0.000447690490238383,0.00010968088678882447,12493.553750535018,29923.512068639997,6536.043655363428,541.2879761109688
0.0010759765625,1.478515625e-09,157031250.0,22533203.125,9.213447440597857e-05,0.00039472869214751953,0.00010041847354872561,11358.48983859754,26692.794193035632,6004.023405974967,384.0558432038014
0.0011267578125,1.1431640625e-08,416406250.0,49712890.625,9.32411269259188e-05,0.00048040775041177094,0.0001024375678965446,11558.526329979022,15315.205540455827,8701.149664060886,19.44400536510564
0.0014009765625,1.1431640625e-08,416406250.0,49712890.625,0.00010278628295935345,0.0005147697105309823,0.00011173802280048945,12751.129818028507,16836.532603357427,9621.373425699192,6.096754026858183
0.0011267578125,1.3728515625e-08,416406250.0,49712890.625,9.363580850653187e-05,0.0004952031506915291,0.00010280350575725465,11606.03511058789,14764.677615466115,9100.8701924978,14.728477574370972
0.0011267578125,1.1431640625e-08,457031250.0,49712890.625,9.386228503883557e-05,0.00049445055800413,0.00010315196236293427,11629.368984490038,15421.556851125668,8742.206816102307,18.06718044764563
0.0011267578125,1.1431640625e-08,416406250.0,10283203.125,0.00012291728362837716,0.0006467782417132342,0.0001310122434848254,14887.790932534095,19903.968321996825,11132.373605316574,55.241273695280185
0.0011267578125,1.3728515625e-08,457031250.0,10283203.125,0.00012335033493872564,0.0006695448043003374,0.00013153957162261547,14937.955587461545,19150.50976523518,11637.222094815364,51.37037344773858
0.0014009765625,1.1431640625e-08,457031250.0,10283203.125,0.00013567948789964024,0.0007067159357079054,0.00014364195953535706,16441.788396131724,21925.580225716134,12293.416699869633,137.09487954366043
0.0014009765625,1.3728515625e-08,416406250.0,10283203.125,0.00013505863868484516,0.0007022224571194191,0.00014301038453621537,16369.386917967619,20948.089159805455,12793.411917546036,121.84714926847181
0.0014009765625,1.3728515625e-08,457031250.0,49712890.625,0.0001037513565064361,0.000544493759613074,0.00011277616545505686,12863.823085926746,16326.06657291968,10101.777671694575,2.3052778652539696
0.0014009765625,1.3728515625e-08,457031250.0,10283203.125,0.00013551931948077963,0.000716924165470544,0.0001435238986851187,16423.226106983173,21008.179134263522,12813.860957445551,127.14880449237947
0.00047675781249999997,3.5931640625e-08,216406250.0,25212890.625,8.357864661358134e-05,0.00045776818743640933,9.129164165793016e-05,10221.029577121817,11391.546847223874,9231.162403534356,62.78487987288575
0.0007509765624999999,3.5931640625e-08,216406250.0,25212890.625,9.319328328249508e-05,0.0004910460335012557,0.00010059969391393576,11413.540261837774,12699.013004504279,10318.288134438126,26.323963303242262
0.00047675781249999997,3.8228515625e-08,216406250.0,25212890.625,8.386724445581144e-05,0.0004584315915795515,9.153318789540349e-05,10256.798866694196,11364.142111182713,9318.802140838625,62.06483072928289
0.00047675781249999997,3.5931640625e-08,257031250.0,25212890.625,8.458458512583765e-05,0.00047382205119183646,9.261862062177695e-05,10335.781062271706,11510.485869533595,9325.00270640944,58.05849107800565
0.00047675781249999997,3.5931640625e-08,216406250.0,34783203.125,7.832934931449579e-05,0.0004300132850326055,8.665562122032854e-05,9637.31221022378,10731.450050313295,8706.993378508816,90.82813154296275
0.00047675781249999997,3.8228515625e-08,257031250.0,34783203.125,7.967818727608211e-05,0.0004491788071077514,8.82117294989854e-05,9793.966594067822,10838.447146130336,8890.41975981662,82.97537966426724
0.0007509765624999999,3.5931640625e-08,257031250.0,34783203.125,8.856853972094531e-05,0.00048081342592102823,9.680702706681397e-05,10902.782792752294,12111.09616811426,9849.829537638341,39.54090866351888
0.0007509765624999999,3.8228515625e-08,216406250.0,34783203.125,8.765177584059587e-05,0.0004616581772965973,9.552407897127455e-05,10802.198070873728,11934.853657234957,9828.785060480783,43.787659150292484
0.0007509765624999999,3.8228515625e-08,257031250.0,25212890.625,9.451105839583853e-05,0.0005104607986057882,0.00010212059212757446,11566.027380263331,12784.104686822104,10506.023770099177,24.65667757940365
0.0007509765624999999,3.8228515625e-08,257031250.0,34783203.125,8.879425830624039e-05,0.000481909623075825,9.698306436526461e-05,10931.914204265551,12074.317460567163,9934.216595442109,39.57276955487019
0.0003955078125,1.4494140625e-08,441406250.0,9900390.625,9.069190116847848e-05,0.000544356893282934,9.950124103176846e-05,10958.58480178358,13999.777644044272,8598.080672184633,31.06658951232532
0.0013197265625,1.4494140625e-08,441406250.0,9900390.625,0.00013211946247197842,0.0007025413194204699,0.00014014301185739865,16005.501785765735,20258.930655359974,12637.86607981953,100.71041667364283
0.0003955078125,4.7416015624999996e-08,441406250.0,9900390.625,9.416915651598824e-05,0.0005691328181685403,0.00010171759417580857,11381.875486760011,12386.432156781177,10500.758764334354,33.31146411305123
0.0003955078125,1.4494140625e-08,382031250.0,9900390.625,9.02064362710385e-05,0.0005260694807444988,9.888908349286457e-05,10902.166736347452,13935.214433705234,8551.466046335861,32.15723481423286
0.0003955078125,1.4494140625e-08,441406250.0,43970703.125,7.10742370753167e-05,0.00042983278066916766,8.094682194739882e-05,8759.475327289438,11167.04790253348,6879.417382221141,138.9972262455412
0.0003955078125,4.7416015624999996e-08,382031250.0,43970703.125,7.605184486822549e-05,0.00045807584077161044,8.470348708520216e-05,9375.975644983022,10184.042667902688,8661.193023075206,105.76263127112483
0.0013197265625,1.4494140625e-08,382031250.0,43970703.125,0.00010331147889238988,0.0005336554983495235,0.00011206080493390467,12777.750306179069,16059.859040050513,10141.516609854618,1.4454345628675005
0.0013197265625,4.7416015624999996e-08,441406250.0,43970703.125,0.0001054793604822402,0.0005854929069913581,0.00011341282782294549,13079.80404543918,14153.821684557122,12107.08710223836,25.997721013245943
0.0013197265625,4.7416015624999996e-08,382031250.0,9900390.625,0.000128732367382508,0.0006856103679139784,0.00013563537938043483,15629.482755182255,16948.036182173157,14446.304597993907,114.26319281360442
0.0013197265625,4.7416015624999996e-08,382031250.0,43970703.125,0.00010463727001933601,0.0005674843937553528,0.00011260532091659115,12984.680416052748,14049.810376788555,12020.840985126599,24.016495063330723
0.0010455078125,3.8994140625e-08,241406250.0,34400390.625,9.834231392568842e-05,0.0005083877077526017,0.00010601175077096505,12129.086623829322,13353.789318922058,11058.07350253428,18.17752206756749
0.0006697265625,3.8994140625e-08,241406250.0,34400390.625,8.600253676001295e-05,0.00046663920254408115,9.415065383582641e-05,10585.093488548917,11675.96815676985,9638.482901779487,50.839419837306615
0.0010455078125,2.2916015624999995e-08,241406250.0,34400390.625,9.717616146876154e-05,0.0004961856444817266,0.0001052710350047929,11973.508025145113,13992.916338559768,10276.893762205042,9.816642213097957
0.0010455078125,3.8994140625e-08,182031250.0,34400390.625,9.604789874305999e-05,0.0004774315081825483,0.00010359166404131688,11868.77417016748,13081.285605652634,10825.587775174981,20.975139159037063
0.0010455078125,3.8994140625e-08,241406250.0,19470703.125,0.00010856593259374222,0.0005593913841663886,0.00011552289744040187,13259.861395248263,14623.783997817787,12078.505161625873,20.700238691434826
0.0010455078125,2.2916015624999995e-08,182031250.0,19470703.125,0.0001057950436295376,0.0005188692539424875,0.0001130471720372286,12928.240218719578,15168.76657887635,11092.982907182883,4.185508485733225
0.0006697265625,3.8994140625e-08,182031250.0,19470703.125,9.321447557275554e-05,0.00048280163580059066,0.0001008831624631329,11377.98811494103,12589.180632009278,10366.099391974438,28.067855233016
0.0006697265625,2.2916015624999995e-08,241406250.0,19470703.125,9.357577551466248e-05,0.0005000244566879025,0.00010124186690882358,11403.655278539953,13397.4403638378,9756.864139590907,19.382959250608547
0.0006697265625,2.2916015624999995e-08,182031250.0,34400390.625,8.182362063313509e-05,0.0004210804367562403,9.001485045450486e-05,10085.88802159242,11840.028969901265,8652.288440226559,66.28114678873776
0.0006697265625,2.2916015624999995e-08,182031250.0,19470703.125,9.154545497785759e-05,0.00047065562202893986,9.907277353806713e-05,11170.605672485988,13149.985800642722,9569.584637784856,25.042826112712124
0.0013705078125,2.244140625e-09,341406250.0,22150390.625,0.00011728477307966824,0.000500723714645476,0.00012496217999657868,14353.527041875637,30939.066501960726,7649.384531892332,571.2984897156653
0.0003447265625,2.244140625e-09,341406250.0,22150390.625,7.438337038808344e-05,0.0003353316155476293,8.360618579390339e-05,9080.232822492586,20354.519857202227,4803.170699426297,242.35082521685496
0.0013705078125,1.0666015625e-08,341406250.0,22150390.625,0.00012049068149199144,0.0005945954696700555,0.00012850312120642277,14723.354065544832,19913.547299299113,10871.808629541703,46.55885331084462
0.0013705078125,2.244140625e-09,482031250.0,22150390.625,0.00012099689471564618,0.0005433211332348328,0.00012911466925766044,14780.097907646144,32319.88043935883,7846.940893352148,669.333604785479
0.0013705078125,2.244140625e-09,341406250.0,7220703.125,0.00013482156072093328,0.0005857350117094926,0.00014180260591765644,16317.33497667736,35627.42515551953,8599.688772699017,941.9997491831734
0.0013705078125,1.0666015625e-08,482031250.0,7220703.125,0.00013860933132335226,0.0007241347128059421,0.00014658571387277173,16753.064091103333,22753.50441118435,12296.370873248914,168.202267637891
0.0003447265625,2.244140625e-09,482031250.0,7220703.125,8.739701482656531e-05,0.0004174346521291987,9.658768643989031e-05,10549.163458062058,24048.076075925797,5516.211010509849,292.2128351902292
0.0003447265625,1.0666015625e-08,341406250.0,7220703.125,8.862283559076996e-05,0.0004963710120878929,9.739271714600501e-05,10695.758232274695,14731.409734237895,7811.469605064916,44.71047584483888
0.0003447265625,1.0666015625e-08,482031250.0,22150390.625,7.99231308142632e-05,0.0004813477181976486,8.936643279037056e-05,9727.215658945164,13375.9558709746,7092.164772259663,84.54953765345648
0.0003447265625,1.0666015625e-08,482031250.0,7220703.125,9.015907188972826e-05,0.0005367912599426826,9.93903635844785e-05,10870.895721939036,14967.027285528386,7912.764729548799,40.7618786052744
0.0007205078125,2.6744140624999995e-08,141406250.0,46650390.625,7.550611177551922e-05,0.00036441329472604376,8.414911692864886e-05,9404.540195822521,10790.053922059145,8259.353638209222,107.34199957157368
0.0009947265625,2.6744140624999995e-08,141406250.0,46650390.625,8.390843291086209e-05,0.00039098489770272556,9.223271955418346e-05,10464.81237559469,11977.42981821634,9201.2671128149,56.048396203459774
0.0007205078125,3.5166015624999996e-08,141406250.0,46650390.625,7.680503879790323e-05,0.0003762374824356111,8.525354484208878e-05,9568.089252229656,10652.994849157278,8654.149867617227,99.69696655832975
0.0007205078125,2.6744140624999995e-08,282031250.0,46650390.625,8.077929950499883e-05,0.0004433837376295906,8.983935072233375e-05,10004.430836637588,11464.74020708459,8752.6852337538,70.98749074657005
0.0007205078125,2.6744140624999995e-08,141406250.0,31720703.125,8.351923628870775e-05,0.0004153602247352743,9.146652506568605e-05,10299.194395083969,11858.61038814115,9029.067089406604,58.821699778463724
0.0007205078125,3.5166015624999996e-08,282031250.0,31720703.125,8.978090633953199e-05,0.0004960731367485457,9.80164777270049e-05,11023.940541615622,12275.234117314285,9932.531149879782,35.56433364828469
0.0009947265625,2.6744140624999995e-08,282031250.0,31720703.125,9.862436362652675e-05,0.0005235930730639548,0.00010680094172180139,12120.17956537948,13882.537599171941,10602.242376855727,10.862861371342406
0.0009947265625,3.5166015624999996e-08,141406250.0,31720703.125,9.35346058164319e-05,0.0004522228789214944,0.00010130655301855805,11552.843527890587,12872.09449972962,10449.45141541629,24.548923965118206
0.0009947265625,3.5166015624999996e-08,282031250.0,46650390.625,9.053107658410712e-05,0.0004823797640969736,9.920233143052424e-05,11232.736953455991,12469.555933786674,10138.841356020033,31.169486115368606
0.0009947265625,3.5166015624999996e-08,282031250.0,31720703.125,9.917475038538619e-05,0.0005302116418002345,0.00010713797482174355,12193.795275812161,13555.040610518363,10997.27030651593,15.812002194626178
0.0005580078125,8.369140625e-09,291406250.0,40525390.625,7.447923828960737e-05,0.0003636149599353794,8.376737693015644e-05,9194.645875861215,13376.999810972062,6390.61039003362,125.1649150104237
0.0011572265625,8.369140625e-09,291406250.0,40525390.625,9.624493251107635e-05,0.0004404092892181908,0.00010479912124739514,11900.97853486327,17074.449096829714,8314.270106540043,30.579583876907645
0.0005580078125,4.1291015625e-08,291406250.0,40525390.625,8.058904252568025e-05,0.0004574764748995007,8.929458732681526e-05,9939.324985074714,10910.95746069352,9088.422720685681,77.14006142075768
0.0005580078125,8.369140625e-09,432031250.0,40525390.625,7.705703007768334e-05,0.0004143654000477436,8.670443196217659e-05,9490.182491634157,13853.89603736101,6550.554544518173,105.80618615044884
0.0005580078125,8.369140625e-09,291406250.0,1095703.125,0.00011234667945182525,0.0005585496020272273,0.00012038869222632758,13389.78038384652,19667.52961023585,9183.124217243152,44.69546405700054
0.0005580078125,4.1291015625e-08,432031250.0,1095703.125,0.00011439316439869006,0.0006542077493527721,0.00012230436174075484,13631.074224531143,14991.115772224364,12424.48237727235,36.763422735243346
0.0011572265625,8.369140625e-09,432031250.0,1095703.125,0.000146635695046758,0.0007306012318561912,0.00015472251068447863,17489.03648835439,25476.917820381477,12004.636270669926,276.9109613628438
0.0011572265625,4.1291015625e-08,291406250.0,1095703.125,0.0001400017912215074,0.0007019435764046108,0.00014716604189611525,16710.869544445944,18354.627869098986,15274.642045604498,177.6262936263774
0.0011572265625,4.1291015625e-08,432031250.0,40525390.625,0.00010207592028600016,0.0005758784724789149,0.00011010554324084387,12609.779942677907,13795.289842665914,11542.328305918534,20.156139623392335
0.0011572265625,4.1291015625e-08,432031250.0,1095703.125,0.00014140046204289707,0.0007575834477058745,0.0001487087427007112,16872.771704158673,18510.629384183543,15397.70144375351,199.65189866556165
0.0012080078125,3.2869140625e-08,491406250.0,16025390.625,0.00012118063903405731,0.0006892363041611062,0.00012856521035754088,14740.706043290886,16487.763338006855,13188.250121570314,63.03825399617528
0.0005072265625,3.2869140625e-08,491406250.0,16025390.625,9.375190016547045e-05,0.0005780522531713719,0.00010165928844605094,11372.416518914173,12763.51863274786,10150.438346580811,28.613296423142756
0.0012080078125,1.6791015625e-08,491406250.0,16025390.625,0.00012173388971829014,0.0006774721369400885,0.00012994392869166276,14797.039335642608,18187.3386017297,12000.087197667865,44.89263668841531
0.0012080078125,3.2869140625e-08,232031250.0,16025390.625,0.00011709336669541524,0.0005880977506416761,0.00012413626611845123,14273.158944625626,15999.966611444868,12788.527913156466,36.12347073415871
0.0012080078125,3.2869140625e-08,491406250.0,25595703.125,0.00011390224712702561,0.000650664397234626,0.00012163470827001297,13933.604543928757,15568.398432816894,12458.169482370953,34.8179258108082
0.0012080078125,1.6791015625e-08,232031250.0,25595703.125,0.00010852587755772318,0.0005318823534306953,0.00011612197203907286,13306.872946007137,16351.942321281764,10865.162570242339,2.517248968995824
0.0005072265625,3.2869140625e-08,232031250.0,25595703.125,8.447711298597515e-05,0.00046489692899708376,9.235097701445002e-05,10330.971409842175,11611.576439873923,9241.083159768106,57.37496193233876
0.0005072265625,1.6791015625e-08,491406250.0,25595703.125,8.589099837086846e-05,0.000528874595924407,9.504739162864714e-05,10475.893475912886,12952.74102050036,8473.853369269951,46.97107697121379
0.0005072265625,1.6791015625e-08,232031250.0,16025390.625,8.843332094704314e-05,0.0004734940060425836,9.634664982429079e-05,10748.229990196684,13334.472171400676,8725.448883329838,35.78894162019545
0.0005072265625,1.6791015625e-08,232031250.0,25595703.125,8.186840712478638e-05,0.0004400997643285625,9.03652796575282e-05,10014.66104719295,12410.33391030866,8137.216699353897,66.42893451169975
0.0008830078125,2.0619140624999998e-08,191406250.0,28275390.625,9.327074495442052e-05,0.0004670323314410948,0.00010099930476706128,11456.76110275453,13648.47402514066,9683.52297068621,17.661853287776463
0.0008322265625,2.0619140624999998e-08,191406250.0,28275390.625,9.143715545036352e-05,0.00046106960334236325,9.921119784159029e-05,11229.327413899138,13384.14628492448,9487.724622563554,23.243522084899606
0.0008830078125,4.5410156249999995e-09,191406250.0,28275390.625,8.787316349280842e-05,0.0003510157602418162,9.600165775241668e-05,10822.249959119968,18838.72338955145,6458.55254473766,120.25581528161666
0.0008830078125,2.0619140624999998e-08,332031250.0,28275390.625,9.733458659537838e-05,0.0005336416399578861,0.00010582322567252722,11920.923627329043,14175.700066314925,10044.148702619277,9.56274030337253
0.0008830078125,2.0619140624999998e-08,191406250.0,37845703.125,8.715362935400353e-05,0.0004337455301695651,9.540118867632424e-05,10772.972671506714,12808.096274390995,9117.292489001971,38.44186609363672
0.0008830078125,4.5410156249999995e-09,332031250.0,37845703.125,8.72717153148667e-05,0.0003757742433776134,9.630505677907147e-05,10767.315092182505,18797.268720410008,6394.787098036753,119.46327367669502
0.0008322265625,2.0619140624999998e-08,332031250.0,37845703.125,8.951753287847299e-05,0.0004944818293336657,9.835571945750741e-05,11023.9437392889,13097.267373694469,9293.872958429076,29.028852392064387
0.0008322265625,4.5410156249999995e-09,191406250.0,37845703.125,7.962734848856911e-05,0.00030749731669055453,8.835940809527993e-05,9872.5191496963,17048.095462132125,5946.483324078743,138.41839016252482
0.0008322265625,4.5410156249999995e-09,332031250.0,28275390.625,9.170980926098669e-05,0.00040756017941205055,0.00010042132018605595,11245.795848021704,19751.975648101215,6648.192754665095,118.67481796705997
0.0008322265625,4.5410156249999995e-09,332031250.0,37845703.125,8.536360414323215e-05,0.0003687398104166602,9.446627550756105e-05,10530.600790321007,18414.07424894871,6250.140083758634,122.87961849888137
0.0002330078125,4.5119140624999996e-08,391406250.0,3775390.625,9.474209665001045e-05,0.000563103469438367,0.00010275099135541917,11340.742600663336,12406.602041064683,10410.9355279496,32.551489837931456
0.0014822265625,4.5119140624999996e-08,391406250.0,3775390.625,0.00014675404950338574,0.0007584812086544833,0.00015347753907105213,17642.189739937206,19194.753032111843,16241.780884975566,263.99072328884813
0.0002330078125,2.9041015624999996e-08,391406250.0,3775390.625,9.306293407754171e-05,0.0005621224642602484,0.00010132406803013266,11142.373557017581,12725.131974516245,9784.28401525104,30.360674359846364
0.0002330078125,4.5119140624999996e-08,132031250.0,3775390.625,8.928864651893931e-05,0.00045352052742754994,9.585938657986235e-05,10728.432002199677,11743.522326553388,9885.396859312154,46.99622157849529
0.0002330078125,4.5119140624999996e-08,391406250.0,13345703.125,8.532775224382091e-05,0.0005219771434916254,9.326403537417931e-05,10325.984043452268,11291.415086793271,9489.831770382969,60.44194703733969
0.0002330078125,2.9041015624999996e-08,132031250.0,13345703.125,7.790319698919628e-05,0.0004119691417967315,8.554198768714876e-05,9457.852506027268,10854.157165336946,8348.137422487169,97.16788371066754
0.0014822265625,4.5119140624999996e-08,132031250.0,13345703.125,0.0001244543145440633,0.000558660792434598,0.00012994044255776563,15211.178145162983,16532.521083309457,14063.906005485742,79.2619192860264
0.0014822265625,2.9041015624999996e-08,391406250.0,13345703.125,0.0001336173041067268,0.000707046627266006,0.0001409044438537126,16243.025942179722,18401.389952095215,14346.69882045979,129.48975721665371
0.0014822265625,2.9041015624999996e-08,132031250.0,3775390.625,0.00013984812141395892,0.0006163075748135213,0.0001446916165870503,16872.515565426293,19125.421613677816,14942.61041620585,157.44267305135264
0.0014822265625,2.9041015624999996e-08,132031250.0,13345703.125,0.00012517165998960776,0.0005613591382911859,0.00013089738457324368,15276.749204141992,17308.42404498017,13543.973467913698,64.54347454920419
0.00022285156250000001,1.5642578124999998e-08,182031250.0,34017578.125,6.453542729561753e-05,0.0003469270442914651,7.373097042381586e-05,7944.450163682881,10042.965054487735,6370.050350099485,203.2147725990144
0.0008830078125,1.5642578124999998e-08,182031250.0,34017578.125,8.812184317756656e-05,0.00042610977498517145,9.630058607666255e-05,10871.98036876139,13569.783178769096,8776.26251051334,34.382945580043376
0.00022285156250000001,3.8611328125e-08,182031250.0,34017578.125,6.96477440458114e-05,0.00038772794142466466,7.802198901290879e-05,8560.853737064373,9495.81039430131,7779.046834981767,157.19613920111124
0.00022285156250000001,1.5642578124999998e-08,166406250.0,34017578.125,6.388706843948147e-05,0.00033835462219333236,7.301694257999979e-05,7870.027323809249,9952.268874786585,6315.515211944533,210.12812807185855
0.00022285156250000001,1.5642578124999998e-08,182031250.0,16791015.625,7.435944923814068e-05,0.0004031142993244159,8.249927696152648e-05,9043.982329968023,11458.721016072803,7243.285095385848,118.89515902188785
0.00022285156250000001,3.8611328125e-08,166406250.0,16791015.625,7.827306827154341e-05,0.00042823966643650794,8.62969021640446e-05,9516.212587477236,10585.662948648376,8643.618960051854,95.89905953433211
0.0008830078125,1.5642578124999998e-08,166406250.0,16791015.625,0.00010021080779275604,0.00048382175095239635,0.00010751398803816886,12220.996468038491,15324.05456249543,9839.066649715418,3.5862071043971624
0.0008830078125,3.8611328125e-08,182031250.0,16791015.625,0.00010283461960067067,0.000517573463614335,0.00011027972201405033,12541.140230951356,13871.316849120147,11414.408615408875,15.45316936084549
0.0008830078125,3.8611328125e-08,166406250.0,34017578.125,9.028998390357418e-05,0.0004513519345805359,9.805743160074908e-05,11151.3505508107,12318.37739574032,10161.557543063698,34.69265992864928
0.0008830078125,3.8611328125e-08,166406250.0,16791015.625,0.00010219047837617725,0.0005063224502314217,0.00010945647901459564,12467.605065090684,13785.238622934075,11351.76297133382,15.550135390713029
0.0008728515624999999,4.0142578124999996e-08,382031250.0,9517578.125,0.00011227760635440136,0.0006255095983214427,0.00011970765444053913,13595.278941603985,14956.669776500763,12385.008065979178,31.495718289540168
0.0002330078125,4.0142578124999996e-08,382031250.0,9517578.125,8.691987927686243e-05,0.0005308453581507938,9.498748023631875e-05,10495.36447230562,11589.658234615941,9543.306533175131,53.157309913581024
0.0008728515624999999,1.4111328124999999e-08,382031250.0,9517578.125,0.00011197652894811944,0.000607909884833194,0.00012021301927981327,13547.9632717817,17316.948405048166,10602.293550227367,11.684812079169312
0.0008728515624999999,4.0142578124999996e-08,366406250.0,9517578.125,0.0001121356567048222,0.0006215613220678414,0.00011946381277658878,13578.818677040095,14940.468185950496,12371.362230635401,30.779485303468775
0.0008728515624999999,4.0142578124999996e-08,382031250.0,41291015.625,9.173905651052828e-05,0.0005224251393908184,9.999567656806835e-05,11324.98118534875,12429.64220588318,10331.949869140897,31.106235988247466
0.0008728515624999999,1.4111328124999999e-08,366406250.0,41291015.625,8.865908139738064e-05,0.00047824319033729247,9.770882078349383e-05,10937.028130139775,13896.723309569968,8611.8361779489,31.579068334137254
0.0002330078125,4.0142578124999996e-08,366406250.0,41291015.625,7.07172819725668e-05,0.0004386259456218449,7.958301916145675e-05,8694.975138447517,9584.3226280294,7912.535258497799,145.57625278852666
0.0002330078125,1.4111328124999999e-08,382031250.0,41291015.625,6.552543859642474e-05,0.000396034385222828,7.545808244314742e-05,8065.995252007779,10388.92874708431,6297.339599091357,190.14481208420517
0.0002330078125,1.4111328124999999e-08,366406250.0,9517578.125,8.28410591042816e-05,0.0004930691192297402,9.176326092536523e-05,10006.424582747395,12907.399669267945,7792.804891225571,66.00119572561285
0.0002330078125,1.4111328124999999e-08,366406250.0,41291015.625,6.532089154470662e-05,0.00039085764292757987,7.522218083580616e-05,8042.6550926461905,10358.65710296168,6283.35411300368,192.29622894119137
0.0011978515625000001,3.392578125e-09,282031250.0,46267578.125,9.111397957560608e-05,0.0003554593489029304,9.74729224066917e-05,11316.03927518336,21041.996720676278,6594.808352363576,153.5948137564334
0.0005580078125,3.392578125e-09,282031250.0,46267578.125,6.865999257894663e-05,0.00027779984921978376,7.553502947091491e-05,8519.125592852954,16224.241040551162,4940.668490030167,204.57787206700087
0.0011978515625000001,1.861328125e-09,282031250.0,46267578.125,8.990826063877024e-05,0.00036460848509841683,9.508880184244095e-05,11179.870933865403,24187.484238706544,6101.189798720273,272.5137790674361
0.0011978515625000001,3.392578125e-09,266406250.0,46267578.125,9.050148317032746e-05,0.0003492569339855002,9.624611908131428e-05,11246.433878191756,20849.222836741916,6573.435829236052,151.0678110793785
0.0011978515625000001,3.392578125e-09,282031250.0,29041015.625,0.00010296039234626606,0.0004218491751730863,0.00011093736780269421,12663.51059619565,24072.07956731676,7102.555893391442,218.6151691234546
0.0011978515625000001,1.861328125e-09,266406250.0,29041015.625,0.00010050462278037154,0.0004241456499775835,0.0001086289084696543,12379.651771763238,27650.79900721436,6575.518102250492,404.74673679107553
0.0005580078125,3.392578125e-09,266406250.0,29041015.625,7.743253904157487e-05,0.00032570635929922735,8.632327200828434e-05,9512.743143549034,18463.27060108246,5308.995647307806,181.86196096976667
0.0005580078125,1.861328125e-09,282031250.0,29041015.625,7.64651354222942e-05,0.00033608747539608876,8.567233904697351e-05,9399.082581932687,21619.022633740802,4970.223440586476,260.2788669741687
0.0005580078125,1.861328125e-09,266406250.0,46267578.125,6.687156933937024e-05,0.00028090124486031845,7.35248574192138e-05,8312.387752681203,18502.382825802397,4517.040635615654,246.58701129618527
0.0005580078125,1.861328125e-09,266406250.0,29041015.625,7.582613718255298e-05,0.0003318129232619324,8.504018482891381e-05,9325.843759360878,21414.212717123897,4936.904562492457,258.0639523776491
0.0005478515624999999,2.7892578124999995e-08,482031250.0,21767578.125,9.122305209797175e-05,0.000563509457107706,9.950775943970887e-05,11103.521162512143,12687.288061416908,9719.187567854699,31.918222755964905
0.0012080078125,2.7892578124999995e-08,482031250.0,21767578.125,0.00011670943849014847,0.0006608879467305399,0.0001244651325519006,14241.425602652926,16210.697428760164,12498.212049811287,38.01115043590415
0.0005478515624999999,2.6361328124999996e-08,482031250.0,21767578.125,9.105761980148952e-05,0.0005622441678765752,9.941680102175375e-05,11082.931178255802,12753.49171983207,9630.12768399502,31.66010939023679
0.0005478515624999999,2.7892578124999995e-08,466406250.0,21767578.125,9.110292990989405e-05,0.000559099607488434,9.93538953330427e-05,11089.81699871197,12670.25156171689,9710.668511659715,32.0235431704274
0.0005478515624999999,2.7892578124999995e-08,482031250.0,4541015.625,0.0001066668514771277,0.0006382010578728196,0.00011452177912736298,12796.470137994269,14638.957428322483,11188.427261141615,16.72828919825333
0.0005478515624999999,2.6361328124999996e-08,466406250.0,4541015.625,0.00010646855761549196,0.0006327243567927406,0.00011439843087553283,12773.624296707801,14714.098485598246,11090.603508926284,14.835261526735163
0.0012080078125,2.7892578124999995e-08,466406250.0,4541015.625,0.00013630779620850788,0.0007475222171184207,0.0001439103034033144,16383.179164876694,18681.731537635074,14360.449224913382,144.71711346406173
0.0012080078125,2.6361328124999996e-08,482031250.0,4541015.625,0.0001366439582132191,0.000751677738086185,0.0001442483260049563,16421.686096048932,18857.26868361842,14285.595220443865,145.1972069710784
0.0012080078125,2.6361328124999996e-08,466406250.0,21767578.125,0.00011657354473694923,0.000655736831264027,0.00012438275065659518,14224.828659921459,16303.371085802732,12398.820099789167,35.17449812564952
0.0012080078125,2.6361328124999996e-08,466406250.0,4541015.625,0.00013648635605492316,0.0007470242621419952,0.00014411850123061487,16404.308976729364,18835.427944607036,14274.752016337372,143.19740418330244
0.0007103515624999999,9.517578125e-09,332031250.0,15642578.125,9.813489448687284e-05,0.0005104276818241333,0.00010645785791879535,11921.283482770124,16775.913305426704,8508.311503296203,23.098923805569836
0.0013705078125,9.517578125e-09,332031250.0,15642578.125,0.0001265077833684854,0.0006139193414839311,0.00013423216824951246,15396.036587335155,21481.741430431033,11045.849021203097,87.58862442173142
0.0007103515624999999,4.4736328125e-08,332031250.0,15642578.125,0.00010109006880781377,0.0005646673025639901,0.00010862140647657141,12286.726404088758,13408.408659290068,11298.254168847929,21.251298082616785
0.0007103515624999999,9.517578125e-09,216406250.0,15642578.125,9.511006259840732e-05,0.0004624409887867834,0.00010289389726507464,11572.26434932361,16310.346643145329,8289.817998603447,27.775490998914115
0.0007103515624999999,9.517578125e-09,332031250.0,35166015.625,8.451132381119984e-05,0.0004343123329216044,9.350496356631177e-05,10392.857711188672,14560.914595706246,7455.914660508324,60.33918497998951
0.0007103515624999999,4.4736328125e-08,216406250.0,35166015.625,8.676396216698871e-05,0.0004589914618725325,9.458937124804748e-05,10697.123163039863,11667.448014247306,9859.140473157218,49.224200096019686
0.0013705078125,9.517578125e-09,216406250.0,35166015.625,0.00010491753590266067,0.00046190150825700085,0.0001128559644793376,12964.21494242378,17940.89284019312,9386.566698205253,16.638103327287848
0.0013705078125,4.4736328125e-08,332031250.0,35166015.625,0.00011068189908602942,0.0005843467531852258,0.00011852289260114168,13667.147592279152,14859.066286479892,12597.82432372987,31.987838433666678
0.0013705078125,4.4736328125e-08,216406250.0,15642578.125,0.0001224423425200441,0.0005989916837366286,0.0001296072175975628,14950.573159185376,16294.188350859245,13790.560849068434,70.50669106409225
0.0013705078125,4.4736328125e-08,216406250.0,35166015.625,0.0001075258798046282,0.0005300493378494851,0.00011469053179146975,13310.671307117644,14479.822710627783,12285.453247804924,23.987874807485298
0.0013603515625,3.4017578125e-08,132031250.0,40142578.125,9.878045671772584e-05,0.0004503937187456694,0.00010654656961525865,12302.292992054416,13705.281348481823,11116.68506094034,15.616474679366668
0.0007205078125,3.4017578125e-08,132031250.0,40142578.125,7.92454183014818e-05,0.0003893472144794535,8.746501564635909e-05,9835.80801694684,11005.91348001456,8866.022328989464,84.29385055121737
0.0013603515625,2.0236328124999996e-08,132031250.0,40142578.125,9.746395255150405e-05,0.00043017658621385106,0.00010529175560781173,12128.573565772183,14400.398359631265,10288.48564115307,8.659415248097842
0.0013603515625,3.4017578125e-08,416406250.0,40142578.125,0.00010860899738848403,0.000597398201130115,0.00011665888135147846,13417.242365141325,14918.455406476909,12071.140174924836,21.772179763837187
0.0013603515625,3.4017578125e-08,132031250.0,10666015.625,0.00012350211187947714,0.0005592070686412733,0.00012905736213655723,15036.646231517016,16759.991648379175,13561.14720495553,61.26388034941463
0.0013603515625,2.0236328124999996e-08,416406250.0,10666015.625,0.000132407181158348,0.0007047536938891861,0.000140076949219843,16052.68394189814,19115.422209494565,13462.77110066226,104.49534122445824
0.0007205078125,3.4017578125e-08,416406250.0,10666015.625,0.00010551898288959078,0.0006115617397568468,0.00011321410372967035,12773.365518300549,14279.086685102347,11451.524366619753,18.289559224536827
0.0007205078125,2.0236328124999996e-08,132031250.0,10666015.625,9.805837813739918e-05,0.00047417147055060137,0.00010477351537456612,11903.470571104895,14286.91929633421,10026.431856221681,8.464602250810485
0.0007205078125,2.0236328124999996e-08,416406250.0,40142578.125,8.552035999137633e-05,0.0004999304053994143,9.467537185581771e-05,10529.29488464017,12548.492064269687,8823.493745729409,45.816449409562814
0.0007205078125,2.0236328124999996e-08,416406250.0,10666015.625,0.00010494234339920436,0.0006035859048493438,0.0001130091265617652,12699.210842622328,15183.62200124096,10621.879611271272,7.164345690744484
0.0010353515625,2.1767578125e-08,432031250.0,3392578.125,0.00013169982788776533,0.0007164117339848226,0.00013952465410591586,15784.491138189253,18635.75676770461,13367.59129883122,96.78439580018468
0.0003955078125,2.1767578125e-08,432031250.0,3392578.125,0.00010107260436026886,0.0006004452308386451,0.00010930959228760083,12099.101145768727,14349.602237559733,10216.150509521518,11.706122454143381
0.0010353515625,7.986328125e-09,432031250.0,3392578.125,0.00013232069646858865,0.000671311596847732,0.00014045997333502912,15862.360247702753,23444.81795270378,10746.911033711136,158.13342699181234
0.0010353515625,2.1767578125e-08,116406250.0,3392578.125,0.00012078609703118976,0.0005458252012035737,0.00012615308117854901,14547.4992589908,17195.114184075253,12392.463917722935,29.50213873416791
0.0010353515625,2.1767578125e-08,432031250.0,22916015.625,0.00010855716304563297,0.0006111308439287185,0.00011672062721826155,13248.00531495823,15599.024670849542,11237.615895144854,10.29986857509619
0.0010353515625,7.986328125e-09,116406250.0,22916015.625,9.382232776312907e-05,0.000387346336792754,0.00010128188040141504,11547.980565792832,16932.957649474916,8003.431826967014,42.516973089632316
0.0003955078125,2.1767578125e-08,116406250.0,22916015.625,7.497989595868915e-05,0.0003807833894169896,8.297533458409373e-05,9188.683756082773,10959.810385138857,7822.955854916322,113.29966643470705
0.0003955078125,7.986328125e-09,432031250.0,22916015.625,8.042199258865203e-05,0.00044927265113225555,8.971119767993825e-05,9799.178252626523,14607.32840056203,6635.389931704992,91.85659324876423
0.0003955078125,7.986328125e-09,116406250.0,3392578.125,8.849483554731476e-05,0.0004101754878800601,9.563269251997822e-05,10656.588060919465,16048.005427361422,7272.953017618877,62.207807799437816
0.0003955078125,7.986328125e-09,116406250.0,22916015.625,7.014335291333882e-05,0.00031046282278621623,7.850561236873781e-05,8616.077733772037,12852.354994772511,5925.363140819062,165.6758621500572
0.0003853515625,4.6267578125e-08,232031250.0,27892578.125,8.068078072250755e-05,0.0004492167613992719,8.860555489334758e-05,9876.458441482846,10769.148304647357,9110.20375768219,80.58517447502935
0.0010455078125,4.6267578125e-08,232031250.0,27892578.125,0.00010248984672023714,0.0005249723246151637,0.00010962653782554188,12599.443371416279,13694.370102450788,11643.410644168613,19.978365126332786
0.0003853515625,3.2486328124999996e-08,232031250.0,27892578.125,7.875944364735108e-05,0.0004425848136038012,8.699354684344109e-05,9639.862372201489,10859.154728611808,8608.93203205651,88.67718798837666
0.0003853515625,4.6267578125e-08,316406250.0,27892578.125,8.220764807870963e-05,0.0004805415274521897,9.057456757500447e-05,10050.113332309811,10954.17407136645,9262.791419051464,72.15656543659905
0.0003853515625,4.6267578125e-08,232031250.0,47416015.625,7.150175031783792e-05,0.00039710350807993186,8.062095747114983e-05,8857.706047069563,9646.311459029012,8173.195241836698,139.43234902133437
0.0003853515625,3.2486328124999996e-08,316406250.0,47416015.625,7.109750631225138e-05,0.00042039820962290063,8.0304762180795e-05,8787.47169748045,9870.910195840112,7843.314672342611,140.06021524679258
0.0010455078125,4.6267578125e-08,316406250.0,47416015.625,9.322348771181012e-05,0.0005030843446145511,0.00010167371011792696,11582.607959050925,12563.483655772996,10702.326544736423,28.462450525910747
0.0010455078125,3.2486328124999996e-08,232031250.0,47416015.625,9.007141657143887e-05,0.0004603638452175443,9.861829882019326e-05,11196.327571470958,12522.39732051451,10035.172881689186,31.48533435618487
0.0010455078125,3.2486328124999996e-08,316406250.0,27892578.125,0.00010404709442682368,0.0005623057801411495,0.00011199347636488199,12756.73020357886,14293.220105744913,11406.514187788038,13.421031603493795
0.0010455078125,3.2486328124999996e-08,316406250.0,47416015.625,9.229832359389489e-05,0.0004983609828015124,0.00010096289738942911,11448.849752376806,12800.26459129952,10253.73281593861,25.048020184848266
0.0004666015625,6.455078124999999e-09,407031250.0,43205078.125,7.119882643387493e-05,0.00035557244970746855,8.104890517318901e-05,8786.761954062058,13924.162199235434,5657.995811189595,158.16356686074278
0.0003142578125,6.455078124999999e-09,407031250.0,43205078.125,6.547717994569097e-05,0.0003336754120990189,7.55668787640305e-05,8078.481211569034,12892.411954757987,5184.6542000804,204.74778327848853
0.0004666015625,2.9423828124999998e-08,407031250.0,43205078.125,7.641912495239186e-05,0.00046726342284358837,8.551606998050186e-05,9414.875672134163,10682.82521753545,8302.453106278563,100.05983213147081
0.0004666015625,6.455078124999999e-09,241406250.0,43205078.125,6.741935135019552e-05,0.0002907945551101863,7.699321131657406e-05,8353.316496723492,13135.291223801785,5435.089537800953,193.29030701075052
0.0004666015625,6.455078124999999e-09,407031250.0,32103515.625,7.704099073564761e-05,0.0003980555341201934,8.650409943893165e-05,9445.664333167393,14996.611404233343,6062.47603978483,121.13267299751375
0.0004666015625,2.9423828124999998e-08,241406250.0,32103515.625,7.909023587744577e-05,0.0004421952588851669,8.7627532132293e-05,9708.196464066941,11044.308441194506,8577.881915903654,84.77402162454078
0.0003142578125,6.455078124999999e-09,241406250.0,32103515.625,6.745456739903335e-05,0.0003151595468038877,7.677417201023262e-05,8294.285322201322,13190.172459418774,5346.586128980412,192.85750966281847
0.0003142578125,2.9423828124999998e-08,407031250.0,32103515.625,7.633544035259684e-05,0.0004786444644816207,8.509162291024268e-05,9340.41281560117,10621.811943238643,8225.684542993104,103.2247394053317
0.0003142578125,2.9423828124999998e-08,241406250.0,43205078.125,6.849357147166302e-05,0.0003909498615629187,7.781017026525894e-05,8457.301557447381,9629.05642865824,7466.9602112773655,163.47312787398133
0.0003142578125,2.9423828124999998e-08,241406250.0,32103515.625,7.373072793022134e-05,0.0004225409284226746,8.250016296634037e-05,9043.245520004784,10305.691860732344,7982.745789511815,122.08576683706339
0.0011166015625,3.0955078125e-08,207031250.0,18705078.125,0.0001105131406283126,0.0005521294224113081,0.00011776373511962827,13496.631306027632,15232.772715758625,12019.57292377674,16.75872552105227
0.0009642578124999999,3.0955078125e-08,207031250.0,18705078.125,0.00010487849888928837,0.000533183908652132,0.00011217290483313649,12800.320124855638,14461.483145956743,11394.52540015643,10.780717832951884
0.0011166015625,4.923828124999999e-09,207031250.0,18705078.125,0.00010648681954765047,0.000442848087772969,0.00011391328744509979,13018.080945892121,22144.12055462653,7868.264019654349,128.3369075044038
0.0011166015625,3.0955078125e-08,441406250.0,18705078.125,0.00011511498589327209,0.0006497165155847073,0.0001227604526835964,14021.739560316682,15783.593552158356,12457.688515922517,34.80579280207967
0.0011166015625,3.0955078125e-08,207031250.0,7603515.625,0.00012109564737914925,0.0005959168992891853,0.0001280476067347145,14666.069433536835,16558.80121080799,13053.405344711253,46.525687155526654
0.0011166015625,4.923828124999999e-09,441406250.0,7603515.625,0.0001251627703875438,0.0006007353631353754,0.00013316814617150532,15132.61658464632,26066.298860788436,9011.66941259058,262.8337632798617
0.0009642578124999999,3.0955078125e-08,441406250.0,7603515.625,0.00011840673933806418,0.00067017808983434,0.0001259470881287666,14311.670264838167,16139.741291749642,12704.219624390314,44.916225990746256
0.0009642578124999999,4.923828124999999e-09,207031250.0,7603515.625,0.00011237400967917584,0.000483897429412533,0.00011936765309484764,13606.092992452794,23409.02311540184,8164.560444980468,160.52864734397986
0.0009642578124999999,4.923828124999999e-09,441406250.0,18705078.125,0.00010713241990055967,0.0005163270868368398,0.00011567960084951421,13043.325587760606,22434.46671890303,7800.1631169313605,137.57483065168694
0.0009642578124999999,4.923828124999999e-09,441406250.0,7603515.625,0.00011791202389309626,0.0005732428628643925,0.00012607220299093485,14250.596535641655,24612.54451509672,8476.02692167304,203.03626786602112
0.0014416015625,1.8705078124999997e-08,307031250.0,30955078.125,0.00011544892038510237,0.0005831888600123605,0.0001235874986305135,14193.470661620586,17069.00903193382,11808.329094916047,18.548040146362517
0.0012892578125,1.8705078124999997e-08,307031250.0,30955078.125,0.00010985446464136214,0.000563712714313984,0.00011811943596707342,13499.390156710488,16249.310282674878,11220.931535191314,6.279385230778658
0.0014416015625,1.7173828124999997e-08,307031250.0,30955078.125,0.00011537623884953191,0.0005795212696465419,0.000123566611658765,14184.491732641409,17309.685188076517,11622.339261091181,17.115415989584466
0.0014416015625,1.8705078124999997e-08,141406250.0,30955078.125,0.00010740862113768005,0.00048060931146892824,0.00011478364644997968,13276.288715114255,15984.91881860321,11101.340311900667,2.9192465548538507
0.0014416015625,1.8705078124999997e-08,307031250.0,19853515.625,0.0001249390980651894,0.0006292655921849105,0.00013247986587052414,15253.86612083096,18368.624746256963,12672.467738742302,55.0970878374451
0.0014416015625,1.7173828124999997e-08,141406250.0,19853515.625,0.00011717870328947254,0.0005244544631239021,0.000123921566246897,14364.479212259173,17580.996411333395,11810.268517650866,19.4108064566747
0.0012892578125,1.8705078124999997e-08,141406250.0,19853515.625,0.00011166860361978794,0.0005099351447344607,0.00011855534912966855,13681.87899024784,16521.822780145278,11410.742026363214,7.0368590657920524
0.0012892578125,1.7173828124999997e-08,307031250.0,19853515.625,0.00011888645901482379,0.0006046703381916511,0.0001266555270699839,14507.769763882236,17752.900282521976,11862.122523426735,27.33078370445267
0.0012892578125,1.7173828124999997e-08,141406250.0,30955078.125,0.00010196447495666443,0.0004602867784097751,0.00010947488753392163,12597.24269843934,15410.116263016727,10378.876300348615,1.727492320084804
0.0012892578125,1.7173828124999997e-08,141406250.0,19853515.625,0.0001114879104783997,0.0005062302923774694,0.00011838630155871504,13660.159332490337,16743.48711374843,11223.804051702633,5.947660544427383
0.0007916015625,4.3205078125e-08,107031250.0,6455078.125,0.00010500949901952058,0.0004901842809959738,0.00011008333149445566,12719.115578799476,13920.048778194621,11698.876744779984,18.344509703174747
0.0006392578125,4.3205078125e-08,107031250.0,6455078.125,9.935516224250517e-05,0.000471987552992691,0.00010476514712701918,12024.59577120942,13171.749416498773,11056.458618549541,20.815015271514095
0.0007916015625,4.1673828125e-08,107031250.0,6455078.125,0.00010495233606802646,0.0004902109904256763,0.00011010405489930865,12711.7262545626,13954.508866339786,11657.000364179989,17.467571404891235
0.0007916015625,4.3205078125e-08,341406250.0,6455078.125,0.00011204382046646092,0.0006142820909749375,0.00011925862570402458,13522.365081664198,14793.286582097659,12404.917724374362,31.394104805392374
0.0007916015625,4.3205078125e-08,107031250.0,44353515.625,7.852651153001159e-05,0.00036750353050408823,8.699494558887802e-05,9805.347082201524,10724.507241054938,9036.983010771528,91.1145150103831
0.0007916015625,4.1673828125e-08,341406250.0,44353515.625,8.70789057342101e-05,0.0004903529081548624,9.555867250241348e-05,10771.081004480147,11791.50197633926,9859.106810924093,45.8630997856709
0.0006392578125,4.3205078125e-08,341406250.0,44353515.625,8.244418864149312e-05,0.0004723694354034737,9.09927867662169e-05,10188.583557163382,11129.39319155608,9349.277091455317,67.03402127350988
0.0006392578125,4.1673828125e-08,107031250.0,44353515.625,7.398280718310948e-05,0.00035295367936668664,8.25845271073714e-05,9227.086022041072,10134.434980199112,8475.50440308669,121.88345192429242
0.0006392578125,4.1673828125e-08,341406250.0,6455078.125,0.00010590781633121068,0.0005927913454820542,0.00011333552576001061,12773.697506400442,14026.847858185136,11677.944138454794,21.31170197140917
0.0006392578125,4.1673828125e-08,341406250.0,44353515.625,8.22795661421261e-05,0.00047225216043491973,9.085231886035383e-05,10167.2630172062,11137.922787121182,9303.1581081536,67.50499415157661
0.0006291015625,2.4830078124999997e-08,257031250.0,12580078.125,9.775524422723162e-05,0.0005294194606926205,0.00010511754841349793,11853.260707905521,13779.39844210642,10256.634490554768,12.356629214257454
0.0008017578125,2.4830078124999997e-08,257031250.0,12580078.125,0.00010479292962781904,0.0005540566788950707,0.00011196416374973899,12714.609136745712,14759.743883702084,11008.267489372754,6.750324824143214
0.0006291015625,3.5548828125e-08,257031250.0,12580078.125,9.857225197914292e-05,0.0005345262176592721,0.00010568369336508285,11955.051295423138,13329.491095561967,10774.538809898679,17.724286251682372
0.0006291015625,2.4830078124999997e-08,191406250.0,12580078.125,9.597069908730263e-05,0.0004985755231185,0.00010335962722604246,11647.833751346248,13573.18839750946,10091.530467441135,14.907519047993292
0.0006291015625,2.4830078124999997e-08,257031250.0,13728515.625,9.685109359573167e-05,0.0005251819074903232,0.00010428287923979066,11752.937325851042,13661.06993296598,10170.560065501348,13.835793281731835
0.0006291015625,3.5548828125e-08,191406250.0,13728515.625,9.601115218255848e-05,0.0005013486158571492,0.00010356184092557458,11664.438224220778,13028.73204255633,10523.123548353145,20.88653860590576
0.0008017578125,2.4830078124999997e-08,191406250.0,13728515.625,0.0001018772575589678,0.0005173601790671035,0.0001091986144661116,12383.249861490413,14405.151266369043,10733.624251774761,6.471357404550514
0.0008017578125,3.5548828125e-08,257031250.0,13728515.625,0.00010432838023365212,0.000554562478462227,0.00011132043126149913,12672.841223858255,14115.194973395692,11427.933993764082,14.717451789709084
0.0008017578125,3.5548828125e-08,191406250.0,12580078.125,0.00010350193630184821,0.0005274314768869624,0.00011088849943355242,12573.662920875726,14025.886753831994,11348.580121814568,13.606639064301191
0.0008017578125,3.5548828125e-08,191406250.0,13728515.625,0.00010252942399118004,0.000523386601035795,0.00010996360665266895,12466.437132125871,13906.493349315007,11252.544261620778,13.727592355367934
0.0012791015625,4.9330078125e-08,457031250.0,37080078.125,0.00010839899755923272,0.0006073317195135273,0.00011605460578897638,13384.737128485383,14455.371574332694,12413.907530663058,32.04248774735752
0.0014517578125000001,4.9330078125e-08,457031250.0,37080078.125,0.0001138809015999176,0.0006286258727275494,0.00012141708431652064,14075.715200620458,15193.645631692385,13059.458543494202,47.71947738664734
0.0012791015625,1.1048828125e-08,457031250.0,37080078.125,0.00010727724566864005,0.0005633522884724311,0.00011607946069353188,13204.776129866128,17668.29592333395,9836.994445453996,11.617466252629299
0.0012791015625,4.9330078125e-08,391406250.0,37080078.125,0.00010755293776092149,0.0005869826118890751,0.00011532661800678477,13289.508909986544,14352.888091176343,12331.437298064371,29.05187824046227
0.0012791015625,4.9330078125e-08,457031250.0,38228515.625,0.00010771711240497632,0.0006029934579356189,0.00011541293384644078,13310.233959097035,14373.744121208494,12347.784419965084,30.711162703419532
0.0012791015625,1.1048828125e-08,391406250.0,38228515.625,0.00010537541847312582,0.0005348757751434955,0.0001140358280435658,12988.919852346122,17360.10977274663,9699.709390326998,8.848488033146348
0.0014517578125000001,4.9330078125e-08,391406250.0,38228515.625,0.00011227182430613019,0.0006031338347135339,0.00012001572124553473,13895.8058998902,14999.223687206306,12898.57684096695,40.81614120711838
0.0014517578125000001,1.1048828125e-08,457031250.0,38228515.625,0.00011290668044777257,0.0005828784909291121,0.00012160657288236754,13913.347383097895,18577.562816875135,10376.298806089406,21.248378647674432
0.0014517578125000001,1.1048828125e-08,391406250.0,37080078.125,0.00011257809088546864,0.0005624297149027131,0.0001210633422519186,13874.526026417085,18515.51166731112,10374.344826259232,18.96550357987207
0.0014517578125000001,1.1048828125e-08,391406250.0,38228515.625,0.00011173655324716054,0.0005576021698028133,0.00012025371002221961,13779.702043219047,18382.821472438565,10303.39193153379,17.01701983648808
0.0009541015625,1.2580078125e-08,157031250.0,24830078.125,9.493513996365057e-05,0.00043990435531030523,0.00010253278457714597,11656.992458110879,15255.486740854716,8998.847407533047,15.606277457467597
0.0011267578125,1.2580078125e-08,157031250.0,24830078.125,0.0001013522022147823,0.00046104004886192353,0.00010879906779288925,12452.23656462543,16257.383050807357,9622.024777504103,5.122946997099654
0.0009541015625,2.3298828124999998e-08,157031250.0,24830078.125,9.680213732329556e-05,0.0004716107402328973,0.00010431459590060199,11881.477992339627,13913.590970981939,10233.489525165214,11.098797288795655
0.0009541015625,1.2580078125e-08,291406250.0,24830078.125,0.00010064498323061981,0.0005136518494087416,0.00010898140907638051,12312.208290920977,16084.12841690907,9449.54332717004,6.140081291469633
0.0009541015625,1.2580078125e-08,157031250.0,25978515.625,9.40426850690212e-05,0.0004350317917412474,0.00010170993288767172,11557.59322121757,15119.242082665,8917.687990360728,17.900693986461885
0.0009541015625,2.3298828124999998e-08,291406250.0,25978515.625,0.00010101220652817312,0.0005382129892336322,0.00010910943151011224,12364.5818010338,14437.200469428379,10610.776869852685,6.529292096243205
0.0011267578125,1.2580078125e-08,291406250.0,25978515.625,0.00010652180457259998,0.0005329424460392148,0.00011473178467598028,13047.172742810331,17004.81248481937,10024.392554086706,4.739266358472418
0.0011267578125,2.3298828124999998e-08,157031250.0,25978515.625,0.00010207391530038705,0.0004870988396742722,0.000109488925068513,12547.56125174821,14667.466057208196,10821.586768147099,4.8849191228871485
0.0011267578125,2.3298828124999998e-08,291406250.0,24830078.125,0.00010832707162350718,0.0005663289149212896,0.00011617455339338572,13258.530167680929,15464.814435631479,11389.166999881829,8.060132426623943
0.0011267578125,2.3298828124999998e-08,291406250.0,25978515.625,0.00010745672893116388,0.0005617179069876219,0.00011536723936332382,13161.598852784145,15349.895794899645,11303.626134578331,7.1248384235495
0.0003041015625,3.7080078125e-08,357031250.0,49330078.125,6.909358055950708e-05,0.0004204119785863903,7.834118365183288e-05,8538.031473434214,9466.88403072781,7714.754690489066,157.38815720561985
0.00047675781249999997,3.7080078125e-08,357031250.0,49330078.125,7.456370410956481e-05,0.0004419887997030243,8.36116599078825e-05,9224.9603527092,10215.098981063573,8343.829435745118,113.51331268966098
0.0003041015625,4.7798828124999995e-08,357031250.0,49330078.125,7.079018443802493e-05,0.0004268841868474866,7.977790612088433e-05,8749.34166728012,9501.709022865472,8081.604869828385,144.16852267263363
0.0003041015625,3.7080078125e-08,491406250.0,49330078.125,7.047247720214435e-05,0.000455701693607633,7.963840675312195e-05,8694.353279694491,9642.59524349053,7852.053065751277,144.85905356756584
0.0003041015625,3.7080078125e-08,357031250.0,1478515.625,0.00010132488883377391,0.0005847460930248125,0.00010922133330941252,12077.621104638023,13430.12904328539,10906.271067372172,19.87149270142462
0.0003041015625,4.7798828124999995e-08,491406250.0,1478515.625,0.00010270157021501092,0.0006199891709533744,0.0001103709661683432,12239.116212478393,13320.035473641385,11287.506639364992,27.245661245570673
0.00047675781249999997,3.7080078125e-08,491406250.0,1478515.625,0.00011017182227616823,0.0006537038910359212,0.00011802110892632112,13128.043165015722,14577.815187088921,11841.731079904228,27.307993099361955
0.00047675781249999997,4.7798828124999995e-08,357031250.0,1478515.625,0.00010949228965988178,0.0006088916030003085,0.0001169878592305294,13058.042218842054,14200.423491352683,12058.406467242028,27.741937970119658
0.00047675781249999997,4.7798828124999995e-08,491406250.0,49330078.125,7.742112837739765e-05,0.0004813565379176193,8.623452648716996e-05,9568.740902520281,10385.707702390684,8838.023783710098,95.49533239610949
0.00047675781249999997,4.7798828124999995e-08,491406250.0,1478515.625,0.00011035018952474223,0.0006518011206154304,0.00011816303306714496,13146.213995167747,14299.675285905125,12124.084862677664,33.66959549674073
0.0003447265625,1.1048828125e-08,219531250.0,1861328.125,9.762792732834147e-05,0.0004978177496825143,0.00010544366664995789,11660.169709681679,15960.260857752593,8611.459421143856,19.485497877657902
0.0012486328125,1.1048828125e-08,219531250.0,1861328.125,0.00014374146953920043,0.0006555170396946309,0.00015053248518414678,17195.91090381645,23246.08467730218,12770.61820123996,187.7661239877355
0.0003447265625,1.2580078125e-08,219531250.0,1861328.125,9.795087453540938e-05,0.0005046553327225417,0.00010570593145106753,11697.836733199707,15508.18697141664,8906.379647671947,14.451582712076235
0.0003447265625,1.1048828125e-08,353906250.0,1861328.125,0.000100028885818691,0.0005494313110866342,0.00010875845668298401,11936.246161729603,16294.950839230163,8777.313100370628,17.548979272547275
0.0003447265625,1.1048828125e-08,219531250.0,27509765.625,7.248552523705485e-05,0.00037743916646473726,8.136880581683165e-05,8881.69036713432,12108.049521588182,6592.196547197822,135.39492002435307
0.0003447265625,1.2580078125e-08,353906250.0,27509765.625,7.588922281310854e-05,0.0004386318661482197,8.514399543985666e-05,9274.213227031767,12228.396232088979,7075.6747662149055,106.2798008110896
0.0012486328125,1.1048828125e-08,353906250.0,27509765.625,0.00011139436459478103,0.0005610070220574422,0.00011967344126412622,13650.10152471621,18298.39626068314,10183.572148216279,16.50636006088956
0.0012486328125,1.2580078125e-08,219531250.0,27509765.625,0.00010737443565941907,0.0005051061712824902,0.00011511906789211056,13190.68635125382,17166.62742971665,10185.858501703073,4.510741142191842
0.0012486328125,1.2580078125e-08,353906250.0,1861328.125,0.0001470851968204227,0.0007272565181297107,0.0001547528847660617,17580.06851920667,23010.82948643099,13440.404953504394,216.1191890284743
0.0012486328125,1.2580078125e-08,353906250.0,27509765.625,0.00011157100771347011,0.00056981115952305,0.00011988469584813975,13671.129703837642,17784.593422919523,10505.021175260494,11.652666824634899
0.0009947265625,3.5548828125e-08,419531250.0,26361328.125,0.00010490573447448857,0.0005984457624355053,0.00011272398791216868,12836.708330277665,14252.90959243279,11577.931470869202,18.491160206436845
0.0005986328125,3.5548828125e-08,419531250.0,26361328.125,9.063129944375666e-05,0.0005421033874821157,9.866716275626891e-05,11069.21451323928,12311.97662599269,9970.713452084248,35.33461453847273
0.0009947265625,3.7080078125e-08,419531250.0,26361328.125,0.00010495347200178615,0.0005985301401666809,0.00011273748814366515,12843.578698212368,14205.504312672536,11631.22884632663,19.539279269425954
0.0009947265625,3.5548828125e-08,153906250.0,26361328.125,9.798821970639229e-05,0.00047838479093794035,0.00010557961005084002,12049.540250121718,13416.007389108641,10898.971325772773,16.790762742687168
0.0009947265625,3.5548828125e-08,419531250.0,3009765.625,0.00012951714687942225,0.0007078592811633459,0.00013700800467718503,15513.206605987625,17254.519105202577,13963.0025609947,101.19304762372214
0.0009947265625,3.7080078125e-08,153906250.0,3009765.625,0.00012332378216278257,0.0005756499718214069,0.00012915061795965775,14812.49961742929,16407.093105459877,13431.39620446243,57.035736859871726
0.0005986328125,3.5548828125e-08,153906250.0,3009765.625,0.00010659106692897752,0.0005235638877380206,0.0001130653224391871,12786.817783216164,14260.39357906536,11537.821469064133,13.821073782160648
0.0005986328125,3.7080078125e-08,419531250.0,3009765.625,0.00011187293394894721,0.000642434627997995,0.00011970893729631803,13385.692759873387,14856.68316283775,12086.20240346981,28.42296956578796
0.0005986328125,3.7080078125e-08,153906250.0,26361328.125,8.478348125588186e-05,0.0004358914872652467,9.271877691108374e-05,10404.46244132514,11572.585803228596,9436.280274643965,56.97343781421339
0.0005986328125,3.7080078125e-08,153906250.0,3009765.625,0.0001066583264659515,0.0005235707418198484,0.00011314249322966582,12795.64209955509,14211.627865493841,11592.649414615053,14.872197677302207
0.0013197265625,2.3298828124999998e-08,119531250.0,14111328.125,0.00011704101759845146,0.000524644128268652,0.00012297847244577612,14290.310430791424,16673.358057601414,12324.350223579144,23.297678075590184
0.0002736328125,2.3298828124999998e-08,119531250.0,14111328.125,7.705278610465692e-05,0.0003990563675669931,8.463009664461773e-05,9368.58022931765,11078.160903682752,8047.758763165748,101.07272946737119
0.0013197265625,4.9330078125e-08,119531250.0,14111328.125,0.00011697208766852949,0.0005268452510106709,0.00012243551069322022,14308.510277906043,15459.405369649741,13306.923774764833,47.69169617380829
0.0013197265625,2.3298828124999998e-08,453906250.0,14111328.125,0.00012749257212654698,0.0007004742435555499,0.00013514138734999046,15489.631681323237,18053.30526036754,13282.96883433214,81.32285219451072
0.0013197265625,2.3298828124999998e-08,119531250.0,15259765.625,0.00011579244676172281,0.0005201166209455154,0.0001218147762488409,14152.606005706673,16512.381223049437,12214.554841667441,20.105407148565277
0.0013197265625,4.9330078125e-08,453906250.0,15259765.625,0.00012469374849270677,0.0006877965396935637,0.0001319090402612796,15192.129065349764,16425.69175759403,14080.552982856576,95.18893578566771
0.0002736328125,2.3298828124999998e-08,453906250.0,15259765.625,8.329154816973568e-05,0.0005279855947236097,9.17703677863224e-05,10090.6480220239,11842.308627684664,8612.498045587075,63.773222430326555
0.0002736328125,4.9330078125e-08,119531250.0,15259765.625,8.05753850279787e-05,0.0004109381591202444,8.78076862082502e-05,9802.183466272336,10662.088211006381,9099.489462534711,86.04248179919864
0.0002736328125,4.9330078125e-08,453906250.0,14111328.125,8.732835532068545e-05,0.0005379243272028518,9.490216695981314e-05,10573.354620509035,11479.545161381495,9776.816574315246,53.43628357745954
0.0002736328125,4.9330078125e-08,453906250.0,15259765.625,8.66896022877346e-05,0.000535190067322055,9.429724028831446e-05,10502.957192758004,11402.6153296712,9711.741009986079,55.72966340242756
0.0006697265625,4.7798828124999995e-08,319531250.0,38611328.125,8.62780728749018e-05,0.00048600762247911035,9.470171882692335e-05,10636.680371218727,11538.81543938121,9842.344397088234,51.43597898371282
0.0009236328125,4.7798828124999995e-08,319531250.0,38611328.125,9.427187098591855e-05,0.0005151075999175215,0.00010252993630738774,11642.391618265894,12615.325192265622,10781.108802924497,27.785474955302185
0.0006697265625,2.4830078124999997e-08,319531250.0,38611328.125,8.370637578563084e-05,0.0004741836396754368,9.254494228784522e-05,10308.703869085304,11940.014646229747,8915.695164997955,55.924809839812056
0.0006697265625,4.7798828124999995e-08,253906250.0,38611328.125,8.498454116886502e-05,0.0004621049483027985,9.329711046274543e-05,10489.90442729771,11381.397205950287,9708.377086676479,56.91095018979424
0.0006697265625,4.7798828124999995e-08,319531250.0,39759765.625,8.570580074294436e-05,0.00048321614474678977,9.415658869321088e-05,10573.421123664888,11469.27257846488,9783.060334944126,53.58872095087515
0.0006697265625,2.4830078124999997e-08,253906250.0,39759765.625,8.162255893919975e-05,0.00044347364163647654,9.050153916695736e-05,10072.146667941033,11673.989506355018,8722.273133814033,66.8221726472559
0.0009236328125,4.7798828124999995e-08,253906250.0,39759765.625,9.225045360760069e-05,0.0004864955791421261,0.000100329323187019,11415.10936536177,12369.55375837052,10572.267101925025,31.740512724484393
0.0009236328125,2.4830078124999997e-08,319531250.0,39759765.625,9.186340462375935e-05,0.0005019539033721781,0.00010054071061331408,11332.221501169846,13096.429311468417,9814.422590975228,23.125189464172614
0.0009236328125,2.4830078124999997e-08,253906250.0,38611328.125,9.093310489726377e-05,0.00047791898229097726,9.945567303379341e-05,11224.86557740618,12980.013948304662,9737.671651812754,25.778793415693663
0.0009236328125,2.4830078124999997e-08,253906250.0,39759765.625,9.02592402041904e-05,0.00047409994338862147,9.884494657323091e-05,11149.558421174566,12890.723984699705,9670.51160861418,27.889017072748562
0.0008322265625,1.7173828124999997e-08,469531250.0,44736328.125,8.722770498869168e-05,0.0005063638067978769,9.662558261731543e-05,10765.330131524623,13174.192255598233,8776.340194920416,36.91323620466146
0.0010861328125,1.7173828124999997e-08,469531250.0,44736328.125,9.623354057559526e-05,0.0005394869706998879,0.00010538960150264285,11886.57890433251,14508.298145637145,9708.635503280722,9.543972447390598
0.0008322265625,6.455078124999999e-09,469531250.0,44736328.125,8.491436655098388e-05,0.0004210170428847181,9.443505775773097e-05,10488.491461286856,16450.354682007375,6777.645752008118,81.69486366030803
0.0008322265625,1.7173828124999997e-08,403906250.0,44736328.125,8.640088270824516e-05,0.00048564706855445434,9.56622936601843e-05,10671.107879626183,13054.265991633676,8715.77307272753,40.04737165059794
0.0008322265625,1.7173828124999997e-08,469531250.0,21384765.625,0.00010167735025760463,0.0005897086240054134,0.00011030030429947461,12385.434600140923,15199.364210236621,10075.293819766508,6.418753653448006
0.0008322265625,6.455078124999999e-09,403906250.0,21384765.625,9.91974378079198e-05,0.0004959116569227316,0.00010780052563637806,12094.440015501674,19040.97556964062,7772.678754948312,62.18396435144954
0.0010861328125,1.7173828124999997e-08,403906250.0,21384765.625,0.00011118708072427017,0.0006061158671537477,0.00011951215641514362,13560.47222916068,16608.506609279146,11062.700463657264,9.728899064715666
0.0010861328125,6.455078124999999e-09,469531250.0,21384765.625,0.00011092317094979598,0.0005589940564021098,0.0001194644760685221,13526.24133473493,21236.73434874838,8705.575485014557,85.12906603482051
0.0010861328125,6.455078124999999e-09,403906250.0,44736328.125,9.31483858581459e-05,0.0004335943455408717,0.00010224470653552408,11522.996789898654,17905.60902241372,7491.576948094444,60.44893743201645
0.0010861328125,6.455078124999999e-09,403906250.0,21384765.625,0.00010991538006248313,0.0005367136199541803,0.00011823812539346455,13410.59547784261,21011.009426403187,8639.602688391149,79.70924654023518
0.0014822265625,4.1673828125e-08,269531250.0,20236328.125,0.00012412917333278828,0.0006228262919895793,0.00013079433478066824,15195.568057205779,16630.82250793571,13932.38576162303,79.96567703788008
0.0004361328125,4.1673828125e-08,269531250.0,20236328.125,8.69889461575572e-05,0.0004912580626447302,9.474613870152234e-05,10593.171306442571,11643.56083784613,9686.435076034157,50.23345719684342
0.0014822265625,3.0955078125e-08,269531250.0,20236328.125,0.00012473794257456875,0.0006244013300245806,0.00013157709553078415,15253.426732071608,17162.026265414606,13588.183403983454,70.56814505793443
0.0014822265625,4.1673828125e-08,203906250.0,20236328.125,0.00012196855288793859,0.0005881224786974489,0.00012916502872669871,14949.7174637584,16374.163133677464,13714.359465878268,66.68410246962448
0.0014822265625,4.1673828125e-08,269531250.0,45884765.625,0.00010600550456167846,0.0005334390859704053,0.00011406425800963441,13195.811046519224,14406.32108444211,12110.749994833874,21.139251532329713
0.0014822265625,3.0955078125e-08,203906250.0,45884765.625,0.00010331102525593246,0.0004928907279282821,0.00011112742801148703,12866.864875811769,14433.63692000751,11498.55194238659,11.381384948536226
0.0004361328125,4.1673828125e-08,203906250.0,45884765.625,7.223988973002816e-05,0.0003907840296270728,8.116512266421822e-05,8951.361253206582,9829.173774803086,8197.439843229973,133.57468482570812
0.0004361328125,3.0955078125e-08,269531250.0,45884765.625,7.223334935683401e-05,0.00041223942110494747,8.146156945427956e-05,8932.247378054191,10090.203901879646,7940.804416358772,130.93695089375055
0.0004361328125,3.0955078125e-08,203906250.0,20236328.125,8.411082922045247e-05,0.0004576004284948522,9.171365016765395e-05,10252.640343456433,11622.575250697628,9111.344600276137,59.44248945469714
0.0004361328125,3.0955078125e-08,203906250.0,45884765.625,7.049698167056284e-05,0.000382788716850081,7.964911069006219e-05,8734.675588595032,9874.232860432376,7770.665431856743,146.0983593619278
0.0011572265625,4.923828124999999e-09,369531250.0,32486328.125,0.00010260163479671448,0.0004576210660817781,0.00011120637435769799,12615.25995923875,21411.673623270315,7619.276447131941,114.79497797406117
0.0007611328125,4.923828124999999e-09,369531250.0,32486328.125,8.713379289207625e-05,0.0004003501147512646,9.620825993273316e-05,10702.428695450428,18353.94989922695,6434.740509468542,109.73734516205677
0.0011572265625,4.3205078125e-08,369531250.0,32486328.125,0.00010605518095885658,0.0005805961014592167,0.00011398059274502005,13050.706019763606,14237.268639320011,11991.292317486957,23.039257064427296
0.0011572265625,4.923828124999999e-09,303906250.0,32486328.125,0.00010069471203802749,0.00043044002863328176,0.00010910260109224966,12396.361130206948,20960.774866938104,7513.114804918603,108.58361600656647
0.0011572265625,4.923828124999999e-09,369531250.0,33634765.625,0.00010175548213790714,0.0004524652807905001,0.0001104077599794992,12519.585245310605,21236.684308108495,7562.233818275816,112.40186045342698
0.0011572265625,4.3205078125e-08,303906250.0,33634765.625,0.00010417936817249429,0.0005534457491588653,0.00011201638076345263,12840.571224570798,14009.2350898159,11797.056914771896,20.086695695016644
0.0007611328125,4.923828124999999e-09,303906250.0,33634765.625,8.475500310213949e-05,0.0003709288061999499,9.36983209076976e-05,10431.103412149145,17813.880962533636,6294.345837029766,114.85727006977586
0.0007611328125,4.3205078125e-08,369531250.0,33634765.625,9.222985089859991e-05,0.0005289743461615008,0.00010034818346070994,11332.015329859756,12382.833131477108,10399.769356176592,31.860325762984598
0.0007611328125,4.3205078125e-08,303906250.0,32486328.125,9.183197308907463e-05,0.0005097096860716649,0.00010002660517277514,11284.95055828215,12335.341405742667,10356.990165626785,32.44822451209209
0.0007611328125,4.3205078125e-08,303906250.0,33634765.625,9.118310652544882e-05,0.0005061913271756778,9.942891327874633e-05,11213.2441014888,12256.304195785837,10291.486026094259,34.05618694999423
0.0005072265625,2.9423828124999998e-08,169531250.0,7986328.125,9.472205929657072e-05,0.0004889520306117464,0.00010195819969441769,11454.255880283516,13076.32027524244,10130.878855395664,21.172516597552374
0.0014111328125,2.9423828124999998e-08,169531250.0,7986328.125,0.00013118521024624936,0.0006067437673055561,0.0001372072979755328,15916.898947676505,18023.956927910534,14113.718673542142,98.86818085853297
0.0005072265625,1.8705078124999997e-08,169531250.0,7986328.125,9.341340495607647e-05,0.00047767933564090093,0.00010072024382220408,11295.951710533716,13789.051827280335,9357.801154041084,19.326964099661133
0.0005072265625,2.9423828124999998e-08,103906250.0,7986328.125,9.129553864599953e-05,0.0004441235465365591,9.740396869119357e-05,11056.181201605455,12603.524853411001,9798.060422435974,32.16869120086243
0.0005072265625,2.9423828124999998e-08,169531250.0,9134765.625,9.372015575412764e-05,0.0004855367195131047,0.00010104533329747116,11343.327187384433,12950.1272636114,10035.80908645671,23.55558591897793
0.0005072265625,1.8705078124999997e-08,103906250.0,9134765.625,8.845533124130349e-05,0.0004285583405524604,9.505174085598147e-05,10726.131475230908,13092.031828741621,8917.186556614472,37.57977877216562
0.0014111328125,2.9423828124999998e-08,103906250.0,9134765.625,0.00012465002982326747,0.0005477061040755854,0.00012941100050691307,15171.182880716624,17174.891675657953,13477.856909192202,60.49826033499163
0.0014111328125,1.8705078124999997e-08,169531250.0,9134765.625,0.00013028855849815367,0.0005962698422232755,0.00013659723116877062,15815.756710031555,19098.480547440886,13161.120558847864,77.51790093473281
0.0014111328125,1.8705078124999997e-08,103906250.0,7986328.125,0.0001262622538244429,0.0005483644366622112,0.0001312855040508508,15342.593464682286,18526.446700644057,12814.556439573324,54.2286414380492
0.0014111328125,1.8705078124999997e-08,103906250.0,9134765.625,0.0001246280356857157,0.0005419839818061901,0.0001298090484258501,15162.960284572007,18307.43140018581,12659.34314117835,46.61828526167206
0.00042597656250000003,2.0236328124999996e-08,394531250.0,23298828.125,8.366084292268496e-05,0.0005052266513593458,9.241235398168303e-05,10193.329774600406,12208.747968326503,8524.051818880047,58.28201672356325
0.0006798828125,2.0236328124999996e-08,394531250.0,23298828.125,9.37357694565514e-05,0.0005428283603950097,0.00010224538746002184,11431.16275539536,13655.9333692923,9576.986642107766,18.868856000591983
0.00042597656250000003,2.1767578125e-08,394531250.0,23298828.125,8.391715860739125e-05,0.0005080373538548579,9.256551445668817e-05,10223.938721332328,12104.675312215155,8650.332530538979,57.44259182414004
0.00042597656250000003,2.0236328124999996e-08,428906250.0,23298828.125,8.40179763925497e-05,0.0005146428752339619,9.281715799641465e-05,10234.371484996864,12255.349256364454,8549.763976061584,56.85198216695875
0.00042597656250000003,2.0236328124999996e-08,394531250.0,24447265.625,8.298523344006797e-05,0.000501590460274337,9.178083989123236e-05,10117.790545136619,12117.998700218555,8459.113222346872,61.606592777805666
0.00042597656250000003,2.1767578125e-08,428906250.0,24447265.625,8.35985147184176e-05,0.0005139117669521583,9.233948043483906e-05,10189.444433283828,12058.191900019065,8612.707751002821,59.252707629850285
0.0006798828125,2.0236328124999996e-08,428906250.0,24447265.625,9.338600336518196e-05,0.0005501941727718702,0.00010197757475990185,11393.179895111976,13606.309155238987,9534.750997685358,20.237826566744108
0.0006798828125,2.1767578125e-08,394531250.0,24447265.625,9.31646674031962e-05,0.0005415817542643456,0.00010162275729446818,11369.220529792165,13424.135894713922,9635.217268657814,21.016913373775438
0.0006798828125,2.1767578125e-08,428906250.0,23298828.125,9.430875637642615e-05,0.0005568320846847748,0.0001027555597089377,11498.002043515638,13576.678530839403,9735.22254327552,18.887201429706778
0.0006798828125,2.1767578125e-08,428906250.0,24447265.625,9.356254426000461e-05,0.0005529284252802437,0.00010205871684811711,11414.74262902833,13477.148048731788,9664.651044878334,20.56064023620091
0.0010759765625,4.4736328125e-08,194531250.0,47798828.125,9.039662069993308e-05,0.000447756383898077,9.842578951158167e-05,11272.379661511046,12257.865853741821,10409.639289714725,35.31193559665446
0.0013298828125000001,4.4736328125e-08,194531250.0,47798828.125,9.777419961932998e-05,0.000471833279093294,0.00010552922336381669,12212.070701770012,13265.735886769227,11285.928305325102,21.326396120501116
0.0010759765625,4.6267578125e-08,194531250.0,47798828.125,9.050287652323111e-05,0.00044805364263476557,9.850216424891537e-05,11288.178144326304,12244.566674725922,10451.021215903365,35.47422153261213
0.0010759765625,4.4736328125e-08,228906250.0,47798828.125,9.164696286247624e-05,0.00046599181190006103,9.992500007505905e-05,11414.055350873035,12410.71555252369,10531.835604209758,31.608327289203828
0.0010759765625,4.4736328125e-08,194531250.0,48947265.625,8.980451640501028e-05,0.0004441528903477609,9.790859895601753e-05,11207.00891258261,12184.748842057124,10348.136828705023,37.02153360988172
0.0010759765625,4.6267578125e-08,228906250.0,48947265.625,9.115211441978945e-05,0.0004626002674383564,9.947532011628961e-05,11363.436673445407,12324.209231232659,10511.373449332434,33.29860622936021
0.0013298828125000001,4.4736328125e-08,228906250.0,48947265.625,9.850191180785682e-05,0.00048800330819898525,0.00010656840315360983,12296.245917291422,13353.133987958323,11352.788137648962,20.48023343892238
0.0013298828125000001,4.6267578125e-08,194531250.0,48947265.625,9.720758432703539e-05,0.00046857603312732197,0.0001050040840291977,12154.10250912922,13169.02503881525,11258.975213326681,22.487247415227742
0.0013298828125000001,4.6267578125e-08,228906250.0,47798828.125,9.919565248351691e-05,0.0004921071741543831,0.0001071577548822663,12376.971061886205,13409.581838683724,11458.009248026021,20.769155644050333
0.0013298828125000001,4.6267578125e-08,228906250.0,48947265.625,9.8561482517456e-05,0.0004882853051062118,0.00010659534257120168,12307.144291902823,13333.221010655734,11391.685062251503,21.092328524064403
0.0014009765625,7.986328125e-09,494531250.0,11048828.125,0.0001352787450704627,0.0006921725091787294,0.00014334335257691207,16400.919990098093,24101.855102963666,11179.80944562244,190.5065267650578
0.0010048828125,7.986328125e-09,494531250.0,11048828.125,0.00011723916154335852,0.0006220755981960937,0.00012562257295489459,14199.464471443127,20962.151892113612,9650.404396121488,72.80654999926628
0.0014009765625,3.4017578125e-08,494531250.0,11048828.125,0.00013306255559013784,0.0007386398340501542,0.00014024889375431157,16147.19518570456,17989.280235741477,14486.574019616699,137.48056976324952
0.0014009765625,7.986328125e-09,328906250.0,11048828.125,0.00013271883210970388,0.0006285433539670191,0.00014015442725357993,16103.851112673425,23616.801075164174,11018.852978731027,159.47162933763553
0.0014009765625,7.986328125e-09,494531250.0,36697265.625,0.0001122156981331707,0.0005661566002833854,0.00012101921478034932,13811.864403809528,20147.74136608143,9473.1901056896,50.228766624288895
0.0014009765625,3.4017578125e-08,328906250.0,36697265.625,0.00011063421363714546,0.0005816336702993413,0.00011868179413198616,13657.608813651907,15191.371352978662,12290.997521112415,23.75196876335965
0.0010048828125,7.986328125e-09,328906250.0,36697265.625,9.410426581783135e-05,0.00044961597459152505,0.0001027920117242443,11595.67668135444,16941.955414235486,7960.992156989704,38.79990778615721
0.0010048828125,3.4017578125e-08,494531250.0,36697265.625,9.959680080944733e-05,0.0005869127780192792,0.00010790861953655508,12251.258626286797,13645.692148677765,10999.097240611602,17.988948142030925
0.0010048828125,3.4017578125e-08,328906250.0,11048828.125,0.000115686530179995,0.000622714221492915,0.00012284414486142902,14028.568138221735,15663.525202488305,12593.428742703838,34.637302116572606
0.0010048828125,3.4017578125e-08,328906250.0,36697265.625,9.735770538914167e-05,0.0005341992627696847,0.00010568579816689253,11997.057694541907,13371.350328697936,10784.071137870429,17.281917655184216
0.0007509765624999999,3.2486328124999996e-08,294531250.0,35548828.125,8.862527483874802e-05,0.0004922597350863033,9.711467026671898e-05,10905.22863330472,12231.261859207381,9755.462361610791,37.93286639318387
0.0003548828125,3.2486328124999996e-08,294531250.0,35548828.125,7.505654152146394e-05,0.0004425967340815705,8.392530403061052e-05,9216.816794981502,10372.042794436149,8228.076425564448,111.76090045258107
0.0007509765624999999,9.517578125e-09,294531250.0,35548828.125,8.493406954818409e-05,0.0004228179720714013,9.378610906535386e-05,10455.748998450528,14628.275727059376,7518.314247190768,58.47679453872614
0.0007509765624999999,3.2486328124999996e-08,128906250.0,35548828.125,8.224839321699208e-05,0.0004025263804789285,9.034543462870067e-05,10179.97344912809,11452.437802564651,9129.936980424734,67.205820967615
0.0007509765624999999,3.2486328124999996e-08,294531250.0,12197265.625,0.00010414483633510548,0.0005684408679002158,0.00011142606253739768,12628.453759991375,14189.68094507331,11283.765396193172,13.531621327984919
0.0007509765624999999,9.517578125e-09,128906250.0,12197265.625,9.502184257285887e-05,0.0004320940402123081,0.00010212114272816,11561.566002426076,16341.527825574793,8328.499491683904,28.449656256891185
0.0003548828125,3.2486328124999996e-08,128906250.0,12197265.625,8.386218825646309e-05,0.00043111692300278016,9.109580755285036e-05,10177.735963037554,11500.956869895086,9104.17593102902,63.606430658596665
0.0003548828125,9.517578125e-09,294531250.0,12197265.625,8.44790461125986e-05,0.00045478234989597784,9.297593491100676e-05,10232.280238073225,14520.78268863288,7277.489256570828,65.63191223425183
0.0003548828125,9.517578125e-09,128906250.0,35548828.125,6.329320670974622e-05,0.00027788348840074577,7.242468199825287e-05,7838.521764565922,11082.52438894216,5663.40743746023,224.78930540405227
0.0003548828125,9.517578125e-09,128906250.0,12197265.625,7.853929468042762e-05,0.00037736762000146497,8.620674931225498e-05,9544.398043827583,13627.363400610278,6845.496557599569,98.92559519466934
0.0005884765625,1.861328125e-09,144531250.0,29423828.125,6.895400555593347e-05,0.00028644724560418895,7.657609395096472e-05,8540.18222856723,19157.919073178567,4635.720117714323,244.70672069609842
0.0005173828125,1.861328125e-09,144531250.0,29423828.125,6.640727058378504e-05,0.0002776888671395476,7.422933228550145e-05,8224.337736142104,18542.011012316598,4460.862065640456,251.742714567301
0.0005884765625,1.5642578124999998e-08,144531250.0,29423828.125,7.833831714494561e-05,0.0003844009419173195,8.653042956090739e-05,9642.389801675079,12116.012191261812,7768.961307039064,88.28521420930937
0.0005884765625,1.861328125e-09,378906250.0,29423828.125,8.039097331823389e-05,0.00036356094541638686,8.966396788214242e-05,9861.576865384777,22872.83287778049,5197.732571431846,277.4575218702322
0.0005884765625,1.861328125e-09,144531250.0,30572265.625,6.831927909268236e-05,0.00028242309794600625,7.559567342201006e-05,8469.40478633973,18928.618863309708,4604.495615495758,244.7970940792924
0.0005884765625,1.5642578124999998e-08,378906250.0,30572265.625,8.473334824555857e-05,0.00048592036860140535,9.380595736617436e-05,10376.825112831526,12987.951451099332,8309.052010680474,50.379112230071385
0.0005173828125,1.861328125e-09,378906250.0,30572265.625,7.679442300046611e-05,0.00034902299764372847,8.629772191527508e-05,9425.723886262022,21940.407017013094,4968.353511312045,266.9370231118229
0.0005173828125,1.5642578124999998e-08,144531250.0,30572265.625,7.510456366414007e-05,0.0003719160368077369,8.345685467112205e-05,9249.399117204965,11632.756556885419,7447.351189033644,111.13290645166703
0.0005173828125,1.5642578124999998e-08,378906250.0,29423828.125,8.264368595929498e-05,0.0004795845465707139,9.176898088957207e-05,10111.714683950371,12671.796941891738,8089.2533373837605,61.54843736054279
0.0005173828125,1.5642578124999998e-08,378906250.0,30572265.625,8.198497374451259e-05,0.0004761007894914212,9.115183007065567e-05,10037.45954671098,12576.848428522802,8029.807956476971,64.99845363653016
0.0012384765625,2.6361328124999996e-08,344531250.0,4923828.125,0.00013516520999081727,0.0007013950857020114,0.00014224283415488375,16272.925557196251,18683.853462514347,14183.750505328337,126.44453922908572
0.0011673828125,2.6361328124999996e-08,344531250.0,4923828.125,0.00013202742929694698,0.0006900220057808287,0.00013916810418782276,15891.378967303111,18252.848639880613,13848.339951034004,103.73802544081651
0.0012384765625,4.0142578124999996e-08,344531250.0,4923828.125,0.0001337212672703332,0.0006952532884517478,0.00014044785567503263,16107.376044795956,17702.330557620644,14696.00069345223,135.82952458794145
0.0012384765625,2.6361328124999996e-08,178906250.0,4923828.125,0.0001297279706257073,0.0006092162021379404,0.00013596652644921425,15661.991513462071,17997.50562263346,13693.726682492465,82.17277304296263
0.0012384765625,2.6361328124999996e-08,344531250.0,6072265.625,0.0001322122487098307,0.0006896307871114581,0.00013920347524055675,15956.296527024284,18317.90665972107,13909.73456539926,106.76655255981059
0.0012384765625,4.0142578124999996e-08,178906250.0,6072265.625,0.00012614160728703842,0.0005969506717111609,0.00013232111660001021,15281.618650722312,16794.848839359795,13963.446716809609,80.24451101793835
0.0011673828125,2.6361328124999996e-08,178906250.0,6072265.625,0.00012417771207640947,0.000590598362452512,0.00013061332798365582,15025.24489008683,17275.52877777546,13145.503642185926,53.53587572451464
0.0011673828125,4.0142578124999996e-08,344531250.0,6072265.625,0.00012809569092522561,0.0006741882050358532,0.00013490402116246364,15464.989290188289,16999.545086766135,14109.229659247854,98.1875510161166
0.0011673828125,4.0142578124999996e-08,178906250.0,4923828.125,0.00012603524686450682,0.000597449541099277,0.00013230568295101298,15219.33924932884,16731.732849605734,13902.379526551464,77.71602555779555
0.0011673828125,4.0142578124999996e-08,178906250.0,6072265.625,0.0001233755261994297,0.0005877475691541265,0.00012965420546246772,14943.017220960912,16428.26997589059,13651.388203415687,65.36210600048331
0.0009134765624999999,1.4111328124999999e-08,244531250.0,41673828.125,8.683989594804977e-05,0.0004296895868074934,9.562885787739552e-05,10743.816019045322,13646.114090544921,8480.884522308765,39.69145485352735
0.0014923828125,1.4111328124999999e-08,244531250.0,41673828.125,0.00010683385223743238,0.0004964335265433718,0.00011508977183302787,13241.619596873865,16708.25852261384,10492.435247732989,1.8605946861063916
0.0009134765624999999,2.7892578124999995e-08,244531250.0,41673828.125,8.890792559810727e-05,0.00046627463339759086,9.74656291821552e-05,10998.761704863202,12529.92272344764,9682.74872442577,33.92029597916537
0.0009134765624999999,1.4111328124999999e-08,478906250.0,41673828.125,9.151389474934274e-05,0.000518760942933023,0.00010080408537085252,11277.90228575165,14331.241369381769,8847.25391087991,22.435375614691665
0.0009134765624999999,1.4111328124999999e-08,244531250.0,18322265.625,0.00010315995242090472,0.0005198775701654705,0.00011090335639264771,12573.144280054006,16054.525424875177,9901.78726651275,2.3097273430340906
0.0009134765624999999,2.7892578124999995e-08,478906250.0,18322265.625,0.00010783401870539949,0.0006285898844586861,0.00011565436912616274,13118.06117380031,14956.940523707559,11505.151838173557,16.852158189097747
0.0014923828125,1.4111328124999999e-08,478906250.0,18322265.625,0.0001314322543167475,0.0007004571716622915,0.00013960074455430922,16010.268386115473,20323.90113746715,12570.001432194478,99.49868275615006
0.0014923828125,2.7892578124999995e-08,244531250.0,18322265.625,0.0001262458942389443,0.0006192101373068752,0.00013307863000532955,15421.294759555849,17570.871190250786,13587.997857426126,73.57787090650982
0.0014923828125,2.7892578124999995e-08,478906250.0,41673828.125,0.0001128751645892299,0.0006259353301095435,0.00012121859870022047,13945.447973918226,15824.691621543338,12260.583475157444,26.827415612394432
0.0014923828125,2.7892578124999995e-08,478906250.0,18322265.625,0.00013049260457939036,0.0007183945751438438,0.00013796509114111,15906.017132375371,18086.739116078243,13976.343026747898,111.13354813512828
0.00026347656250000004,3.8611328125e-08,444531250.0,17173828.125,8.390700578631226e-05,0.000528202467021639,9.183640062815636e-05,10175.766875699213,11263.120301181323,9218.663092765166,65.15585976166473
0.0008423828124999999,3.8611328125e-08,444531250.0,17173828.125,0.00010587976696498208,0.0006148325592566712,0.00011342276660178318,12876.646190204741,14208.418927549032,11686.32940577353,22.011703379089504
0.00026347656250000004,3.392578125e-09,444531250.0,17173828.125,7.65478537255311e-05,0.0003709532396103558,8.597899612194969e-05,9296.99794398576,18627.22825077833,5099.014654389369,189.83440508834104
0.00026347656250000004,3.8611328125e-08,278906250.0,17173828.125,8.223459493839159e-05,0.00047916797180542884,9.019138375050046e-05,9983.826280706844,11063.737289798413,9059.627762350772,72.57883499053243
0.00026347656250000004,3.8611328125e-08,444531250.0,42822265.625,7.16252829202359e-05,0.0004568797404118507,8.062766993426139e-05,8808.045363279887,9738.457330878751,7981.982771138509,137.47524886043166
0.00026347656250000004,3.392578125e-09,278906250.0,42822265.625,5.9397856411193746e-05,0.0002493696376841343,6.79759477091621e-05,7350.925722669713,14339.689307147768,4221.208454063012,272.1887187000157
0.0008423828124999999,3.8611328125e-08,278906250.0,42822265.625,8.795695611255021e-05,0.00047786925013566794,9.654501076929831e-05,10882.678507169936,11993.459303331585,9902.91797616001,41.59177447607485
0.0008423828124999999,3.392578125e-09,444531250.0,42822265.625,8.453799782872134e-05,0.00037367793217210756,9.406457683591429e-05,10443.352517823298,20191.60510501134,5846.29511620487,169.66283062848458
0.0008423828124999999,3.392578125e-09,278906250.0,17173828.125,9.864296930747457e-05,0.0004198938098006281,0.00010646341135192484,12020.78726405636,23277.16603065272,6681.568850212119,206.5755996333203
0.0008423828124999999,3.392578125e-09,278906250.0,42822265.625,8.034436198542883e-05,0.000322493679512213,8.852754151227537e-05,9953.167415035106,18842.35630481555,5743.480622744673,162.05156190319514
0.0002431640625,2.6269531249999997e-09,300781250.0,7220703.125,8.035129050291345e-05,0.0003617585005844535,8.897077528092596e-05,9702.882693298074,20968.139235946583,5146.389902007116,227.85123733237612
0.0010251953125,2.6269531249999997e-09,300781250.0,7220703.125,0.0001176831721876952,0.0005076021558549106,0.0001248925620161812,14236.64705731142,29906.478410618514,7598.310461990461,503.27931211810005
0.0002431640625,8.751953125e-09,300781250.0,7220703.125,8.300898024630851e-05,0.00045139455333301925,9.170322476285405e-05,10016.812623487831,14614.653759915693,6943.978592144761,78.05947745053395
0.0002431640625,2.6269531249999997e-09,460156250.0,7220703.125,8.230934909625895e-05,0.00039558329820135914,9.162258303075385e-05,9933.71016192878,21695.616296347023,5256.48204706001,234.7971302725125
0.0002431640625,2.6269531249999997e-09,300781250.0,49712890.625,5.6188879198564644e-05,0.00023707063826292326,6.283785092904005e-05,6983.0555743526165,14588.967824752734,3870.644913954024,301.68393049427624
0.0002431640625,8.751953125e-09,460156250.0,49712890.625,6.159972564053635e-05,0.000348081735520834,7.201966839377253e-05,7617.5397038646215,11109.508955322737,5292.593894188938,233.38597836342703
0.0010251953125,2.6269531249999997e-09,460156250.0,49712890.625,8.73547845204835e-05,0.0003768646351575605,9.50960417975534e-05,10830.209879192565,22313.259758224056,6014.878580120956,212.1648060365851
0.0010251953125,8.751953125e-09,300781250.0,49712890.625,8.650577604089269e-05,0.00039259572837566293,9.555067006552157e-05,10748.006587273288,15219.551215564552,7620.306342327848,54.34835801610929
0.0010251953125,8.751953125e-09,460156250.0,7220703.125,0.00012205924575865235,0.0006420941186260068,0.000130222739735193,14744.316428079195,21188.257342363275,10258.455849009062,79.59761714488091
0.0010251953125,8.751953125e-09,460156250.0,49712890.625,8.973395215015064e-05,0.00045583858459108346,9.915630550947399e-05,11117.072593627601,15822.797770680656,7825.739434518432,41.21758043517218
0.0008931640625,2.7126953124999997e-08,100781250.0,31720703.125,8.588581954804544e-05,0.0003987770345938998,9.364326165673481e-05,10632.063285606284,12198.135707674548,9368.111606798013,48.2609420721338
0.0003751953125,2.7126953124999997e-08,100781250.0,31720703.125,6.906333832785999e-05,0.0003461883650925969,7.753047646365566e-05,8527.626189040047,9852.762127772623,7489.853866442317,161.3917134981526
0.0008931640625,3.3251953125e-08,100781250.0,31720703.125,8.673206091451022e-05,0.00040499425280198696,9.439952337223188e-05,10737.947783431437,12034.413742257977,9666.463068898252,47.17211949663589
0.0008931640625,2.7126953124999997e-08,260156250.0,31720703.125,9.451246055069303e-05,0.0005020985735853193,0.00010265651282765424,11615.086572019123,13294.259854684253,10176.976083309424,18.09172815077289
0.0008931640625,2.7126953124999997e-08,100781250.0,25212890.625,9.03141529288116e-05,0.00042103717479288896,9.748658362386597e-05,11124.145174129795,12765.614300934738,9789.800597030524,31.422875759871836
0.0008931640625,3.3251953125e-08,260156250.0,25212890.625,9.927292991796932e-05,0.0005271516618891933,0.00010684097450671294,12153.620433084448,13603.01655984455,10896.239117182306,14.688490370558004
0.0003751953125,2.7126953124999997e-08,260156250.0,25212890.625,7.967405647367254e-05,0.00045643125439785807,8.813345872565366e-05,9730.65366038436,11194.587104322114,8510.124732443885,81.78127994043138
0.0003751953125,3.3251953125e-08,100781250.0,25212890.625,7.391178476033967e-05,0.00037226549047724604,8.184814755136307e-05,9079.361250049895,10236.482867911065,8152.602079877511,124.31284001482621
0.0003751953125,3.3251953125e-08,260156250.0,31720703.125,7.712400667768502e-05,0.00044288599939220784,8.575588977447946e-05,9456.137653081627,10620.740923205532,8462.077210005875,98.5868486890325
0.0003751953125,3.3251953125e-08,260156250.0,25212890.625,8.06325479693196e-05,0.00046203128912402166,8.890894275441252e-05,9846.840317573618,11062.639537082418,8811.557516249732,78.06138461752401
